landlord,building_name,address,description,space_type,floor_suite,size_sqft,rent,contact_role,contact_name,contact_email,contact_phone,source_url,scraped_at
GFP Real Estate,1540 Broadway,1540 Broadway,"Rising 44 floors above Midtown Manhattan, 1540 Broadway offers 900,000 square feet of premium office space reimagined for today's businesses. A $150 million capital program has transformed the building from the ground up — delivering a redesigned lobby, new elevators, and a suite of hospitality-inspired amenities that draw on the warmth of luxury residential design, with natural materials, rich tones, and spaces purpose-built for collaboration and culture. Tenants benefit from light-filled, flexible floor plates alongside an on-site bar, fine dining, grab-and-go dining, and outdoor terrace space — an elevated work environment well beyond the typical Midtown offering. With Fortune 500 neighbors including NewsCorp, Salesforce, and Microsoft, and some of the city's best transit connections just steps away, 1540 Broadway positions businesses at the center of New York's commercial, cultural, and creative life.",Office,Floor 43,18475,Upon request,Asset / Leasing Manager,Allen J. Gurevich,agurevich@gfpre.com,(212) 609.7141,https://www.gfpre.com/properties/1540-broadway,2026-07-20T21:41:48+00:00
GFP Real Estate,1540 Broadway,1540 Broadway,"Rising 44 floors above Midtown Manhattan, 1540 Broadway offers 900,000 square feet of premium office space reimagined for today's businesses. A $150 million capital program has transformed the building from the ground up — delivering a redesigned lobby, new elevators, and a suite of hospitality-inspired amenities that draw on the warmth of luxury residential design, with natural materials, rich tones, and spaces purpose-built for collaboration and culture. Tenants benefit from light-filled, flexible floor plates alongside an on-site bar, fine dining, grab-and-go dining, and outdoor terrace space — an elevated work environment well beyond the typical Midtown offering. With Fortune 500 neighbors including NewsCorp, Salesforce, and Microsoft, and some of the city's best transit connections just steps away, 1540 Broadway positions businesses at the center of New York's commercial, cultural, and creative life.",Office,Floor 42,18476,Upon request,Asset / Leasing Manager,Allen J. Gurevich,agurevich@gfpre.com,(212) 609.7141,https://www.gfpre.com/properties/1540-broadway,2026-07-20T21:41:48+00:00
GFP Real Estate,1540 Broadway,1540 Broadway,"Rising 44 floors above Midtown Manhattan, 1540 Broadway offers 900,000 square feet of premium office space reimagined for today's businesses. A $150 million capital program has transformed the building from the ground up — delivering a redesigned lobby, new elevators, and a suite of hospitality-inspired amenities that draw on the warmth of luxury residential design, with natural materials, rich tones, and spaces purpose-built for collaboration and culture. Tenants benefit from light-filled, flexible floor plates alongside an on-site bar, fine dining, grab-and-go dining, and outdoor terrace space — an elevated work environment well beyond the typical Midtown offering. With Fortune 500 neighbors including NewsCorp, Salesforce, and Microsoft, and some of the city's best transit connections just steps away, 1540 Broadway positions businesses at the center of New York's commercial, cultural, and creative life.",Office,Floor 41,18476,Upon request,Asset / Leasing Manager,Allen J. Gurevich,agurevich@gfpre.com,(212) 609.7141,https://www.gfpre.com/properties/1540-broadway,2026-07-20T21:41:48+00:00
GFP Real Estate,1540 Broadway,1540 Broadway,"Rising 44 floors above Midtown Manhattan, 1540 Broadway offers 900,000 square feet of premium office space reimagined for today's businesses. A $150 million capital program has transformed the building from the ground up — delivering a redesigned lobby, new elevators, and a suite of hospitality-inspired amenities that draw on the warmth of luxury residential design, with natural materials, rich tones, and spaces purpose-built for collaboration and culture. Tenants benefit from light-filled, flexible floor plates alongside an on-site bar, fine dining, grab-and-go dining, and outdoor terrace space — an elevated work environment well beyond the typical Midtown offering. With Fortune 500 neighbors including NewsCorp, Salesforce, and Microsoft, and some of the city's best transit connections just steps away, 1540 Broadway positions businesses at the center of New York's commercial, cultural, and creative life.",Office,Floor 40,18595,Upon request,Asset / Leasing Manager,Allen J. Gurevich,agurevich@gfpre.com,(212) 609.7141,https://www.gfpre.com/properties/1540-broadway,2026-07-20T21:41:48+00:00
GFP Real Estate,1540 Broadway,1540 Broadway,"Rising 44 floors above Midtown Manhattan, 1540 Broadway offers 900,000 square feet of premium office space reimagined for today's businesses. A $150 million capital program has transformed the building from the ground up — delivering a redesigned lobby, new elevators, and a suite of hospitality-inspired amenities that draw on the warmth of luxury residential design, with natural materials, rich tones, and spaces purpose-built for collaboration and culture. Tenants benefit from light-filled, flexible floor plates alongside an on-site bar, fine dining, grab-and-go dining, and outdoor terrace space — an elevated work environment well beyond the typical Midtown offering. With Fortune 500 neighbors including NewsCorp, Salesforce, and Microsoft, and some of the city's best transit connections just steps away, 1540 Broadway positions businesses at the center of New York's commercial, cultural, and creative life.",Office,Floor 37,18638,Upon request,Asset / Leasing Manager,Allen J. Gurevich,agurevich@gfpre.com,(212) 609.7141,https://www.gfpre.com/properties/1540-broadway,2026-07-20T21:41:48+00:00
GFP Real Estate,1540 Broadway,1540 Broadway,"Rising 44 floors above Midtown Manhattan, 1540 Broadway offers 900,000 square feet of premium office space reimagined for today's businesses. A $150 million capital program has transformed the building from the ground up — delivering a redesigned lobby, new elevators, and a suite of hospitality-inspired amenities that draw on the warmth of luxury residential design, with natural materials, rich tones, and spaces purpose-built for collaboration and culture. Tenants benefit from light-filled, flexible floor plates alongside an on-site bar, fine dining, grab-and-go dining, and outdoor terrace space — an elevated work environment well beyond the typical Midtown offering. With Fortune 500 neighbors including NewsCorp, Salesforce, and Microsoft, and some of the city's best transit connections just steps away, 1540 Broadway positions businesses at the center of New York's commercial, cultural, and creative life.",Office,Floor 33,27936,Upon request,Asset / Leasing Manager,Allen J. Gurevich,agurevich@gfpre.com,(212) 609.7141,https://www.gfpre.com/properties/1540-broadway,2026-07-20T21:41:48+00:00
GFP Real Estate,1540 Broadway,1540 Broadway,"Rising 44 floors above Midtown Manhattan, 1540 Broadway offers 900,000 square feet of premium office space reimagined for today's businesses. A $150 million capital program has transformed the building from the ground up — delivering a redesigned lobby, new elevators, and a suite of hospitality-inspired amenities that draw on the warmth of luxury residential design, with natural materials, rich tones, and spaces purpose-built for collaboration and culture. Tenants benefit from light-filled, flexible floor plates alongside an on-site bar, fine dining, grab-and-go dining, and outdoor terrace space — an elevated work environment well beyond the typical Midtown offering. With Fortune 500 neighbors including NewsCorp, Salesforce, and Microsoft, and some of the city's best transit connections just steps away, 1540 Broadway positions businesses at the center of New York's commercial, cultural, and creative life.",Office,Floor 32,28002,Upon request,Asset / Leasing Manager,Allen J. Gurevich,agurevich@gfpre.com,(212) 609.7141,https://www.gfpre.com/properties/1540-broadway,2026-07-20T21:41:48+00:00
GFP Real Estate,1540 Broadway,1540 Broadway,"Rising 44 floors above Midtown Manhattan, 1540 Broadway offers 900,000 square feet of premium office space reimagined for today's businesses. A $150 million capital program has transformed the building from the ground up — delivering a redesigned lobby, new elevators, and a suite of hospitality-inspired amenities that draw on the warmth of luxury residential design, with natural materials, rich tones, and spaces purpose-built for collaboration and culture. Tenants benefit from light-filled, flexible floor plates alongside an on-site bar, fine dining, grab-and-go dining, and outdoor terrace space — an elevated work environment well beyond the typical Midtown offering. With Fortune 500 neighbors including NewsCorp, Salesforce, and Microsoft, and some of the city's best transit connections just steps away, 1540 Broadway positions businesses at the center of New York's commercial, cultural, and creative life.",Office,Floor 31,27939,Upon request,Asset / Leasing Manager,Allen J. Gurevich,agurevich@gfpre.com,(212) 609.7141,https://www.gfpre.com/properties/1540-broadway,2026-07-20T21:41:48+00:00
GFP Real Estate,1540 Broadway,1540 Broadway,"Rising 44 floors above Midtown Manhattan, 1540 Broadway offers 900,000 square feet of premium office space reimagined for today's businesses. A $150 million capital program has transformed the building from the ground up — delivering a redesigned lobby, new elevators, and a suite of hospitality-inspired amenities that draw on the warmth of luxury residential design, with natural materials, rich tones, and spaces purpose-built for collaboration and culture. Tenants benefit from light-filled, flexible floor plates alongside an on-site bar, fine dining, grab-and-go dining, and outdoor terrace space — an elevated work environment well beyond the typical Midtown offering. With Fortune 500 neighbors including NewsCorp, Salesforce, and Microsoft, and some of the city's best transit connections just steps away, 1540 Broadway positions businesses at the center of New York's commercial, cultural, and creative life.",Office,Floor 30,27939,Upon request,Asset / Leasing Manager,Allen J. Gurevich,agurevich@gfpre.com,(212) 609.7141,https://www.gfpre.com/properties/1540-broadway,2026-07-20T21:41:48+00:00
GFP Real Estate,1540 Broadway,1540 Broadway,"Rising 44 floors above Midtown Manhattan, 1540 Broadway offers 900,000 square feet of premium office space reimagined for today's businesses. A $150 million capital program has transformed the building from the ground up — delivering a redesigned lobby, new elevators, and a suite of hospitality-inspired amenities that draw on the warmth of luxury residential design, with natural materials, rich tones, and spaces purpose-built for collaboration and culture. Tenants benefit from light-filled, flexible floor plates alongside an on-site bar, fine dining, grab-and-go dining, and outdoor terrace space — an elevated work environment well beyond the typical Midtown offering. With Fortune 500 neighbors including NewsCorp, Salesforce, and Microsoft, and some of the city's best transit connections just steps away, 1540 Broadway positions businesses at the center of New York's commercial, cultural, and creative life.",Office,Floor 29,27938,Upon request,Asset / Leasing Manager,Allen J. Gurevich,agurevich@gfpre.com,(212) 609.7141,https://www.gfpre.com/properties/1540-broadway,2026-07-20T21:41:48+00:00
GFP Real Estate,1540 Broadway,1540 Broadway,"Rising 44 floors above Midtown Manhattan, 1540 Broadway offers 900,000 square feet of premium office space reimagined for today's businesses. A $150 million capital program has transformed the building from the ground up — delivering a redesigned lobby, new elevators, and a suite of hospitality-inspired amenities that draw on the warmth of luxury residential design, with natural materials, rich tones, and spaces purpose-built for collaboration and culture. Tenants benefit from light-filled, flexible floor plates alongside an on-site bar, fine dining, grab-and-go dining, and outdoor terrace space — an elevated work environment well beyond the typical Midtown offering. With Fortune 500 neighbors including NewsCorp, Salesforce, and Microsoft, and some of the city's best transit connections just steps away, 1540 Broadway positions businesses at the center of New York's commercial, cultural, and creative life.",Office,Floor 28,27938,Upon request,Asset / Leasing Manager,Allen J. Gurevich,agurevich@gfpre.com,(212) 609.7141,https://www.gfpre.com/properties/1540-broadway,2026-07-20T21:41:48+00:00
GFP Real Estate,1540 Broadway,1540 Broadway,"Rising 44 floors above Midtown Manhattan, 1540 Broadway offers 900,000 square feet of premium office space reimagined for today's businesses. A $150 million capital program has transformed the building from the ground up — delivering a redesigned lobby, new elevators, and a suite of hospitality-inspired amenities that draw on the warmth of luxury residential design, with natural materials, rich tones, and spaces purpose-built for collaboration and culture. Tenants benefit from light-filled, flexible floor plates alongside an on-site bar, fine dining, grab-and-go dining, and outdoor terrace space — an elevated work environment well beyond the typical Midtown offering. With Fortune 500 neighbors including NewsCorp, Salesforce, and Microsoft, and some of the city's best transit connections just steps away, 1540 Broadway positions businesses at the center of New York's commercial, cultural, and creative life.",Office,Floor 27,27938,Upon request,Asset / Leasing Manager,Allen J. Gurevich,agurevich@gfpre.com,(212) 609.7141,https://www.gfpre.com/properties/1540-broadway,2026-07-20T21:41:48+00:00
GFP Real Estate,1540 Broadway,1540 Broadway,"Rising 44 floors above Midtown Manhattan, 1540 Broadway offers 900,000 square feet of premium office space reimagined for today's businesses. A $150 million capital program has transformed the building from the ground up — delivering a redesigned lobby, new elevators, and a suite of hospitality-inspired amenities that draw on the warmth of luxury residential design, with natural materials, rich tones, and spaces purpose-built for collaboration and culture. Tenants benefit from light-filled, flexible floor plates alongside an on-site bar, fine dining, grab-and-go dining, and outdoor terrace space — an elevated work environment well beyond the typical Midtown offering. With Fortune 500 neighbors including NewsCorp, Salesforce, and Microsoft, and some of the city's best transit connections just steps away, 1540 Broadway positions businesses at the center of New York's commercial, cultural, and creative life.",Office,Floor 26,26942,Upon request,Asset / Leasing Manager,Allen J. Gurevich,agurevich@gfpre.com,(212) 609.7141,https://www.gfpre.com/properties/1540-broadway,2026-07-20T21:41:48+00:00
GFP Real Estate,1540 Broadway,1540 Broadway,"Rising 44 floors above Midtown Manhattan, 1540 Broadway offers 900,000 square feet of premium office space reimagined for today's businesses. A $150 million capital program has transformed the building from the ground up — delivering a redesigned lobby, new elevators, and a suite of hospitality-inspired amenities that draw on the warmth of luxury residential design, with natural materials, rich tones, and spaces purpose-built for collaboration and culture. Tenants benefit from light-filled, flexible floor plates alongside an on-site bar, fine dining, grab-and-go dining, and outdoor terrace space — an elevated work environment well beyond the typical Midtown offering. With Fortune 500 neighbors including NewsCorp, Salesforce, and Microsoft, and some of the city's best transit connections just steps away, 1540 Broadway positions businesses at the center of New York's commercial, cultural, and creative life.",Office,Floor 14,27249,Upon request,Asset / Leasing Manager,Allen J. Gurevich,agurevich@gfpre.com,(212) 609.7141,https://www.gfpre.com/properties/1540-broadway,2026-07-20T21:41:48+00:00
GFP Real Estate,1540 Broadway,1540 Broadway,"Rising 44 floors above Midtown Manhattan, 1540 Broadway offers 900,000 square feet of premium office space reimagined for today's businesses. A $150 million capital program has transformed the building from the ground up — delivering a redesigned lobby, new elevators, and a suite of hospitality-inspired amenities that draw on the warmth of luxury residential design, with natural materials, rich tones, and spaces purpose-built for collaboration and culture. Tenants benefit from light-filled, flexible floor plates alongside an on-site bar, fine dining, grab-and-go dining, and outdoor terrace space — an elevated work environment well beyond the typical Midtown offering. With Fortune 500 neighbors including NewsCorp, Salesforce, and Microsoft, and some of the city's best transit connections just steps away, 1540 Broadway positions businesses at the center of New York's commercial, cultural, and creative life.",Office,Floor 12,27249,Upon request,Asset / Leasing Manager,Allen J. Gurevich,agurevich@gfpre.com,(212) 609.7141,https://www.gfpre.com/properties/1540-broadway,2026-07-20T21:41:48+00:00
GFP Real Estate,1540 Broadway,1540 Broadway,"Rising 44 floors above Midtown Manhattan, 1540 Broadway offers 900,000 square feet of premium office space reimagined for today's businesses. A $150 million capital program has transformed the building from the ground up — delivering a redesigned lobby, new elevators, and a suite of hospitality-inspired amenities that draw on the warmth of luxury residential design, with natural materials, rich tones, and spaces purpose-built for collaboration and culture. Tenants benefit from light-filled, flexible floor plates alongside an on-site bar, fine dining, grab-and-go dining, and outdoor terrace space — an elevated work environment well beyond the typical Midtown offering. With Fortune 500 neighbors including NewsCorp, Salesforce, and Microsoft, and some of the city's best transit connections just steps away, 1540 Broadway positions businesses at the center of New York's commercial, cultural, and creative life.",Office,Floor 11,27266,Upon request,Asset / Leasing Manager,Allen J. Gurevich,agurevich@gfpre.com,(212) 609.7141,https://www.gfpre.com/properties/1540-broadway,2026-07-20T21:41:48+00:00
GFP Real Estate,1540 Broadway,1540 Broadway,"Rising 44 floors above Midtown Manhattan, 1540 Broadway offers 900,000 square feet of premium office space reimagined for today's businesses. A $150 million capital program has transformed the building from the ground up — delivering a redesigned lobby, new elevators, and a suite of hospitality-inspired amenities that draw on the warmth of luxury residential design, with natural materials, rich tones, and spaces purpose-built for collaboration and culture. Tenants benefit from light-filled, flexible floor plates alongside an on-site bar, fine dining, grab-and-go dining, and outdoor terrace space — an elevated work environment well beyond the typical Midtown offering. With Fortune 500 neighbors including NewsCorp, Salesforce, and Microsoft, and some of the city's best transit connections just steps away, 1540 Broadway positions businesses at the center of New York's commercial, cultural, and creative life.",Office,Floor 9,26583,Upon request,Asset / Leasing Manager,Allen J. Gurevich,agurevich@gfpre.com,(212) 609.7141,https://www.gfpre.com/properties/1540-broadway,2026-07-20T21:41:48+00:00
GFP Real Estate,505 Eighth Avenue,505 Eighth Avenue,"505 Eighth Avenue, originally known as the Hoover Building, was built in 1926 by the architect Chester James Storm. At 25 stories high and 292,000 square feet, the building features a modernized lobby that is attended 24/7 and offers keycard access for convenient and secure access at all hours of the day. On the ground floor of the building, one can dine or grab drinks at the Tailor Public House & Kitchen or at one of the various different eateries and lounges the area has to offer. Situated on the Northwest corner of Eighth Avenue and 35th Street, 505 is located only one block away from one of Manhattan's major transportation hubs, Penn Station, with links to the A, C, E, 1, 2, 3 subway lines, NJ Transit Trains, LIRR, and the Amtrak regional train. Additionally, only a few blocks away are links to the B, D, F, M, N, Q, R, W subway lines which compliment the already easy commute to and from the building.",Office,P 21st Floor - 2100,4102,$40.00 PSF,Asset / Leasing Manager,Allen J. Gurevich,agurevich@gfpre.com,(212) 609.7141,https://www.gfpre.com/properties/505-eighth-avenue,2026-07-20T21:41:50+00:00
GFP Real Estate,505 Eighth Avenue,505 Eighth Avenue,"505 Eighth Avenue, originally known as the Hoover Building, was built in 1926 by the architect Chester James Storm. At 25 stories high and 292,000 square feet, the building features a modernized lobby that is attended 24/7 and offers keycard access for convenient and secure access at all hours of the day. On the ground floor of the building, one can dine or grab drinks at the Tailor Public House & Kitchen or at one of the various different eateries and lounges the area has to offer. Situated on the Northwest corner of Eighth Avenue and 35th Street, 505 is located only one block away from one of Manhattan's major transportation hubs, Penn Station, with links to the A, C, E, 1, 2, 3 subway lines, NJ Transit Trains, LIRR, and the Amtrak regional train. Additionally, only a few blocks away are links to the B, D, F, M, N, Q, R, W subway lines which compliment the already easy commute to and from the building.",Office,P 13th Floor - 12A-03,2250,$39.00 PSF,Asset / Leasing Manager,Allen J. Gurevich,agurevich@gfpre.com,(212) 609.7141,https://www.gfpre.com/properties/505-eighth-avenue,2026-07-20T21:41:50+00:00
GFP Real Estate,505 Eighth Avenue,505 Eighth Avenue,"505 Eighth Avenue, originally known as the Hoover Building, was built in 1926 by the architect Chester James Storm. At 25 stories high and 292,000 square feet, the building features a modernized lobby that is attended 24/7 and offers keycard access for convenient and secure access at all hours of the day. On the ground floor of the building, one can dine or grab drinks at the Tailor Public House & Kitchen or at one of the various different eateries and lounges the area has to offer. Situated on the Northwest corner of Eighth Avenue and 35th Street, 505 is located only one block away from one of Manhattan's major transportation hubs, Penn Station, with links to the A, C, E, 1, 2, 3 subway lines, NJ Transit Trains, LIRR, and the Amtrak regional train. Additionally, only a few blocks away are links to the B, D, F, M, N, Q, R, W subway lines which compliment the already easy commute to and from the building.",Office,P 13th Floor - 12A-02,750,$39.00 PSF,Asset / Leasing Manager,Allen J. Gurevich,agurevich@gfpre.com,(212) 609.7141,https://www.gfpre.com/properties/505-eighth-avenue,2026-07-20T21:41:50+00:00
GFP Real Estate,505 Eighth Avenue,505 Eighth Avenue,"505 Eighth Avenue, originally known as the Hoover Building, was built in 1926 by the architect Chester James Storm. At 25 stories high and 292,000 square feet, the building features a modernized lobby that is attended 24/7 and offers keycard access for convenient and secure access at all hours of the day. On the ground floor of the building, one can dine or grab drinks at the Tailor Public House & Kitchen or at one of the various different eateries and lounges the area has to offer. Situated on the Northwest corner of Eighth Avenue and 35th Street, 505 is located only one block away from one of Manhattan's major transportation hubs, Penn Station, with links to the A, C, E, 1, 2, 3 subway lines, NJ Transit Trains, LIRR, and the Amtrak regional train. Additionally, only a few blocks away are links to the B, D, F, M, N, Q, R, W subway lines which compliment the already easy commute to and from the building.",Office,P 8th Floor - 805,1477,$39.00 PSF,Asset / Leasing Manager,Allen J. Gurevich,agurevich@gfpre.com,(212) 609.7141,https://www.gfpre.com/properties/505-eighth-avenue,2026-07-20T21:41:50+00:00
GFP Real Estate,505 Eighth Avenue,505 Eighth Avenue,"505 Eighth Avenue, originally known as the Hoover Building, was built in 1926 by the architect Chester James Storm. At 25 stories high and 292,000 square feet, the building features a modernized lobby that is attended 24/7 and offers keycard access for convenient and secure access at all hours of the day. On the ground floor of the building, one can dine or grab drinks at the Tailor Public House & Kitchen or at one of the various different eateries and lounges the area has to offer. Situated on the Northwest corner of Eighth Avenue and 35th Street, 505 is located only one block away from one of Manhattan's major transportation hubs, Penn Station, with links to the A, C, E, 1, 2, 3 subway lines, NJ Transit Trains, LIRR, and the Amtrak regional train. Additionally, only a few blocks away are links to the B, D, F, M, N, Q, R, W subway lines which compliment the already easy commute to and from the building.",Office,P 12th Floor - 1202,1600,$40.00 PSF,Asset / Leasing Manager,Allen J. Gurevich,agurevich@gfpre.com,(212) 609.7141,https://www.gfpre.com/properties/505-eighth-avenue,2026-07-20T21:41:50+00:00
GFP Real Estate,505 Eighth Avenue,505 Eighth Avenue,"505 Eighth Avenue, originally known as the Hoover Building, was built in 1926 by the architect Chester James Storm. At 25 stories high and 292,000 square feet, the building features a modernized lobby that is attended 24/7 and offers keycard access for convenient and secure access at all hours of the day. On the ground floor of the building, one can dine or grab drinks at the Tailor Public House & Kitchen or at one of the various different eateries and lounges the area has to offer. Situated on the Northwest corner of Eighth Avenue and 35th Street, 505 is located only one block away from one of Manhattan's major transportation hubs, Penn Station, with links to the A, C, E, 1, 2, 3 subway lines, NJ Transit Trains, LIRR, and the Amtrak regional train. Additionally, only a few blocks away are links to the B, D, F, M, N, Q, R, W subway lines which compliment the already easy commute to and from the building.",Office,P 11th Floor - 1101,2500,$39.00 PSF,Asset / Leasing Manager,Allen J. Gurevich,agurevich@gfpre.com,(212) 609.7141,https://www.gfpre.com/properties/505-eighth-avenue,2026-07-20T21:41:50+00:00
GFP Real Estate,505 Eighth Avenue,505 Eighth Avenue,"505 Eighth Avenue, originally known as the Hoover Building, was built in 1926 by the architect Chester James Storm. At 25 stories high and 292,000 square feet, the building features a modernized lobby that is attended 24/7 and offers keycard access for convenient and secure access at all hours of the day. On the ground floor of the building, one can dine or grab drinks at the Tailor Public House & Kitchen or at one of the various different eateries and lounges the area has to offer. Situated on the Northwest corner of Eighth Avenue and 35th Street, 505 is located only one block away from one of Manhattan's major transportation hubs, Penn Station, with links to the A, C, E, 1, 2, 3 subway lines, NJ Transit Trains, LIRR, and the Amtrak regional train. Additionally, only a few blocks away are links to the B, D, F, M, N, Q, R, W subway lines which compliment the already easy commute to and from the building.",Office,P 10th Floor - 1003,5009,$39.00 PSF,Asset / Leasing Manager,Allen J. Gurevich,agurevich@gfpre.com,(212) 609.7141,https://www.gfpre.com/properties/505-eighth-avenue,2026-07-20T21:41:50+00:00
GFP Real Estate,505 Eighth Avenue,505 Eighth Avenue,"505 Eighth Avenue, originally known as the Hoover Building, was built in 1926 by the architect Chester James Storm. At 25 stories high and 292,000 square feet, the building features a modernized lobby that is attended 24/7 and offers keycard access for convenient and secure access at all hours of the day. On the ground floor of the building, one can dine or grab drinks at the Tailor Public House & Kitchen or at one of the various different eateries and lounges the area has to offer. Situated on the Northwest corner of Eighth Avenue and 35th Street, 505 is located only one block away from one of Manhattan's major transportation hubs, Penn Station, with links to the A, C, E, 1, 2, 3 subway lines, NJ Transit Trains, LIRR, and the Amtrak regional train. Additionally, only a few blocks away are links to the B, D, F, M, N, Q, R, W subway lines which compliment the already easy commute to and from the building.",Office,P 21st Floor - 2101,5350,$40.00 PSF,Asset / Leasing Manager,Allen J. Gurevich,agurevich@gfpre.com,(212) 609.7141,https://www.gfpre.com/properties/505-eighth-avenue,2026-07-20T21:41:50+00:00
GFP Real Estate,505 Eighth Avenue,505 Eighth Avenue,"505 Eighth Avenue, originally known as the Hoover Building, was built in 1926 by the architect Chester James Storm. At 25 stories high and 292,000 square feet, the building features a modernized lobby that is attended 24/7 and offers keycard access for convenient and secure access at all hours of the day. On the ground floor of the building, one can dine or grab drinks at the Tailor Public House & Kitchen or at one of the various different eateries and lounges the area has to offer. Situated on the Northwest corner of Eighth Avenue and 35th Street, 505 is located only one block away from one of Manhattan's major transportation hubs, Penn Station, with links to the A, C, E, 1, 2, 3 subway lines, NJ Transit Trains, LIRR, and the Amtrak regional train. Additionally, only a few blocks away are links to the B, D, F, M, N, Q, R, W subway lines which compliment the already easy commute to and from the building.",Office,P 17th Floor - 1700,6025,$40.00 PSF,Asset / Leasing Manager,Allen J. Gurevich,agurevich@gfpre.com,(212) 609.7141,https://www.gfpre.com/properties/505-eighth-avenue,2026-07-20T21:41:50+00:00
GFP Real Estate,505 Eighth Avenue,505 Eighth Avenue,"505 Eighth Avenue, originally known as the Hoover Building, was built in 1926 by the architect Chester James Storm. At 25 stories high and 292,000 square feet, the building features a modernized lobby that is attended 24/7 and offers keycard access for convenient and secure access at all hours of the day. On the ground floor of the building, one can dine or grab drinks at the Tailor Public House & Kitchen or at one of the various different eateries and lounges the area has to offer. Situated on the Northwest corner of Eighth Avenue and 35th Street, 505 is located only one block away from one of Manhattan's major transportation hubs, Penn Station, with links to the A, C, E, 1, 2, 3 subway lines, NJ Transit Trains, LIRR, and the Amtrak regional train. Additionally, only a few blocks away are links to the B, D, F, M, N, Q, R, W subway lines which compliment the already easy commute to and from the building.",Office,P 6th Floor - 604,1950,$39.00 PSF,Asset / Leasing Manager,Allen J. Gurevich,agurevich@gfpre.com,(212) 609.7141,https://www.gfpre.com/properties/505-eighth-avenue,2026-07-20T21:41:50+00:00
GFP Real Estate,505 Eighth Avenue,505 Eighth Avenue,"505 Eighth Avenue, originally known as the Hoover Building, was built in 1926 by the architect Chester James Storm. At 25 stories high and 292,000 square feet, the building features a modernized lobby that is attended 24/7 and offers keycard access for convenient and secure access at all hours of the day. On the ground floor of the building, one can dine or grab drinks at the Tailor Public House & Kitchen or at one of the various different eateries and lounges the area has to offer. Situated on the Northwest corner of Eighth Avenue and 35th Street, 505 is located only one block away from one of Manhattan's major transportation hubs, Penn Station, with links to the A, C, E, 1, 2, 3 subway lines, NJ Transit Trains, LIRR, and the Amtrak regional train. Additionally, only a few blocks away are links to the B, D, F, M, N, Q, R, W subway lines which compliment the already easy commute to and from the building.",Office,P 10th Floor - 1000,3200,$40.00 PSF,Asset / Leasing Manager,Allen J. Gurevich,agurevich@gfpre.com,(212) 609.7141,https://www.gfpre.com/properties/505-eighth-avenue,2026-07-20T21:41:50+00:00
GFP Real Estate,1560 Broadway - Actors’ Equity Building,1560 Broadway - Actors’ Equity Building,"1560 Broadway was built in 1925 and designed by the Bethlehem Engineering Corporation. It is a historic, 17-story building located in the heart of Times Square. Home to Actors’ Equity, 1560 Broadway underwent major redevelopment in 2014 and was connected to the neighboring landmarked I. Miller Building by architects Rosen Johnson. The ambitious project included the addition of a monumental new office entrance, a 100-foot-long fourth floor sky lobby served by shuttle elevators and providing direct dispatch elevators to the top floors, and the opening up of four contiguous floors of prime Times Square retail space, created by moving the original office entrance, to deliver significant street presence. Positioned at the center of the Theater District, 1560 Broadway is a landmark of commerce that now takes an even more prominent place in this always vibrant location, drawing people to world-renowned shows, major retailers and a multitude of eateries. Numerous subway lines at nearby 42nd St-Times Square, Rockefeller Center, 49th Street and Port Authority provide fast transportation links with all areas of Manhattan and beyond. Times Square Office Space New York The district surrounding the world’s most famous square is also the world’s most visited place and home to the city’s Broadway Theater District plus a host of global corporations. Filled with towers that climb high into the sky and are lit to take any visitor’s breath away, the district is what many think of when they think of Manhattan. The Square, named after the original New York Times Building on 42nd Street, is in fact two triangles formed at the intersection of Seventh Avenue and Broadway, stretching from 42nd Street to 47th Street. The building is a globally-recognized advertising location and site of the much-watched New Year’s Eve ball drop. Times Square is also a center of entertainment, including Times Square Studios where Good Morning America is produced, and MTV Studios, part of One Astor Plaza, also home to the Viacom headquarters and the Minskoff Theater. Corporate neighbors include Morgan Stanley, Ernst & Young and the New York Times. The area is filled with familiar chain restaurants and large-scale eateries, most popular being Carmine’s for family-style Italian and Churrascaria Plataforma for large groups after a taste of Brazil. However on side streets, smaller old-world icons and independent restaurants cater to the theater and after-work crowd, including Sardi’s on West 44th Street, the elegant Lantern’s Keep at The Iroquois Hotel and the hidden-away Bar Centrale above Joe Allen where you’re likely to spot a stage star. The area is served by the vast Times Square – 42nd Street transportation hub and offers service on 1, 2, 3, 7, A, C, E, N, Q, R, W and S trains, as well as access to interstate bus services at Port Authority Bus Terminal.",Office,P 7th Floor - 705,1485,Upon Request,Asset / Leasing Manager,Alan Steinberg,asteinberg@gfpre.com,(212) 560.3955,https://www.gfpre.com/properties/1560-broadway,2026-07-20T21:41:53+00:00
GFP Real Estate,1560 Broadway - Actors’ Equity Building,1560 Broadway - Actors’ Equity Building,"1560 Broadway was built in 1925 and designed by the Bethlehem Engineering Corporation. It is a historic, 17-story building located in the heart of Times Square. Home to Actors’ Equity, 1560 Broadway underwent major redevelopment in 2014 and was connected to the neighboring landmarked I. Miller Building by architects Rosen Johnson. The ambitious project included the addition of a monumental new office entrance, a 100-foot-long fourth floor sky lobby served by shuttle elevators and providing direct dispatch elevators to the top floors, and the opening up of four contiguous floors of prime Times Square retail space, created by moving the original office entrance, to deliver significant street presence. Positioned at the center of the Theater District, 1560 Broadway is a landmark of commerce that now takes an even more prominent place in this always vibrant location, drawing people to world-renowned shows, major retailers and a multitude of eateries. Numerous subway lines at nearby 42nd St-Times Square, Rockefeller Center, 49th Street and Port Authority provide fast transportation links with all areas of Manhattan and beyond. Times Square Office Space New York The district surrounding the world’s most famous square is also the world’s most visited place and home to the city’s Broadway Theater District plus a host of global corporations. Filled with towers that climb high into the sky and are lit to take any visitor’s breath away, the district is what many think of when they think of Manhattan. The Square, named after the original New York Times Building on 42nd Street, is in fact two triangles formed at the intersection of Seventh Avenue and Broadway, stretching from 42nd Street to 47th Street. The building is a globally-recognized advertising location and site of the much-watched New Year’s Eve ball drop. Times Square is also a center of entertainment, including Times Square Studios where Good Morning America is produced, and MTV Studios, part of One Astor Plaza, also home to the Viacom headquarters and the Minskoff Theater. Corporate neighbors include Morgan Stanley, Ernst & Young and the New York Times. The area is filled with familiar chain restaurants and large-scale eateries, most popular being Carmine’s for family-style Italian and Churrascaria Plataforma for large groups after a taste of Brazil. However on side streets, smaller old-world icons and independent restaurants cater to the theater and after-work crowd, including Sardi’s on West 44th Street, the elegant Lantern’s Keep at The Iroquois Hotel and the hidden-away Bar Centrale above Joe Allen where you’re likely to spot a stage star. The area is served by the vast Times Square – 42nd Street transportation hub and offers service on 1, 2, 3, 7, A, C, E, N, Q, R, W and S trains, as well as access to interstate bus services at Port Authority Bus Terminal.",Office,P 10th Floor - 1007,1202,Upon Request,Asset / Leasing Manager,Alan Steinberg,asteinberg@gfpre.com,(212) 560.3955,https://www.gfpre.com/properties/1560-broadway,2026-07-20T21:41:53+00:00
GFP Real Estate,1560 Broadway - Actors’ Equity Building,1560 Broadway - Actors’ Equity Building,"1560 Broadway was built in 1925 and designed by the Bethlehem Engineering Corporation. It is a historic, 17-story building located in the heart of Times Square. Home to Actors’ Equity, 1560 Broadway underwent major redevelopment in 2014 and was connected to the neighboring landmarked I. Miller Building by architects Rosen Johnson. The ambitious project included the addition of a monumental new office entrance, a 100-foot-long fourth floor sky lobby served by shuttle elevators and providing direct dispatch elevators to the top floors, and the opening up of four contiguous floors of prime Times Square retail space, created by moving the original office entrance, to deliver significant street presence. Positioned at the center of the Theater District, 1560 Broadway is a landmark of commerce that now takes an even more prominent place in this always vibrant location, drawing people to world-renowned shows, major retailers and a multitude of eateries. Numerous subway lines at nearby 42nd St-Times Square, Rockefeller Center, 49th Street and Port Authority provide fast transportation links with all areas of Manhattan and beyond. Times Square Office Space New York The district surrounding the world’s most famous square is also the world’s most visited place and home to the city’s Broadway Theater District plus a host of global corporations. Filled with towers that climb high into the sky and are lit to take any visitor’s breath away, the district is what many think of when they think of Manhattan. The Square, named after the original New York Times Building on 42nd Street, is in fact two triangles formed at the intersection of Seventh Avenue and Broadway, stretching from 42nd Street to 47th Street. The building is a globally-recognized advertising location and site of the much-watched New Year’s Eve ball drop. Times Square is also a center of entertainment, including Times Square Studios where Good Morning America is produced, and MTV Studios, part of One Astor Plaza, also home to the Viacom headquarters and the Minskoff Theater. Corporate neighbors include Morgan Stanley, Ernst & Young and the New York Times. The area is filled with familiar chain restaurants and large-scale eateries, most popular being Carmine’s for family-style Italian and Churrascaria Plataforma for large groups after a taste of Brazil. However on side streets, smaller old-world icons and independent restaurants cater to the theater and after-work crowd, including Sardi’s on West 44th Street, the elegant Lantern’s Keep at The Iroquois Hotel and the hidden-away Bar Centrale above Joe Allen where you’re likely to spot a stage star. The area is served by the vast Times Square – 42nd Street transportation hub and offers service on 1, 2, 3, 7, A, C, E, N, Q, R, W and S trains, as well as access to interstate bus services at Port Authority Bus Terminal.",Office,P 9th Floor - 914,3735,Upon Request,Asset / Leasing Manager,Alan Steinberg,asteinberg@gfpre.com,(212) 560.3955,https://www.gfpre.com/properties/1560-broadway,2026-07-20T21:41:53+00:00
GFP Real Estate,1560 Broadway - Actors’ Equity Building,1560 Broadway - Actors’ Equity Building,"1560 Broadway was built in 1925 and designed by the Bethlehem Engineering Corporation. It is a historic, 17-story building located in the heart of Times Square. Home to Actors’ Equity, 1560 Broadway underwent major redevelopment in 2014 and was connected to the neighboring landmarked I. Miller Building by architects Rosen Johnson. The ambitious project included the addition of a monumental new office entrance, a 100-foot-long fourth floor sky lobby served by shuttle elevators and providing direct dispatch elevators to the top floors, and the opening up of four contiguous floors of prime Times Square retail space, created by moving the original office entrance, to deliver significant street presence. Positioned at the center of the Theater District, 1560 Broadway is a landmark of commerce that now takes an even more prominent place in this always vibrant location, drawing people to world-renowned shows, major retailers and a multitude of eateries. Numerous subway lines at nearby 42nd St-Times Square, Rockefeller Center, 49th Street and Port Authority provide fast transportation links with all areas of Manhattan and beyond. Times Square Office Space New York The district surrounding the world’s most famous square is also the world’s most visited place and home to the city’s Broadway Theater District plus a host of global corporations. Filled with towers that climb high into the sky and are lit to take any visitor’s breath away, the district is what many think of when they think of Manhattan. The Square, named after the original New York Times Building on 42nd Street, is in fact two triangles formed at the intersection of Seventh Avenue and Broadway, stretching from 42nd Street to 47th Street. The building is a globally-recognized advertising location and site of the much-watched New Year’s Eve ball drop. Times Square is also a center of entertainment, including Times Square Studios where Good Morning America is produced, and MTV Studios, part of One Astor Plaza, also home to the Viacom headquarters and the Minskoff Theater. Corporate neighbors include Morgan Stanley, Ernst & Young and the New York Times. The area is filled with familiar chain restaurants and large-scale eateries, most popular being Carmine’s for family-style Italian and Churrascaria Plataforma for large groups after a taste of Brazil. However on side streets, smaller old-world icons and independent restaurants cater to the theater and after-work crowd, including Sardi’s on West 44th Street, the elegant Lantern’s Keep at The Iroquois Hotel and the hidden-away Bar Centrale above Joe Allen where you’re likely to spot a stage star. The area is served by the vast Times Square – 42nd Street transportation hub and offers service on 1, 2, 3, 7, A, C, E, N, Q, R, W and S trains, as well as access to interstate bus services at Port Authority Bus Terminal.",Office,P 6th Floor - 615,2007,Upon Request,Asset / Leasing Manager,Alan Steinberg,asteinberg@gfpre.com,(212) 560.3955,https://www.gfpre.com/properties/1560-broadway,2026-07-20T21:41:53+00:00
GFP Real Estate,1560 Broadway - Actors’ Equity Building,1560 Broadway - Actors’ Equity Building,"1560 Broadway was built in 1925 and designed by the Bethlehem Engineering Corporation. It is a historic, 17-story building located in the heart of Times Square. Home to Actors’ Equity, 1560 Broadway underwent major redevelopment in 2014 and was connected to the neighboring landmarked I. Miller Building by architects Rosen Johnson. The ambitious project included the addition of a monumental new office entrance, a 100-foot-long fourth floor sky lobby served by shuttle elevators and providing direct dispatch elevators to the top floors, and the opening up of four contiguous floors of prime Times Square retail space, created by moving the original office entrance, to deliver significant street presence. Positioned at the center of the Theater District, 1560 Broadway is a landmark of commerce that now takes an even more prominent place in this always vibrant location, drawing people to world-renowned shows, major retailers and a multitude of eateries. Numerous subway lines at nearby 42nd St-Times Square, Rockefeller Center, 49th Street and Port Authority provide fast transportation links with all areas of Manhattan and beyond. Times Square Office Space New York The district surrounding the world’s most famous square is also the world’s most visited place and home to the city’s Broadway Theater District plus a host of global corporations. Filled with towers that climb high into the sky and are lit to take any visitor’s breath away, the district is what many think of when they think of Manhattan. The Square, named after the original New York Times Building on 42nd Street, is in fact two triangles formed at the intersection of Seventh Avenue and Broadway, stretching from 42nd Street to 47th Street. The building is a globally-recognized advertising location and site of the much-watched New Year’s Eve ball drop. Times Square is also a center of entertainment, including Times Square Studios where Good Morning America is produced, and MTV Studios, part of One Astor Plaza, also home to the Viacom headquarters and the Minskoff Theater. Corporate neighbors include Morgan Stanley, Ernst & Young and the New York Times. The area is filled with familiar chain restaurants and large-scale eateries, most popular being Carmine’s for family-style Italian and Churrascaria Plataforma for large groups after a taste of Brazil. However on side streets, smaller old-world icons and independent restaurants cater to the theater and after-work crowd, including Sardi’s on West 44th Street, the elegant Lantern’s Keep at The Iroquois Hotel and the hidden-away Bar Centrale above Joe Allen where you’re likely to spot a stage star. The area is served by the vast Times Square – 42nd Street transportation hub and offers service on 1, 2, 3, 7, A, C, E, N, Q, R, W and S trains, as well as access to interstate bus services at Port Authority Bus Terminal.",Office,P 10th Floor - 1006,1257,Upon Request,Asset / Leasing Manager,Alan Steinberg,asteinberg@gfpre.com,(212) 560.3955,https://www.gfpre.com/properties/1560-broadway,2026-07-20T21:41:53+00:00
GFP Real Estate,1560 Broadway - Actors’ Equity Building,1560 Broadway - Actors’ Equity Building,"1560 Broadway was built in 1925 and designed by the Bethlehem Engineering Corporation. It is a historic, 17-story building located in the heart of Times Square. Home to Actors’ Equity, 1560 Broadway underwent major redevelopment in 2014 and was connected to the neighboring landmarked I. Miller Building by architects Rosen Johnson. The ambitious project included the addition of a monumental new office entrance, a 100-foot-long fourth floor sky lobby served by shuttle elevators and providing direct dispatch elevators to the top floors, and the opening up of four contiguous floors of prime Times Square retail space, created by moving the original office entrance, to deliver significant street presence. Positioned at the center of the Theater District, 1560 Broadway is a landmark of commerce that now takes an even more prominent place in this always vibrant location, drawing people to world-renowned shows, major retailers and a multitude of eateries. Numerous subway lines at nearby 42nd St-Times Square, Rockefeller Center, 49th Street and Port Authority provide fast transportation links with all areas of Manhattan and beyond. Times Square Office Space New York The district surrounding the world’s most famous square is also the world’s most visited place and home to the city’s Broadway Theater District plus a host of global corporations. Filled with towers that climb high into the sky and are lit to take any visitor’s breath away, the district is what many think of when they think of Manhattan. The Square, named after the original New York Times Building on 42nd Street, is in fact two triangles formed at the intersection of Seventh Avenue and Broadway, stretching from 42nd Street to 47th Street. The building is a globally-recognized advertising location and site of the much-watched New Year’s Eve ball drop. Times Square is also a center of entertainment, including Times Square Studios where Good Morning America is produced, and MTV Studios, part of One Astor Plaza, also home to the Viacom headquarters and the Minskoff Theater. Corporate neighbors include Morgan Stanley, Ernst & Young and the New York Times. The area is filled with familiar chain restaurants and large-scale eateries, most popular being Carmine’s for family-style Italian and Churrascaria Plataforma for large groups after a taste of Brazil. However on side streets, smaller old-world icons and independent restaurants cater to the theater and after-work crowd, including Sardi’s on West 44th Street, the elegant Lantern’s Keep at The Iroquois Hotel and the hidden-away Bar Centrale above Joe Allen where you’re likely to spot a stage star. The area is served by the vast Times Square – 42nd Street transportation hub and offers service on 1, 2, 3, 7, A, C, E, N, Q, R, W and S trains, as well as access to interstate bus services at Port Authority Bus Terminal.",Office,P 7th Floor - 706,480,Upon Request,Asset / Leasing Manager,Alan Steinberg,asteinberg@gfpre.com,(212) 560.3955,https://www.gfpre.com/properties/1560-broadway,2026-07-20T21:41:53+00:00
GFP Real Estate,1560 Broadway - Actors’ Equity Building,1560 Broadway - Actors’ Equity Building,"1560 Broadway was built in 1925 and designed by the Bethlehem Engineering Corporation. It is a historic, 17-story building located in the heart of Times Square. Home to Actors’ Equity, 1560 Broadway underwent major redevelopment in 2014 and was connected to the neighboring landmarked I. Miller Building by architects Rosen Johnson. The ambitious project included the addition of a monumental new office entrance, a 100-foot-long fourth floor sky lobby served by shuttle elevators and providing direct dispatch elevators to the top floors, and the opening up of four contiguous floors of prime Times Square retail space, created by moving the original office entrance, to deliver significant street presence. Positioned at the center of the Theater District, 1560 Broadway is a landmark of commerce that now takes an even more prominent place in this always vibrant location, drawing people to world-renowned shows, major retailers and a multitude of eateries. Numerous subway lines at nearby 42nd St-Times Square, Rockefeller Center, 49th Street and Port Authority provide fast transportation links with all areas of Manhattan and beyond. Times Square Office Space New York The district surrounding the world’s most famous square is also the world’s most visited place and home to the city’s Broadway Theater District plus a host of global corporations. Filled with towers that climb high into the sky and are lit to take any visitor’s breath away, the district is what many think of when they think of Manhattan. The Square, named after the original New York Times Building on 42nd Street, is in fact two triangles formed at the intersection of Seventh Avenue and Broadway, stretching from 42nd Street to 47th Street. The building is a globally-recognized advertising location and site of the much-watched New Year’s Eve ball drop. Times Square is also a center of entertainment, including Times Square Studios where Good Morning America is produced, and MTV Studios, part of One Astor Plaza, also home to the Viacom headquarters and the Minskoff Theater. Corporate neighbors include Morgan Stanley, Ernst & Young and the New York Times. The area is filled with familiar chain restaurants and large-scale eateries, most popular being Carmine’s for family-style Italian and Churrascaria Plataforma for large groups after a taste of Brazil. However on side streets, smaller old-world icons and independent restaurants cater to the theater and after-work crowd, including Sardi’s on West 44th Street, the elegant Lantern’s Keep at The Iroquois Hotel and the hidden-away Bar Centrale above Joe Allen where you’re likely to spot a stage star. The area is served by the vast Times Square – 42nd Street transportation hub and offers service on 1, 2, 3, 7, A, C, E, N, Q, R, W and S trains, as well as access to interstate bus services at Port Authority Bus Terminal.",Office,P 6th Floor - 610,1000,Upon Request,Asset / Leasing Manager,Alan Steinberg,asteinberg@gfpre.com,(212) 560.3955,https://www.gfpre.com/properties/1560-broadway,2026-07-20T21:41:53+00:00
GFP Real Estate,"45-18 Court Square, Long Island City","45-18 Court Square, Long Island City","The Project is located in the Long Island City neighborhood of Queens, New York. Upon completion, 45-18 Court Square will be a 266,791 square foot, Class A life science building designed to serve the needs of the rapidly growing life science sector.  The redeveloped Property’s six contiguous floors will allow the flexibility to program and accommodate multiple life science tenants on each floor and will feature an amenity package, including a grab-and- go café, flexible collaboration and meeting spaces, indoor bike storage, and 24/7 security. All-new critical life sciences systems, building systems (HVAC, electrical and plumbing), elevators, bathrooms, lobby and full suite of amenities will make the Project a best-in-class purpose-built lab building in New York City. The Property has incredible access to public transportation, positioned directly adjacent to seven subway lines and a short walk from the Long Island Railroad. Scientists commuting from the Westchester, New Jersey, and Long Island suburbs arrive at the Property via a direct 10- and 20-minute subway ride from Grand Central and Penn Station, respectively. Long Island City is especially well located in relation to the life science institutions concentrated on the east side of Manhattan and the Cornell Tech Campus on Roosevelt Island.",Life Science,Floor 6,46179,Upon request,Asset / Leasing Manager,Alphie Toro,atoro@gfpre.com,(212) 372.2183,https://www.gfpre.com/properties/45-18-court-square-long-island-city,2026-07-20T21:41:55+00:00
GFP Real Estate,"45-18 Court Square, Long Island City","45-18 Court Square, Long Island City","The Project is located in the Long Island City neighborhood of Queens, New York. Upon completion, 45-18 Court Square will be a 266,791 square foot, Class A life science building designed to serve the needs of the rapidly growing life science sector.  The redeveloped Property’s six contiguous floors will allow the flexibility to program and accommodate multiple life science tenants on each floor and will feature an amenity package, including a grab-and- go café, flexible collaboration and meeting spaces, indoor bike storage, and 24/7 security. All-new critical life sciences systems, building systems (HVAC, electrical and plumbing), elevators, bathrooms, lobby and full suite of amenities will make the Project a best-in-class purpose-built lab building in New York City. The Property has incredible access to public transportation, positioned directly adjacent to seven subway lines and a short walk from the Long Island Railroad. Scientists commuting from the Westchester, New Jersey, and Long Island suburbs arrive at the Property via a direct 10- and 20-minute subway ride from Grand Central and Penn Station, respectively. Long Island City is especially well located in relation to the life science institutions concentrated on the east side of Manhattan and the Cornell Tech Campus on Roosevelt Island.",Life Science,Floor 5,46179,Leased,Asset / Leasing Manager,Alphie Toro,atoro@gfpre.com,(212) 372.2183,https://www.gfpre.com/properties/45-18-court-square-long-island-city,2026-07-20T21:41:55+00:00
GFP Real Estate,"45-18 Court Square, Long Island City","45-18 Court Square, Long Island City","The Project is located in the Long Island City neighborhood of Queens, New York. Upon completion, 45-18 Court Square will be a 266,791 square foot, Class A life science building designed to serve the needs of the rapidly growing life science sector.  The redeveloped Property’s six contiguous floors will allow the flexibility to program and accommodate multiple life science tenants on each floor and will feature an amenity package, including a grab-and- go café, flexible collaboration and meeting spaces, indoor bike storage, and 24/7 security. All-new critical life sciences systems, building systems (HVAC, electrical and plumbing), elevators, bathrooms, lobby and full suite of amenities will make the Project a best-in-class purpose-built lab building in New York City. The Property has incredible access to public transportation, positioned directly adjacent to seven subway lines and a short walk from the Long Island Railroad. Scientists commuting from the Westchester, New Jersey, and Long Island suburbs arrive at the Property via a direct 10- and 20-minute subway ride from Grand Central and Penn Station, respectively. Long Island City is especially well located in relation to the life science institutions concentrated on the east side of Manhattan and the Cornell Tech Campus on Roosevelt Island.",Life Science,Floor 4,46179,Leased,Asset / Leasing Manager,Alphie Toro,atoro@gfpre.com,(212) 372.2183,https://www.gfpre.com/properties/45-18-court-square-long-island-city,2026-07-20T21:41:55+00:00
GFP Real Estate,"45-18 Court Square, Long Island City","45-18 Court Square, Long Island City","The Project is located in the Long Island City neighborhood of Queens, New York. Upon completion, 45-18 Court Square will be a 266,791 square foot, Class A life science building designed to serve the needs of the rapidly growing life science sector.  The redeveloped Property’s six contiguous floors will allow the flexibility to program and accommodate multiple life science tenants on each floor and will feature an amenity package, including a grab-and- go café, flexible collaboration and meeting spaces, indoor bike storage, and 24/7 security. All-new critical life sciences systems, building systems (HVAC, electrical and plumbing), elevators, bathrooms, lobby and full suite of amenities will make the Project a best-in-class purpose-built lab building in New York City. The Property has incredible access to public transportation, positioned directly adjacent to seven subway lines and a short walk from the Long Island Railroad. Scientists commuting from the Westchester, New Jersey, and Long Island suburbs arrive at the Property via a direct 10- and 20-minute subway ride from Grand Central and Penn Station, respectively. Long Island City is especially well located in relation to the life science institutions concentrated on the east side of Manhattan and the Cornell Tech Campus on Roosevelt Island.",Life Science,Floor 3,46179,Leased,Asset / Leasing Manager,Alphie Toro,atoro@gfpre.com,(212) 372.2183,https://www.gfpre.com/properties/45-18-court-square-long-island-city,2026-07-20T21:41:55+00:00
GFP Real Estate,"45-18 Court Square, Long Island City","45-18 Court Square, Long Island City","The Project is located in the Long Island City neighborhood of Queens, New York. Upon completion, 45-18 Court Square will be a 266,791 square foot, Class A life science building designed to serve the needs of the rapidly growing life science sector.  The redeveloped Property’s six contiguous floors will allow the flexibility to program and accommodate multiple life science tenants on each floor and will feature an amenity package, including a grab-and- go café, flexible collaboration and meeting spaces, indoor bike storage, and 24/7 security. All-new critical life sciences systems, building systems (HVAC, electrical and plumbing), elevators, bathrooms, lobby and full suite of amenities will make the Project a best-in-class purpose-built lab building in New York City. The Property has incredible access to public transportation, positioned directly adjacent to seven subway lines and a short walk from the Long Island Railroad. Scientists commuting from the Westchester, New Jersey, and Long Island suburbs arrive at the Property via a direct 10- and 20-minute subway ride from Grand Central and Penn Station, respectively. Long Island City is especially well located in relation to the life science institutions concentrated on the east side of Manhattan and the Cornell Tech Campus on Roosevelt Island.",Life Science,Floor 2,47791,Leased,Asset / Leasing Manager,Alphie Toro,atoro@gfpre.com,(212) 372.2183,https://www.gfpre.com/properties/45-18-court-square-long-island-city,2026-07-20T21:41:55+00:00
GFP Real Estate,"45-18 Court Square, Long Island City","45-18 Court Square, Long Island City","The Project is located in the Long Island City neighborhood of Queens, New York. Upon completion, 45-18 Court Square will be a 266,791 square foot, Class A life science building designed to serve the needs of the rapidly growing life science sector.  The redeveloped Property’s six contiguous floors will allow the flexibility to program and accommodate multiple life science tenants on each floor and will feature an amenity package, including a grab-and- go café, flexible collaboration and meeting spaces, indoor bike storage, and 24/7 security. All-new critical life sciences systems, building systems (HVAC, electrical and plumbing), elevators, bathrooms, lobby and full suite of amenities will make the Project a best-in-class purpose-built lab building in New York City. The Property has incredible access to public transportation, positioned directly adjacent to seven subway lines and a short walk from the Long Island Railroad. Scientists commuting from the Westchester, New Jersey, and Long Island suburbs arrive at the Property via a direct 10- and 20-minute subway ride from Grand Central and Penn Station, respectively. Long Island City is especially well located in relation to the life science institutions concentrated on the east side of Manhattan and the Cornell Tech Campus on Roosevelt Island.",Life Science,Floor 1,30380,Upon request,Asset / Leasing Manager,Alphie Toro,atoro@gfpre.com,(212) 372.2183,https://www.gfpre.com/properties/45-18-court-square-long-island-city,2026-07-20T21:41:55+00:00
GFP Real Estate,"45-18 Court Square, Long Island City","45-18 Court Square, Long Island City","The Project is located in the Long Island City neighborhood of Queens, New York. Upon completion, 45-18 Court Square will be a 266,791 square foot, Class A life science building designed to serve the needs of the rapidly growing life science sector.  The redeveloped Property’s six contiguous floors will allow the flexibility to program and accommodate multiple life science tenants on each floor and will feature an amenity package, including a grab-and- go café, flexible collaboration and meeting spaces, indoor bike storage, and 24/7 security. All-new critical life sciences systems, building systems (HVAC, electrical and plumbing), elevators, bathrooms, lobby and full suite of amenities will make the Project a best-in-class purpose-built lab building in New York City. The Property has incredible access to public transportation, positioned directly adjacent to seven subway lines and a short walk from the Long Island Railroad. Scientists commuting from the Westchester, New Jersey, and Long Island suburbs arrive at the Property via a direct 10- and 20-minute subway ride from Grand Central and Penn Station, respectively. Long Island City is especially well located in relation to the life science institutions concentrated on the east side of Manhattan and the Cornell Tech Campus on Roosevelt Island.",Life Science,Basement,3904,Upon request,Asset / Leasing Manager,Alphie Toro,atoro@gfpre.com,(212) 372.2183,https://www.gfpre.com/properties/45-18-court-square-long-island-city,2026-07-20T21:41:55+00:00
GFP Real Estate,200 Varick Street,200 Varick Street,"200 Varick Street was built in 1927 and designed by architect Frank S. Parker, it is a 12-story, 490,000 square foot office building. This Art Deco building is situated on Varick Street between West Houston and King Streets, at the heart of Manhattan's Hudson Square. The building’s elevators feature a brand new state-of-the-art lobby boost system, which increases efficiency and reduces wait times serving its large, efficient floor plates. With gigantic windows on four sides, interiors are flooded with an abundance of natural light. The building's ground floor features retail tenants such as B.J. Magazines, Chipotle, Chop't Salad, Gregorys Coffee, Fedex, the Film Forum, and iconic SOB's Dinner Club. The building contains the offices for AHRC New York City and the Omnicom Group. With access to the 1 train at the building's doorstep, the C and E trains are also available at nearby Spring Street. Only a block away, Port Sa'id proves a popular after work hangout. On the cusp of the West Village and adjacent to Soho, there is an an array of prime dining and retail options only minutes away.",Office,P 5th Floor - Suite 507,2345,Upon Request,Asset / Leasing Manager,Neith Stone,nstone@gfpre.com,(917) 854.5116,https://www.gfpre.com/properties/200-varick-street,2026-07-20T21:41:58+00:00
GFP Real Estate,200 Varick Street,200 Varick Street,"200 Varick Street was built in 1927 and designed by architect Frank S. Parker, it is a 12-story, 490,000 square foot office building. This Art Deco building is situated on Varick Street between West Houston and King Streets, at the heart of Manhattan's Hudson Square. The building’s elevators feature a brand new state-of-the-art lobby boost system, which increases efficiency and reduces wait times serving its large, efficient floor plates. With gigantic windows on four sides, interiors are flooded with an abundance of natural light. The building's ground floor features retail tenants such as B.J. Magazines, Chipotle, Chop't Salad, Gregorys Coffee, Fedex, the Film Forum, and iconic SOB's Dinner Club. The building contains the offices for AHRC New York City and the Omnicom Group. With access to the 1 train at the building's doorstep, the C and E trains are also available at nearby Spring Street. Only a block away, Port Sa'id proves a popular after work hangout. On the cusp of the West Village and adjacent to Soho, there is an an array of prime dining and retail options only minutes away.",Office,P 5th Floor Suite 503,9764,Upon Request,Asset / Leasing Manager,Neith Stone,nstone@gfpre.com,(917) 854.5116,https://www.gfpre.com/properties/200-varick-street,2026-07-20T21:41:58+00:00
GFP Real Estate,200 Varick Street,200 Varick Street,"200 Varick Street was built in 1927 and designed by architect Frank S. Parker, it is a 12-story, 490,000 square foot office building. This Art Deco building is situated on Varick Street between West Houston and King Streets, at the heart of Manhattan's Hudson Square. The building’s elevators feature a brand new state-of-the-art lobby boost system, which increases efficiency and reduces wait times serving its large, efficient floor plates. With gigantic windows on four sides, interiors are flooded with an abundance of natural light. The building's ground floor features retail tenants such as B.J. Magazines, Chipotle, Chop't Salad, Gregorys Coffee, Fedex, the Film Forum, and iconic SOB's Dinner Club. The building contains the offices for AHRC New York City and the Omnicom Group. With access to the 1 train at the building's doorstep, the C and E trains are also available at nearby Spring Street. Only a block away, Port Sa'id proves a popular after work hangout. On the cusp of the West Village and adjacent to Soho, there is an an array of prime dining and retail options only minutes away.",Office,Entire 4th Floor,42850,Upon Request,Asset / Leasing Manager,Neith Stone,nstone@gfpre.com,(917) 854.5116,https://www.gfpre.com/properties/200-varick-street,2026-07-20T21:41:58+00:00
GFP Real Estate,200 Varick Street,200 Varick Street,"200 Varick Street was built in 1927 and designed by architect Frank S. Parker, it is a 12-story, 490,000 square foot office building. This Art Deco building is situated on Varick Street between West Houston and King Streets, at the heart of Manhattan's Hudson Square. The building’s elevators feature a brand new state-of-the-art lobby boost system, which increases efficiency and reduces wait times serving its large, efficient floor plates. With gigantic windows on four sides, interiors are flooded with an abundance of natural light. The building's ground floor features retail tenants such as B.J. Magazines, Chipotle, Chop't Salad, Gregorys Coffee, Fedex, the Film Forum, and iconic SOB's Dinner Club. The building contains the offices for AHRC New York City and the Omnicom Group. With access to the 1 train at the building's doorstep, the C and E trains are also available at nearby Spring Street. Only a block away, Port Sa'id proves a popular after work hangout. On the cusp of the West Village and adjacent to Soho, there is an an array of prime dining and retail options only minutes away.",Office,P 5th Floor Suite 514,10173,Upon Request,Asset / Leasing Manager,Neith Stone,nstone@gfpre.com,(917) 854.5116,https://www.gfpre.com/properties/200-varick-street,2026-07-20T21:41:58+00:00
GFP Real Estate,200 Varick Street,200 Varick Street,"200 Varick Street was built in 1927 and designed by architect Frank S. Parker, it is a 12-story, 490,000 square foot office building. This Art Deco building is situated on Varick Street between West Houston and King Streets, at the heart of Manhattan's Hudson Square. The building’s elevators feature a brand new state-of-the-art lobby boost system, which increases efficiency and reduces wait times serving its large, efficient floor plates. With gigantic windows on four sides, interiors are flooded with an abundance of natural light. The building's ground floor features retail tenants such as B.J. Magazines, Chipotle, Chop't Salad, Gregorys Coffee, Fedex, the Film Forum, and iconic SOB's Dinner Club. The building contains the offices for AHRC New York City and the Omnicom Group. With access to the 1 train at the building's doorstep, the C and E trains are also available at nearby Spring Street. Only a block away, Port Sa'id proves a popular after work hangout. On the cusp of the West Village and adjacent to Soho, there is an an array of prime dining and retail options only minutes away.",Office,P 10th,14925,Upon Request,Asset / Leasing Manager,Neith Stone,nstone@gfpre.com,(917) 854.5116,https://www.gfpre.com/properties/200-varick-street,2026-07-20T21:41:58+00:00
GFP Real Estate,200 Varick Street,200 Varick Street,"200 Varick Street was built in 1927 and designed by architect Frank S. Parker, it is a 12-story, 490,000 square foot office building. This Art Deco building is situated on Varick Street between West Houston and King Streets, at the heart of Manhattan's Hudson Square. The building’s elevators feature a brand new state-of-the-art lobby boost system, which increases efficiency and reduces wait times serving its large, efficient floor plates. With gigantic windows on four sides, interiors are flooded with an abundance of natural light. The building's ground floor features retail tenants such as B.J. Magazines, Chipotle, Chop't Salad, Gregorys Coffee, Fedex, the Film Forum, and iconic SOB's Dinner Club. The building contains the offices for AHRC New York City and the Omnicom Group. With access to the 1 train at the building's doorstep, the C and E trains are also available at nearby Spring Street. Only a block away, Port Sa'id proves a popular after work hangout. On the cusp of the West Village and adjacent to Soho, there is an an array of prime dining and retail options only minutes away.",Office,11th Floor,40259,Upon Request,Asset / Leasing Manager,Neith Stone,nstone@gfpre.com,(917) 854.5116,https://www.gfpre.com/properties/200-varick-street,2026-07-20T21:41:58+00:00
GFP Real Estate,520 Eighth Avenue,520 Eighth Avenue,"520 Eighth Avenue was constructed in 1926 by the architects Schwartz & Gross, the building reflects neoclassical and early-20th century architectural styles prominent of that period. The address is comprised of three separate buildings that occupy the entire eastern portion of Eighth Avenue from 36th to 37th Streets. This high-rise building which encompasses more than 860,000 square feet, is home to large, medium and small tenants alike. With its expansive renovated lobby, modernized elevators and efficient floor plates, the building makes for an ideal home for all tenants. Abundant windows on every floor flood tenant's spaces with natural light and provide exceptional city views. A robust and dedicated on-site building management team handles tenant's day-to-day needs with the building annually awarded an Energy Star label for its operating efficiency. Situated in the historic garment district, the area offers an array of dining and retail options including Gregory's Coffee or The Houndstooth Pub located at the base of the building. Only a few blocks from Penn Station, The Moynihan Train Hall and Port Authority, commuting is made easy with access to A,C,E,1,2 and 3 trains, the NJ Transit, LIRR and Amtrak regional trains.",Office,P 12th Floor - 1200,3700,Upon Request,Asset / Leasing Manager,Matthew Mandell,mmandell@gfpre.com,(212) 609.8050,https://www.gfpre.com/properties/520-eighth-avenue,2026-07-20T21:42:00+00:00
GFP Real Estate,520 Eighth Avenue,520 Eighth Avenue,"520 Eighth Avenue was constructed in 1926 by the architects Schwartz & Gross, the building reflects neoclassical and early-20th century architectural styles prominent of that period. The address is comprised of three separate buildings that occupy the entire eastern portion of Eighth Avenue from 36th to 37th Streets. This high-rise building which encompasses more than 860,000 square feet, is home to large, medium and small tenants alike. With its expansive renovated lobby, modernized elevators and efficient floor plates, the building makes for an ideal home for all tenants. Abundant windows on every floor flood tenant's spaces with natural light and provide exceptional city views. A robust and dedicated on-site building management team handles tenant's day-to-day needs with the building annually awarded an Energy Star label for its operating efficiency. Situated in the historic garment district, the area offers an array of dining and retail options including Gregory's Coffee or The Houndstooth Pub located at the base of the building. Only a few blocks from Penn Station, The Moynihan Train Hall and Port Authority, commuting is made easy with access to A,C,E,1,2 and 3 trains, the NJ Transit, LIRR and Amtrak regional trains.",Office,P 2nd Floor - 200,12769,Upon Request,Asset / Leasing Manager,Matthew Mandell,mmandell@gfpre.com,(212) 609.8050,https://www.gfpre.com/properties/520-eighth-avenue,2026-07-20T21:42:00+00:00
GFP Real Estate,520 Eighth Avenue,520 Eighth Avenue,"520 Eighth Avenue was constructed in 1926 by the architects Schwartz & Gross, the building reflects neoclassical and early-20th century architectural styles prominent of that period. The address is comprised of three separate buildings that occupy the entire eastern portion of Eighth Avenue from 36th to 37th Streets. This high-rise building which encompasses more than 860,000 square feet, is home to large, medium and small tenants alike. With its expansive renovated lobby, modernized elevators and efficient floor plates, the building makes for an ideal home for all tenants. Abundant windows on every floor flood tenant's spaces with natural light and provide exceptional city views. A robust and dedicated on-site building management team handles tenant's day-to-day needs with the building annually awarded an Energy Star label for its operating efficiency. Situated in the historic garment district, the area offers an array of dining and retail options including Gregory's Coffee or The Houndstooth Pub located at the base of the building. Only a few blocks from Penn Station, The Moynihan Train Hall and Port Authority, commuting is made easy with access to A,C,E,1,2 and 3 trains, the NJ Transit, LIRR and Amtrak regional trains.",Office,P 6th Floor - 600,20600,Upon Request,Asset / Leasing Manager,Matthew Mandell,mmandell@gfpre.com,(212) 609.8050,https://www.gfpre.com/properties/520-eighth-avenue,2026-07-20T21:42:00+00:00
GFP Real Estate,520 Eighth Avenue,520 Eighth Avenue,"520 Eighth Avenue was constructed in 1926 by the architects Schwartz & Gross, the building reflects neoclassical and early-20th century architectural styles prominent of that period. The address is comprised of three separate buildings that occupy the entire eastern portion of Eighth Avenue from 36th to 37th Streets. This high-rise building which encompasses more than 860,000 square feet, is home to large, medium and small tenants alike. With its expansive renovated lobby, modernized elevators and efficient floor plates, the building makes for an ideal home for all tenants. Abundant windows on every floor flood tenant's spaces with natural light and provide exceptional city views. A robust and dedicated on-site building management team handles tenant's day-to-day needs with the building annually awarded an Energy Star label for its operating efficiency. Situated in the historic garment district, the area offers an array of dining and retail options including Gregory's Coffee or The Houndstooth Pub located at the base of the building. Only a few blocks from Penn Station, The Moynihan Train Hall and Port Authority, commuting is made easy with access to A,C,E,1,2 and 3 trains, the NJ Transit, LIRR and Amtrak regional trains.",Office,P 20th Floor - 2003,3924,Upon Request,Asset / Leasing Manager,Matthew Mandell,mmandell@gfpre.com,(212) 609.8050,https://www.gfpre.com/properties/520-eighth-avenue,2026-07-20T21:42:00+00:00
GFP Real Estate,520 Eighth Avenue,520 Eighth Avenue,"520 Eighth Avenue was constructed in 1926 by the architects Schwartz & Gross, the building reflects neoclassical and early-20th century architectural styles prominent of that period. The address is comprised of three separate buildings that occupy the entire eastern portion of Eighth Avenue from 36th to 37th Streets. This high-rise building which encompasses more than 860,000 square feet, is home to large, medium and small tenants alike. With its expansive renovated lobby, modernized elevators and efficient floor plates, the building makes for an ideal home for all tenants. Abundant windows on every floor flood tenant's spaces with natural light and provide exceptional city views. A robust and dedicated on-site building management team handles tenant's day-to-day needs with the building annually awarded an Energy Star label for its operating efficiency. Situated in the historic garment district, the area offers an array of dining and retail options including Gregory's Coffee or The Houndstooth Pub located at the base of the building. Only a few blocks from Penn Station, The Moynihan Train Hall and Port Authority, commuting is made easy with access to A,C,E,1,2 and 3 trains, the NJ Transit, LIRR and Amtrak regional trains.",Office,P 22nd Floor - 2204,2931,Upon Request,Asset / Leasing Manager,Matthew Mandell,mmandell@gfpre.com,(212) 609.8050,https://www.gfpre.com/properties/520-eighth-avenue,2026-07-20T21:42:00+00:00
GFP Real Estate,520 Eighth Avenue,520 Eighth Avenue,"520 Eighth Avenue was constructed in 1926 by the architects Schwartz & Gross, the building reflects neoclassical and early-20th century architectural styles prominent of that period. The address is comprised of three separate buildings that occupy the entire eastern portion of Eighth Avenue from 36th to 37th Streets. This high-rise building which encompasses more than 860,000 square feet, is home to large, medium and small tenants alike. With its expansive renovated lobby, modernized elevators and efficient floor plates, the building makes for an ideal home for all tenants. Abundant windows on every floor flood tenant's spaces with natural light and provide exceptional city views. A robust and dedicated on-site building management team handles tenant's day-to-day needs with the building annually awarded an Energy Star label for its operating efficiency. Situated in the historic garment district, the area offers an array of dining and retail options including Gregory's Coffee or The Houndstooth Pub located at the base of the building. Only a few blocks from Penn Station, The Moynihan Train Hall and Port Authority, commuting is made easy with access to A,C,E,1,2 and 3 trains, the NJ Transit, LIRR and Amtrak regional trains.",Office,P 22nd Floor - 2205,2850,Upon Request,Asset / Leasing Manager,Matthew Mandell,mmandell@gfpre.com,(212) 609.8050,https://www.gfpre.com/properties/520-eighth-avenue,2026-07-20T21:42:00+00:00
GFP Real Estate,630 Ninth Avenue - Film Center,630 Ninth Avenue - Film Center,"630 Ninth Avenue, also known as the Film Center Building, is a 13-story office building that once only catered to businesses involved in film, theater and music. It was completed in 1929 by the world renowned architect Ely Khan. Its landmarked Art Deco-styled lobby shows Pre-Columbian influences and is notable for its bold and varied colors. The building's restrooms were renovated in 2016 and the corridors were renovated in 2017 along with the addition of a class-E fire system. Additionally in 2017, windows were added to the entire eastern side of the building between the 7th-14th floor and 25,000 square feet of obsolete film storage vaults were converted into new office space. Located in the vibrant Hell's Kitchen neighborhood, moments from the Theater District, there are numerous amenities close by including a variety of dining options all along Ninth Avenue. Access to the Port Authority Bus Terminal, The NY Waterway Ferry, and the Lincoln Tunnel, as well as access to multiple subway lines is just a short walk away providing commuters with an easy way to and from the building.",Office,P 11th Floor - 1104,1230,Upon Request,Asset / Leasing Manager,Matthew Mandell,mmandell@gfpre.com,(212) 609.8050,https://www.gfpre.com/properties/630-ninth-avenue,2026-07-20T21:42:03+00:00
GFP Real Estate,630 Ninth Avenue - Film Center,630 Ninth Avenue - Film Center,"630 Ninth Avenue, also known as the Film Center Building, is a 13-story office building that once only catered to businesses involved in film, theater and music. It was completed in 1929 by the world renowned architect Ely Khan. Its landmarked Art Deco-styled lobby shows Pre-Columbian influences and is notable for its bold and varied colors. The building's restrooms were renovated in 2016 and the corridors were renovated in 2017 along with the addition of a class-E fire system. Additionally in 2017, windows were added to the entire eastern side of the building between the 7th-14th floor and 25,000 square feet of obsolete film storage vaults were converted into new office space. Located in the vibrant Hell's Kitchen neighborhood, moments from the Theater District, there are numerous amenities close by including a variety of dining options all along Ninth Avenue. Access to the Port Authority Bus Terminal, The NY Waterway Ferry, and the Lincoln Tunnel, as well as access to multiple subway lines is just a short walk away providing commuters with an easy way to and from the building.",Office,P 14th Floor - 1408,2360,$45.00 PSF,Asset / Leasing Manager,Matthew Mandell,mmandell@gfpre.com,(212) 609.8050,https://www.gfpre.com/properties/630-ninth-avenue,2026-07-20T21:42:03+00:00
GFP Real Estate,630 Ninth Avenue - Film Center,630 Ninth Avenue - Film Center,"630 Ninth Avenue, also known as the Film Center Building, is a 13-story office building that once only catered to businesses involved in film, theater and music. It was completed in 1929 by the world renowned architect Ely Khan. Its landmarked Art Deco-styled lobby shows Pre-Columbian influences and is notable for its bold and varied colors. The building's restrooms were renovated in 2016 and the corridors were renovated in 2017 along with the addition of a class-E fire system. Additionally in 2017, windows were added to the entire eastern side of the building between the 7th-14th floor and 25,000 square feet of obsolete film storage vaults were converted into new office space. Located in the vibrant Hell's Kitchen neighborhood, moments from the Theater District, there are numerous amenities close by including a variety of dining options all along Ninth Avenue. Access to the Port Authority Bus Terminal, The NY Waterway Ferry, and the Lincoln Tunnel, as well as access to multiple subway lines is just a short walk away providing commuters with an easy way to and from the building.",Office,P 3rd Floor - 301,3028,Upon Request,Asset / Leasing Manager,Matthew Mandell,mmandell@gfpre.com,(212) 609.8050,https://www.gfpre.com/properties/630-ninth-avenue,2026-07-20T21:42:03+00:00
GFP Real Estate,630 Ninth Avenue - Film Center,630 Ninth Avenue - Film Center,"630 Ninth Avenue, also known as the Film Center Building, is a 13-story office building that once only catered to businesses involved in film, theater and music. It was completed in 1929 by the world renowned architect Ely Khan. Its landmarked Art Deco-styled lobby shows Pre-Columbian influences and is notable for its bold and varied colors. The building's restrooms were renovated in 2016 and the corridors were renovated in 2017 along with the addition of a class-E fire system. Additionally in 2017, windows were added to the entire eastern side of the building between the 7th-14th floor and 25,000 square feet of obsolete film storage vaults were converted into new office space. Located in the vibrant Hell's Kitchen neighborhood, moments from the Theater District, there are numerous amenities close by including a variety of dining options all along Ninth Avenue. Access to the Port Authority Bus Terminal, The NY Waterway Ferry, and the Lincoln Tunnel, as well as access to multiple subway lines is just a short walk away providing commuters with an easy way to and from the building.",Office,P 3rd Floor - 302,3034,Upon Request,Asset / Leasing Manager,Matthew Mandell,mmandell@gfpre.com,(212) 609.8050,https://www.gfpre.com/properties/630-ninth-avenue,2026-07-20T21:42:03+00:00
GFP Real Estate,630 Ninth Avenue - Film Center,630 Ninth Avenue - Film Center,"630 Ninth Avenue, also known as the Film Center Building, is a 13-story office building that once only catered to businesses involved in film, theater and music. It was completed in 1929 by the world renowned architect Ely Khan. Its landmarked Art Deco-styled lobby shows Pre-Columbian influences and is notable for its bold and varied colors. The building's restrooms were renovated in 2016 and the corridors were renovated in 2017 along with the addition of a class-E fire system. Additionally in 2017, windows were added to the entire eastern side of the building between the 7th-14th floor and 25,000 square feet of obsolete film storage vaults were converted into new office space. Located in the vibrant Hell's Kitchen neighborhood, moments from the Theater District, there are numerous amenities close by including a variety of dining options all along Ninth Avenue. Access to the Port Authority Bus Terminal, The NY Waterway Ferry, and the Lincoln Tunnel, as well as access to multiple subway lines is just a short walk away providing commuters with an easy way to and from the building.",Office,P 6th Floor - 608,1825,$45.00 PSF,Asset / Leasing Manager,Matthew Mandell,mmandell@gfpre.com,(212) 609.8050,https://www.gfpre.com/properties/630-ninth-avenue,2026-07-20T21:42:03+00:00
GFP Real Estate,630 Ninth Avenue - Film Center,630 Ninth Avenue - Film Center,"630 Ninth Avenue, also known as the Film Center Building, is a 13-story office building that once only catered to businesses involved in film, theater and music. It was completed in 1929 by the world renowned architect Ely Khan. Its landmarked Art Deco-styled lobby shows Pre-Columbian influences and is notable for its bold and varied colors. The building's restrooms were renovated in 2016 and the corridors were renovated in 2017 along with the addition of a class-E fire system. Additionally in 2017, windows were added to the entire eastern side of the building between the 7th-14th floor and 25,000 square feet of obsolete film storage vaults were converted into new office space. Located in the vibrant Hell's Kitchen neighborhood, moments from the Theater District, there are numerous amenities close by including a variety of dining options all along Ninth Avenue. Access to the Port Authority Bus Terminal, The NY Waterway Ferry, and the Lincoln Tunnel, as well as access to multiple subway lines is just a short walk away providing commuters with an easy way to and from the building.",Office,P 6th Floor - 601,3205,Upon Request,Asset / Leasing Manager,Matthew Mandell,mmandell@gfpre.com,(212) 609.8050,https://www.gfpre.com/properties/630-ninth-avenue,2026-07-20T21:42:03+00:00
GFP Real Estate,515 Madison Avenue,515 Madison Avenue,"515 Madison Avenue, also known as the DuMont Building, is a 532-foot high, 42-story building at 53rd Street and Madison Avenue in Manhattan's Plaza District. The building was built in Art Deco and neo-Gothic style by John H. Carpenter in 1932. One of the building’s most distinctive features is a broadcasting antenna that traces back to the building’s role in the first television broadcasts of Allen B. DuMont's experimental television station W2XWV in 1938. This Class A building's careful restoration of its renovated entrance and lobby in 2009 kept its beautiful architectural elements intact yet modernized for today's tenants. Located just south of Central Park, this area is home to landmarks such as the New York City Center for performing arts, Carnegie Hall and Rockefeller Center. This prime location provides access to a multitude of amenities, with a variety of dining options and world-renowned retail along Fifth Avenue. With the E and M trains located in the building, the 6 train only a block away, and a multitude of other subways lines nearby, commuting has never been easier.",Office,P 38th Floor-3800A,2238,Upon request,Asset / Leasing Manager,Martin McGrath,mmcgrath@gfpre.com,(212) 688.4730,https://www.gfpre.com/properties/515-madison-avenue,2026-07-20T21:42:05+00:00
GFP Real Estate,515 Madison Avenue,515 Madison Avenue,"515 Madison Avenue, also known as the DuMont Building, is a 532-foot high, 42-story building at 53rd Street and Madison Avenue in Manhattan's Plaza District. The building was built in Art Deco and neo-Gothic style by John H. Carpenter in 1932. One of the building’s most distinctive features is a broadcasting antenna that traces back to the building’s role in the first television broadcasts of Allen B. DuMont's experimental television station W2XWV in 1938. This Class A building's careful restoration of its renovated entrance and lobby in 2009 kept its beautiful architectural elements intact yet modernized for today's tenants. Located just south of Central Park, this area is home to landmarks such as the New York City Center for performing arts, Carnegie Hall and Rockefeller Center. This prime location provides access to a multitude of amenities, with a variety of dining options and world-renowned retail along Fifth Avenue. With the E and M trains located in the building, the 6 train only a block away, and a multitude of other subways lines nearby, commuting has never been easier.",Office,P 30th Floor-3001,2107,Upon request,Asset / Leasing Manager,Martin McGrath,mmcgrath@gfpre.com,(212) 688.4730,https://www.gfpre.com/properties/515-madison-avenue,2026-07-20T21:42:05+00:00
GFP Real Estate,515 Madison Avenue,515 Madison Avenue,"515 Madison Avenue, also known as the DuMont Building, is a 532-foot high, 42-story building at 53rd Street and Madison Avenue in Manhattan's Plaza District. The building was built in Art Deco and neo-Gothic style by John H. Carpenter in 1932. One of the building’s most distinctive features is a broadcasting antenna that traces back to the building’s role in the first television broadcasts of Allen B. DuMont's experimental television station W2XWV in 1938. This Class A building's careful restoration of its renovated entrance and lobby in 2009 kept its beautiful architectural elements intact yet modernized for today's tenants. Located just south of Central Park, this area is home to landmarks such as the New York City Center for performing arts, Carnegie Hall and Rockefeller Center. This prime location provides access to a multitude of amenities, with a variety of dining options and world-renowned retail along Fifth Avenue. With the E and M trains located in the building, the 6 train only a block away, and a multitude of other subways lines nearby, commuting has never been easier.",Office,P 7th Floor-711,522,Upon request,Asset / Leasing Manager,Martin McGrath,mmcgrath@gfpre.com,(212) 688.4730,https://www.gfpre.com/properties/515-madison-avenue,2026-07-20T21:42:05+00:00
GFP Real Estate,515 Madison Avenue,515 Madison Avenue,"515 Madison Avenue, also known as the DuMont Building, is a 532-foot high, 42-story building at 53rd Street and Madison Avenue in Manhattan's Plaza District. The building was built in Art Deco and neo-Gothic style by John H. Carpenter in 1932. One of the building’s most distinctive features is a broadcasting antenna that traces back to the building’s role in the first television broadcasts of Allen B. DuMont's experimental television station W2XWV in 1938. This Class A building's careful restoration of its renovated entrance and lobby in 2009 kept its beautiful architectural elements intact yet modernized for today's tenants. Located just south of Central Park, this area is home to landmarks such as the New York City Center for performing arts, Carnegie Hall and Rockefeller Center. This prime location provides access to a multitude of amenities, with a variety of dining options and world-renowned retail along Fifth Avenue. With the E and M trains located in the building, the 6 train only a block away, and a multitude of other subways lines nearby, commuting has never been easier.",Office,P 6th Floor-603,5476,Upon request,Asset / Leasing Manager,Martin McGrath,mmcgrath@gfpre.com,(212) 688.4730,https://www.gfpre.com/properties/515-madison-avenue,2026-07-20T21:42:05+00:00
GFP Real Estate,515 Madison Avenue,515 Madison Avenue,"515 Madison Avenue, also known as the DuMont Building, is a 532-foot high, 42-story building at 53rd Street and Madison Avenue in Manhattan's Plaza District. The building was built in Art Deco and neo-Gothic style by John H. Carpenter in 1932. One of the building’s most distinctive features is a broadcasting antenna that traces back to the building’s role in the first television broadcasts of Allen B. DuMont's experimental television station W2XWV in 1938. This Class A building's careful restoration of its renovated entrance and lobby in 2009 kept its beautiful architectural elements intact yet modernized for today's tenants. Located just south of Central Park, this area is home to landmarks such as the New York City Center for performing arts, Carnegie Hall and Rockefeller Center. This prime location provides access to a multitude of amenities, with a variety of dining options and world-renowned retail along Fifth Avenue. With the E and M trains located in the building, the 6 train only a block away, and a multitude of other subways lines nearby, commuting has never been easier.",Office,P19th  Floor - 1912,3240,Upon request,Asset / Leasing Manager,Martin McGrath,mmcgrath@gfpre.com,(212) 688.4730,https://www.gfpre.com/properties/515-madison-avenue,2026-07-20T21:42:05+00:00
GFP Real Estate,209 West 38th Street,209 West 38th Street,"209 West 38th Street was initially known as the Bien Building, upon its completion in 1910 under the supervision of the architect Frank J. Helmle, it became known as the Art Color Building, named after the Art Color Printing Company, who was a major tenant until 1924. The 12-story, 160,000 square foot office building is home to numerous big names in fashion including Urban Outfitters, Puma and Carhartt who have their offices here. Only one block away, Non Solo Piada offers fresh and delicious high-quality Italian street food in a lovely ambiance. Order an espresso in true Italian style at their breakfast counter.  Located in the renowned Garment District, the building is close to many subway lines as well as a variety of amenities. Garment District Office Space New York The Garment District lies at the heart of the commuter triangle,
marked by Penn Station, Grand Central Station and Port
Authority Terminal. Situated between Fifth Avenue and Ninth
Avenue, from 34th to 42nd Streets, this area is also know as
the Fashion District. It has rich history as home to showrooms,
fashion design and production houses, as well as garment
wholesalers. Well-known labels like Carolina Herrera, Calvin
Klein and Donna Karan among others all maintain a collection
of showrooms, production centers and offices in the area. Even with its rich history in fashion, the economics of
manufacturing have changed over the years, so the district
has seen an influx of other businesses, including media,
creative agencies, law firms and tech. Even so, local sample
sales still prove popular with workers and residents. Art plays a vital role in the area with Space for Public Art – a
street-level space for local artists and designers to grab the
attention of passers-by. For a mix of art and café culture, MacarOn Café and Café Grumpy are popular destinations. For mainstream retail all needs are met at 34th Street and
Herald Square. Bryant Park to the east offers open space and
seating to meet and relax, alongside the stunning New York
Public Library’s main building and its 50 million-plus catalog. The major transportation hubs at Penn Station, Moynihan Train Hall, and Times Square serve the Garment District, with access to 1,2,3,A,C,E,N,Q,R and
W trains, plus connection to New Jersey Transit, Amtrak, and
Long Island Rail Road. Metro-North Railroad can be accessed
from Grand Central Terminal.",Office,P 12th Floor - 1208,820,Upon  Request,Asset / Leasing Manager,Matthew Mandell,mmandell@gfpre.com,(212) 609.8050,https://www.gfpre.com/properties/209-west-38th-street,2026-07-20T21:42:08+00:00
GFP Real Estate,209 West 38th Street,209 West 38th Street,"209 West 38th Street was initially known as the Bien Building, upon its completion in 1910 under the supervision of the architect Frank J. Helmle, it became known as the Art Color Building, named after the Art Color Printing Company, who was a major tenant until 1924. The 12-story, 160,000 square foot office building is home to numerous big names in fashion including Urban Outfitters, Puma and Carhartt who have their offices here. Only one block away, Non Solo Piada offers fresh and delicious high-quality Italian street food in a lovely ambiance. Order an espresso in true Italian style at their breakfast counter.  Located in the renowned Garment District, the building is close to many subway lines as well as a variety of amenities. Garment District Office Space New York The Garment District lies at the heart of the commuter triangle,
marked by Penn Station, Grand Central Station and Port
Authority Terminal. Situated between Fifth Avenue and Ninth
Avenue, from 34th to 42nd Streets, this area is also know as
the Fashion District. It has rich history as home to showrooms,
fashion design and production houses, as well as garment
wholesalers. Well-known labels like Carolina Herrera, Calvin
Klein and Donna Karan among others all maintain a collection
of showrooms, production centers and offices in the area. Even with its rich history in fashion, the economics of
manufacturing have changed over the years, so the district
has seen an influx of other businesses, including media,
creative agencies, law firms and tech. Even so, local sample
sales still prove popular with workers and residents. Art plays a vital role in the area with Space for Public Art – a
street-level space for local artists and designers to grab the
attention of passers-by. For a mix of art and café culture, MacarOn Café and Café Grumpy are popular destinations. For mainstream retail all needs are met at 34th Street and
Herald Square. Bryant Park to the east offers open space and
seating to meet and relax, alongside the stunning New York
Public Library’s main building and its 50 million-plus catalog. The major transportation hubs at Penn Station, Moynihan Train Hall, and Times Square serve the Garment District, with access to 1,2,3,A,C,E,N,Q,R and
W trains, plus connection to New Jersey Transit, Amtrak, and
Long Island Rail Road. Metro-North Railroad can be accessed
from Grand Central Terminal.","Office, Showroom",P 11th Floor - 1102,1679,Upon Request,Asset / Leasing Manager,Matthew Mandell,mmandell@gfpre.com,(212) 609.8050,https://www.gfpre.com/properties/209-west-38th-street,2026-07-20T21:42:08+00:00
GFP Real Estate,209 West 38th Street,209 West 38th Street,"209 West 38th Street was initially known as the Bien Building, upon its completion in 1910 under the supervision of the architect Frank J. Helmle, it became known as the Art Color Building, named after the Art Color Printing Company, who was a major tenant until 1924. The 12-story, 160,000 square foot office building is home to numerous big names in fashion including Urban Outfitters, Puma and Carhartt who have their offices here. Only one block away, Non Solo Piada offers fresh and delicious high-quality Italian street food in a lovely ambiance. Order an espresso in true Italian style at their breakfast counter.  Located in the renowned Garment District, the building is close to many subway lines as well as a variety of amenities. Garment District Office Space New York The Garment District lies at the heart of the commuter triangle,
marked by Penn Station, Grand Central Station and Port
Authority Terminal. Situated between Fifth Avenue and Ninth
Avenue, from 34th to 42nd Streets, this area is also know as
the Fashion District. It has rich history as home to showrooms,
fashion design and production houses, as well as garment
wholesalers. Well-known labels like Carolina Herrera, Calvin
Klein and Donna Karan among others all maintain a collection
of showrooms, production centers and offices in the area. Even with its rich history in fashion, the economics of
manufacturing have changed over the years, so the district
has seen an influx of other businesses, including media,
creative agencies, law firms and tech. Even so, local sample
sales still prove popular with workers and residents. Art plays a vital role in the area with Space for Public Art – a
street-level space for local artists and designers to grab the
attention of passers-by. For a mix of art and café culture, MacarOn Café and Café Grumpy are popular destinations. For mainstream retail all needs are met at 34th Street and
Herald Square. Bryant Park to the east offers open space and
seating to meet and relax, alongside the stunning New York
Public Library’s main building and its 50 million-plus catalog. The major transportation hubs at Penn Station, Moynihan Train Hall, and Times Square serve the Garment District, with access to 1,2,3,A,C,E,N,Q,R and
W trains, plus connection to New Jersey Transit, Amtrak, and
Long Island Rail Road. Metro-North Railroad can be accessed
from Grand Central Terminal.",Office,P 10th Floor - 1011,1000,Upon Request,Asset / Leasing Manager,Matthew Mandell,mmandell@gfpre.com,(212) 609.8050,https://www.gfpre.com/properties/209-west-38th-street,2026-07-20T21:42:08+00:00
GFP Real Estate,333 West 39th Street,333 West 39th Street,"333 West 39th Street was built in 1929 by the architects Shampan & Shampan, the building rises over 14 stories. Originally erected as a loft building, 333 West 39th Street has since been completely renovated to provide 105,000 square feet of quality loft-style commercial office space. The modernized building lobby is attended seven days a week and offers keycard access for convenient and secure access at all hours of the day. Building spaces feature high ceilings, polished concrete floors and tenant controlled central A/C, offering an ideal open work environment for all tenants alike. Spaces offer sub-metered electric and the building is pre-wired with high-speed CAT 6 internet, telecommunications and data services to suit all business' technology needs. Situated in the historic Fashion District and the newly defined Times Square South, the building is close to numerous area amenities; whether it be various retail opportunities or dining selections, the area has it all. With excellent transportation links close by, including Times Square-42nd Street station, Port Authority Bus Terminal, Penn Station, Madison Square Garden and Pier 79 Ferry Terminal, the building's location makes for easy access to come or go.",Office,P 8th Floor - 804,1150,$39.00 PSF,Asset / Leasing Manager,Alan Steinberg,asteinberg@gfpre.com,(212) 560.3955,https://www.gfpre.com/properties/333-west-39th-street,2026-07-20T21:42:10+00:00
GFP Real Estate,333 West 39th Street,333 West 39th Street,"333 West 39th Street was built in 1929 by the architects Shampan & Shampan, the building rises over 14 stories. Originally erected as a loft building, 333 West 39th Street has since been completely renovated to provide 105,000 square feet of quality loft-style commercial office space. The modernized building lobby is attended seven days a week and offers keycard access for convenient and secure access at all hours of the day. Building spaces feature high ceilings, polished concrete floors and tenant controlled central A/C, offering an ideal open work environment for all tenants alike. Spaces offer sub-metered electric and the building is pre-wired with high-speed CAT 6 internet, telecommunications and data services to suit all business' technology needs. Situated in the historic Fashion District and the newly defined Times Square South, the building is close to numerous area amenities; whether it be various retail opportunities or dining selections, the area has it all. With excellent transportation links close by, including Times Square-42nd Street station, Port Authority Bus Terminal, Penn Station, Madison Square Garden and Pier 79 Ferry Terminal, the building's location makes for easy access to come or go.",Office,P 7th Floor - 703,2200,$39.00 PSF,Asset / Leasing Manager,Alan Steinberg,asteinberg@gfpre.com,(212) 560.3955,https://www.gfpre.com/properties/333-west-39th-street,2026-07-20T21:42:10+00:00
GFP Real Estate,333 West 39th Street,333 West 39th Street,"333 West 39th Street was built in 1929 by the architects Shampan & Shampan, the building rises over 14 stories. Originally erected as a loft building, 333 West 39th Street has since been completely renovated to provide 105,000 square feet of quality loft-style commercial office space. The modernized building lobby is attended seven days a week and offers keycard access for convenient and secure access at all hours of the day. Building spaces feature high ceilings, polished concrete floors and tenant controlled central A/C, offering an ideal open work environment for all tenants alike. Spaces offer sub-metered electric and the building is pre-wired with high-speed CAT 6 internet, telecommunications and data services to suit all business' technology needs. Situated in the historic Fashion District and the newly defined Times Square South, the building is close to numerous area amenities; whether it be various retail opportunities or dining selections, the area has it all. With excellent transportation links close by, including Times Square-42nd Street station, Port Authority Bus Terminal, Penn Station, Madison Square Garden and Pier 79 Ferry Terminal, the building's location makes for easy access to come or go.",Office,P 2nd Floor - 203,2450,$39.00 PSF,Asset / Leasing Manager,Alan Steinberg,asteinberg@gfpre.com,(212) 560.3955,https://www.gfpre.com/properties/333-west-39th-street,2026-07-20T21:42:10+00:00
GFP Real Estate,333 West 39th Street,333 West 39th Street,"333 West 39th Street was built in 1929 by the architects Shampan & Shampan, the building rises over 14 stories. Originally erected as a loft building, 333 West 39th Street has since been completely renovated to provide 105,000 square feet of quality loft-style commercial office space. The modernized building lobby is attended seven days a week and offers keycard access for convenient and secure access at all hours of the day. Building spaces feature high ceilings, polished concrete floors and tenant controlled central A/C, offering an ideal open work environment for all tenants alike. Spaces offer sub-metered electric and the building is pre-wired with high-speed CAT 6 internet, telecommunications and data services to suit all business' technology needs. Situated in the historic Fashion District and the newly defined Times Square South, the building is close to numerous area amenities; whether it be various retail opportunities or dining selections, the area has it all. With excellent transportation links close by, including Times Square-42nd Street station, Port Authority Bus Terminal, Penn Station, Madison Square Garden and Pier 79 Ferry Terminal, the building's location makes for easy access to come or go.",Office,P 9th Floor - 901,2250,$39.00 PSF,Asset / Leasing Manager,Alan Steinberg,asteinberg@gfpre.com,(212) 560.3955,https://www.gfpre.com/properties/333-west-39th-street,2026-07-20T21:42:10+00:00
GFP Real Estate,333 West 39th Street,333 West 39th Street,"333 West 39th Street was built in 1929 by the architects Shampan & Shampan, the building rises over 14 stories. Originally erected as a loft building, 333 West 39th Street has since been completely renovated to provide 105,000 square feet of quality loft-style commercial office space. The modernized building lobby is attended seven days a week and offers keycard access for convenient and secure access at all hours of the day. Building spaces feature high ceilings, polished concrete floors and tenant controlled central A/C, offering an ideal open work environment for all tenants alike. Spaces offer sub-metered electric and the building is pre-wired with high-speed CAT 6 internet, telecommunications and data services to suit all business' technology needs. Situated in the historic Fashion District and the newly defined Times Square South, the building is close to numerous area amenities; whether it be various retail opportunities or dining selections, the area has it all. With excellent transportation links close by, including Times Square-42nd Street station, Port Authority Bus Terminal, Penn Station, Madison Square Garden and Pier 79 Ferry Terminal, the building's location makes for easy access to come or go.",Office,P 2nd Floor - 202,2100,$39.00 PSF,Asset / Leasing Manager,Alan Steinberg,asteinberg@gfpre.com,(212) 560.3955,https://www.gfpre.com/properties/333-west-39th-street,2026-07-20T21:42:10+00:00
GFP Real Estate,171 Madison Avenue,171 Madison Avenue,"171 Madison Avenue, also known as the Lewittes Building, was designed by the architect William H. Gompert and originally completed in 1918. It offers spaces that range from full floor to partial floor occupancy. The building features a brand new lobby, new building entrance and elevators while spaces offer excellent natural light with exposure on 3 sides. Located just one block from the Empire State Building, 171 Madison Avenue's neo-classical façade is brick with applied masonry. Access to the 6 train is one block away with further connections available at nearby Grand Central Station. Additionally there are many lunchtime options close by including Le Pain Quotidien and Korea Town favorites, with Nomad's vibrant dining scene just a short walk away.","Office, Showroom",P 6th Floor - 602,3700,$50.00 PSF,Asset / Leasing Manager,Allen J. Gurevich,agurevich@gfpre.com,(212) 609.7141,https://www.gfpre.com/properties/171-madison-avenue,2026-07-20T21:42:13+00:00
GFP Real Estate,171 Madison Avenue,171 Madison Avenue,"171 Madison Avenue, also known as the Lewittes Building, was designed by the architect William H. Gompert and originally completed in 1918. It offers spaces that range from full floor to partial floor occupancy. The building features a brand new lobby, new building entrance and elevators while spaces offer excellent natural light with exposure on 3 sides. Located just one block from the Empire State Building, 171 Madison Avenue's neo-classical façade is brick with applied masonry. Access to the 6 train is one block away with further connections available at nearby Grand Central Station. Additionally there are many lunchtime options close by including Le Pain Quotidien and Korea Town favorites, with Nomad's vibrant dining scene just a short walk away.",Office,P 3rd Floor - 300,2100,$55.00 PSF,Asset / Leasing Manager,Allen J. Gurevich,agurevich@gfpre.com,(212) 609.7141,https://www.gfpre.com/properties/171-madison-avenue,2026-07-20T21:42:13+00:00
GFP Real Estate,171 Madison Avenue,171 Madison Avenue,"171 Madison Avenue, also known as the Lewittes Building, was designed by the architect William H. Gompert and originally completed in 1918. It offers spaces that range from full floor to partial floor occupancy. The building features a brand new lobby, new building entrance and elevators while spaces offer excellent natural light with exposure on 3 sides. Located just one block from the Empire State Building, 171 Madison Avenue's neo-classical façade is brick with applied masonry. Access to the 6 train is one block away with further connections available at nearby Grand Central Station. Additionally there are many lunchtime options close by including Le Pain Quotidien and Korea Town favorites, with Nomad's vibrant dining scene just a short walk away.",Office,E 5th Floor - 500,8442,$48.00 PSF,Asset / Leasing Manager,Allen J. Gurevich,agurevich@gfpre.com,(212) 609.7141,https://www.gfpre.com/properties/171-madison-avenue,2026-07-20T21:42:13+00:00
GFP Real Estate,171 Madison Avenue,171 Madison Avenue,"171 Madison Avenue, also known as the Lewittes Building, was designed by the architect William H. Gompert and originally completed in 1918. It offers spaces that range from full floor to partial floor occupancy. The building features a brand new lobby, new building entrance and elevators while spaces offer excellent natural light with exposure on 3 sides. Located just one block from the Empire State Building, 171 Madison Avenue's neo-classical façade is brick with applied masonry. Access to the 6 train is one block away with further connections available at nearby Grand Central Station. Additionally there are many lunchtime options close by including Le Pain Quotidien and Korea Town favorites, with Nomad's vibrant dining scene just a short walk away.",Office,P 15th Floor - 1500,4000,$58.00 PSF,Asset / Leasing Manager,Allen J. Gurevich,agurevich@gfpre.com,(212) 609.7141,https://www.gfpre.com/properties/171-madison-avenue,2026-07-20T21:42:13+00:00
GFP Real Estate,10 Astor Place,10 Astor Place,"10 Astor place was built in 1876 by the architect Griffith Thomas in a neo-Grecian style, and originally constructed as a factory and printing office. This building stands 7 stories tall and encompasses 156,000 square feet featuring a recently renovated building lobby. The building's loft-like spaces feature high ceilings and large windows offering an abundance of natural light. Located on Astor Place and in the Noho district, the building is close to the buzz of the Village with NYU and Washington Square Park just moments away. Retail, coffee shops and restaurants offer a variety of amenities along with quick, easy access to the R, W and 6 trains. Noho, the neighborhood north of Houston Street and bounded by Broadway to the west and Bowery to the east,  stretches half a mile to the north to East 9th Street. Once home to New York’s elite and their palatial mansions, Noho has again become a haven for some of today’s biggest names. They make their homes in immaculately renovated loft spaces, new high-rise glass towers and boutique buildings designed by the likes of Herzog & de Meuron, whose 40 Bond Street with its graffiti gate
has become an architectural landmark over the last decade. The neighborhood caters to its residents with a mix of upscale bars and restaurants and more casual eateries and bars. Favorites include Levain Bakery, a New York institution,
and BondSt impeccable sushi in a slick setting. Coffee shops like La Colombe cater for the workday crowds, students and tourists alike.
Home to Cooper Union, the private college known for art, architecture and engineering, creative names of the future fill the streets between class, just as Andy Warhol, Jean-Michel
Basquiat and Robert Mapplethorpe did before them. Cooper Union’s Italianate Foundation Building dates back to the 1850s and is a major landmark in the area, as is its striking sister
building with its undulating ultra-modern curves situated on the neighborhood’s border with the East Village.",Retail,210-102 Part Ground/Part basement,3490,Upon Request,Asset / Leasing Manager,Neith Stone,nstone@gfpre.com,(917) 854.5116,https://www.gfpre.com/properties/10-astor-place,2026-07-20T21:42:15+00:00
GFP Real Estate,10 Astor Place,10 Astor Place,"10 Astor place was built in 1876 by the architect Griffith Thomas in a neo-Grecian style, and originally constructed as a factory and printing office. This building stands 7 stories tall and encompasses 156,000 square feet featuring a recently renovated building lobby. The building's loft-like spaces feature high ceilings and large windows offering an abundance of natural light. Located on Astor Place and in the Noho district, the building is close to the buzz of the Village with NYU and Washington Square Park just moments away. Retail, coffee shops and restaurants offer a variety of amenities along with quick, easy access to the R, W and 6 trains. Noho, the neighborhood north of Houston Street and bounded by Broadway to the west and Bowery to the east,  stretches half a mile to the north to East 9th Street. Once home to New York’s elite and their palatial mansions, Noho has again become a haven for some of today’s biggest names. They make their homes in immaculately renovated loft spaces, new high-rise glass towers and boutique buildings designed by the likes of Herzog & de Meuron, whose 40 Bond Street with its graffiti gate
has become an architectural landmark over the last decade. The neighborhood caters to its residents with a mix of upscale bars and restaurants and more casual eateries and bars. Favorites include Levain Bakery, a New York institution,
and BondSt impeccable sushi in a slick setting. Coffee shops like La Colombe cater for the workday crowds, students and tourists alike.
Home to Cooper Union, the private college known for art, architecture and engineering, creative names of the future fill the streets between class, just as Andy Warhol, Jean-Michel
Basquiat and Robert Mapplethorpe did before them. Cooper Union’s Italianate Foundation Building dates back to the 1850s and is a major landmark in the area, as is its striking sister
building with its undulating ultra-modern curves situated on the neighborhood’s border with the East Village.",Office,E 6th Floor,19400,Upon Request,Asset / Leasing Manager,Neith Stone,nstone@gfpre.com,(917) 854.5116,https://www.gfpre.com/properties/10-astor-place,2026-07-20T21:42:15+00:00
GFP Real Estate,10 Astor Place,10 Astor Place,"10 Astor place was built in 1876 by the architect Griffith Thomas in a neo-Grecian style, and originally constructed as a factory and printing office. This building stands 7 stories tall and encompasses 156,000 square feet featuring a recently renovated building lobby. The building's loft-like spaces feature high ceilings and large windows offering an abundance of natural light. Located on Astor Place and in the Noho district, the building is close to the buzz of the Village with NYU and Washington Square Park just moments away. Retail, coffee shops and restaurants offer a variety of amenities along with quick, easy access to the R, W and 6 trains. Noho, the neighborhood north of Houston Street and bounded by Broadway to the west and Bowery to the east,  stretches half a mile to the north to East 9th Street. Once home to New York’s elite and their palatial mansions, Noho has again become a haven for some of today’s biggest names. They make their homes in immaculately renovated loft spaces, new high-rise glass towers and boutique buildings designed by the likes of Herzog & de Meuron, whose 40 Bond Street with its graffiti gate
has become an architectural landmark over the last decade. The neighborhood caters to its residents with a mix of upscale bars and restaurants and more casual eateries and bars. Favorites include Levain Bakery, a New York institution,
and BondSt impeccable sushi in a slick setting. Coffee shops like La Colombe cater for the workday crowds, students and tourists alike.
Home to Cooper Union, the private college known for art, architecture and engineering, creative names of the future fill the streets between class, just as Andy Warhol, Jean-Michel
Basquiat and Robert Mapplethorpe did before them. Cooper Union’s Italianate Foundation Building dates back to the 1850s and is a major landmark in the area, as is its striking sister
building with its undulating ultra-modern curves situated on the neighborhood’s border with the East Village.",Office,E 7th Floor,19400,Upon Request,Asset / Leasing Manager,Neith Stone,nstone@gfpre.com,(917) 854.5116,https://www.gfpre.com/properties/10-astor-place,2026-07-20T21:42:15+00:00
GFP Real Estate,305 Seventh Avenue,305 Seventh Avenue,"305 Seventh Avenue was constructed in 1920 and designed by the architects Schwartz & Gross & B.N. Marcus. Spanning 20 floors, the building is a commercial co-op located in the fashionable Chelsea neighborhood situated opposite the Fashion Institute of Technology, and is known for its numerous galleries. Chelsea's favorite coffee shops and restaurants, a local Whole Foods Market, as well as the infamous restaraunts offered in the neighborhood of Nomad to the east highlights an abundance of dining options available within a very short walk. Transportation is provided by the local 1 train a block away as well as rail links on the LIRR and Amtrak, plus multiple subways lines at nearby Penn Station and Herald Square.",Office,P. 12th Floor - Suite 12C,3400,Upon Request,Asset / Leasing Manager,Barbara Yagoda,byagoda@gfpre.com,(212) 372.2168,https://www.gfpre.com/properties/305-seventh-avenue,2026-07-20T21:42:18+00:00
GFP Real Estate,305 Seventh Avenue,305 Seventh Avenue,"305 Seventh Avenue was constructed in 1920 and designed by the architects Schwartz & Gross & B.N. Marcus. Spanning 20 floors, the building is a commercial co-op located in the fashionable Chelsea neighborhood situated opposite the Fashion Institute of Technology, and is known for its numerous galleries. Chelsea's favorite coffee shops and restaurants, a local Whole Foods Market, as well as the infamous restaraunts offered in the neighborhood of Nomad to the east highlights an abundance of dining options available within a very short walk. Transportation is provided by the local 1 train a block away as well as rail links on the LIRR and Amtrak, plus multiple subways lines at nearby Penn Station and Herald Square.",Office,P. 19th Floor - Suite 1920,1200,Upon Request,Asset / Leasing Manager,Barbara Yagoda,byagoda@gfpre.com,(212) 372.2168,https://www.gfpre.com/properties/305-seventh-avenue,2026-07-20T21:42:18+00:00
GFP Real Estate,305 Seventh Avenue,305 Seventh Avenue,"305 Seventh Avenue was constructed in 1920 and designed by the architects Schwartz & Gross & B.N. Marcus. Spanning 20 floors, the building is a commercial co-op located in the fashionable Chelsea neighborhood situated opposite the Fashion Institute of Technology, and is known for its numerous galleries. Chelsea's favorite coffee shops and restaurants, a local Whole Foods Market, as well as the infamous restaraunts offered in the neighborhood of Nomad to the east highlights an abundance of dining options available within a very short walk. Transportation is provided by the local 1 train a block away as well as rail links on the LIRR and Amtrak, plus multiple subways lines at nearby Penn Station and Herald Square.",Office,P. 20th Floor - Suite 2000,2700,Upon Request,Asset / Leasing Manager,Barbara Yagoda,byagoda@gfpre.com,(212) 372.2168,https://www.gfpre.com/properties/305-seventh-avenue,2026-07-20T21:42:18+00:00
GFP Real Estate,307 West 36th Street,307 West 36th Street,"307 West 36th Street is a building completed in 1926 by the architect Emery Roth, it is a classic pre-war 18-story commercial high-rise building originally known as Garment Wear Arcade. Boasting an elegant recently renovated white marble arcade lobby, featuring entrances on both 36th and 37th Streets, the building offers more than 250,000 square feet of office space in the historic Garment District. 307 West 36th Street has become home to a wide range of tenants from notable fashion brand Rebecca Taylor to civic design firm, Urbahn Architects and many non-profits such as GOOD+ Foundation and the Neighborhood Housing Services of New York City. The building has a number of nearby transportation links including A, C and E trains, and the LIRR from Penn Station, which makes for easy access to and from the building. Located nearby are an array of exceptional food and beverage options to choose from whether it be day or night.",Office,P 14th Floor -  Suite 1400,6330,Upon Request,Asset / Leasing Manager,Barbara Yagoda,byagoda@gfpre.com,(212) 372.2168,https://www.gfpre.com/properties/307-west-36th-street,2026-07-20T21:42:20+00:00
GFP Real Estate,307 West 36th Street,307 West 36th Street,"307 West 36th Street is a building completed in 1926 by the architect Emery Roth, it is a classic pre-war 18-story commercial high-rise building originally known as Garment Wear Arcade. Boasting an elegant recently renovated white marble arcade lobby, featuring entrances on both 36th and 37th Streets, the building offers more than 250,000 square feet of office space in the historic Garment District. 307 West 36th Street has become home to a wide range of tenants from notable fashion brand Rebecca Taylor to civic design firm, Urbahn Architects and many non-profits such as GOOD+ Foundation and the Neighborhood Housing Services of New York City. The building has a number of nearby transportation links including A, C and E trains, and the LIRR from Penn Station, which makes for easy access to and from the building. Located nearby are an array of exceptional food and beverage options to choose from whether it be day or night.",Office,12th Floor - Suite 1200,12000,Upon Request,Asset / Leasing Manager,Barbara Yagoda,byagoda@gfpre.com,(212) 372.2168,https://www.gfpre.com/properties/307-west-36th-street,2026-07-20T21:42:20+00:00
GFP Real Estate,307 West 36th Street,307 West 36th Street,"307 West 36th Street is a building completed in 1926 by the architect Emery Roth, it is a classic pre-war 18-story commercial high-rise building originally known as Garment Wear Arcade. Boasting an elegant recently renovated white marble arcade lobby, featuring entrances on both 36th and 37th Streets, the building offers more than 250,000 square feet of office space in the historic Garment District. 307 West 36th Street has become home to a wide range of tenants from notable fashion brand Rebecca Taylor to civic design firm, Urbahn Architects and many non-profits such as GOOD+ Foundation and the Neighborhood Housing Services of New York City. The building has a number of nearby transportation links including A, C and E trains, and the LIRR from Penn Station, which makes for easy access to and from the building. Located nearby are an array of exceptional food and beverage options to choose from whether it be day or night.",Office,Pt. 5th Floor - Suite 501,3437,Upon Request,Asset / Leasing Manager,Barbara Yagoda,byagoda@gfpre.com,(212) 372.2168,https://www.gfpre.com/properties/307-west-36th-street,2026-07-20T21:42:20+00:00
GFP Real Estate,318 West 39th Street,318 West 39th Street,"318 West 39th Street was built in 1915 by the architectural firm of Crow, Lewis, & Wickenhafer on the former site of the Finck Brewery and was originally named the Finck Building. The 8-story building's façade features classically inspired architectural detailing and a welcoming, modernized lobby. Building tenants include the famous bridal designer Amsale as well as Barbara Bush's non-profit organization, Global Health Corp. Situated in the historic Garment District, the building is conveniently close to many area amenities, including the trendy eateries of Hell's Kitchen, and ample transportation links including A, C and E trains on Eighth Avenue, the Port Authority Bus Terminal and nearby Times Square-42nd Street station. Garment District Office Space New York The Garment District lies at the heart of the commuter triangle, marked by Penn Station, Grand Central Station and Port Authority Terminal. Situated between Fifth Avenue and Ninth Avenue, from 34th to 42nd Streets, this area is also known as the Fashion District. It has a rich history as home to showrooms, fashion design and production houses, as well as garment wholesalers. Well-known labels like Carolina Herrera, Calvin Klein and Donna Karan among others all maintain a collection of showrooms, production centers and offices in the area. Even with its rich history in fashion, the economics of manufacturing have changed over the years, so the district has seen an influx of other businesses, including media, creative agencies, law firms and tech. Even so, local sample sales still prove popular with workers and residents. Art plays a vital role in the area with Space for Public Art – a street-level space for local artists and designers to grab the attention of passers-by – and Bene Rialto, featuring emerging brands, an educational co-working space and experiential event space. For a mix of art and café culture, MacarOn Café and Café Grumpy are popular destinations. For mainstream retail all needs are met at 34th Street and Herald Square. Bryant Park to the east offers open space and seating to meet and relax, alongside the stunning New York Public Library’s main building and its 50 million-plus catalog. The major transportation hubs at Penn Station and Times Square serve the Garment District, with access to 1,2,3,A,C,E,N,Q,R and W trains, plus connection to New Jersey Transit, Amtrak, and Long Island Rail Road. Metro-North Railroad can be accessed from Grand Central Terminal.",Office,Entire 10th Floor,13500,Upon Request,Asset / Leasing Manager,Matthew Mandell,mmandell@gfpre.com,(212) 609.8050,https://www.gfpre.com/properties/318-west-39th-street,2026-07-20T21:42:23+00:00
GFP Real Estate,318 West 39th Street,318 West 39th Street,"318 West 39th Street was built in 1915 by the architectural firm of Crow, Lewis, & Wickenhafer on the former site of the Finck Brewery and was originally named the Finck Building. The 8-story building's façade features classically inspired architectural detailing and a welcoming, modernized lobby. Building tenants include the famous bridal designer Amsale as well as Barbara Bush's non-profit organization, Global Health Corp. Situated in the historic Garment District, the building is conveniently close to many area amenities, including the trendy eateries of Hell's Kitchen, and ample transportation links including A, C and E trains on Eighth Avenue, the Port Authority Bus Terminal and nearby Times Square-42nd Street station. Garment District Office Space New York The Garment District lies at the heart of the commuter triangle, marked by Penn Station, Grand Central Station and Port Authority Terminal. Situated between Fifth Avenue and Ninth Avenue, from 34th to 42nd Streets, this area is also known as the Fashion District. It has a rich history as home to showrooms, fashion design and production houses, as well as garment wholesalers. Well-known labels like Carolina Herrera, Calvin Klein and Donna Karan among others all maintain a collection of showrooms, production centers and offices in the area. Even with its rich history in fashion, the economics of manufacturing have changed over the years, so the district has seen an influx of other businesses, including media, creative agencies, law firms and tech. Even so, local sample sales still prove popular with workers and residents. Art plays a vital role in the area with Space for Public Art – a street-level space for local artists and designers to grab the attention of passers-by – and Bene Rialto, featuring emerging brands, an educational co-working space and experiential event space. For a mix of art and café culture, MacarOn Café and Café Grumpy are popular destinations. For mainstream retail all needs are met at 34th Street and Herald Square. Bryant Park to the east offers open space and seating to meet and relax, alongside the stunning New York Public Library’s main building and its 50 million-plus catalog. The major transportation hubs at Penn Station and Times Square serve the Garment District, with access to 1,2,3,A,C,E,N,Q,R and W trains, plus connection to New Jersey Transit, Amtrak, and Long Island Rail Road. Metro-North Railroad can be accessed from Grand Central Terminal.",Office,Entire 2nd Floor,13500,Upon Request,Asset / Leasing Manager,Matthew Mandell,mmandell@gfpre.com,(212) 609.8050,https://www.gfpre.com/properties/318-west-39th-street,2026-07-20T21:42:23+00:00
GFP Real Estate,318 West 39th Street,318 West 39th Street,"318 West 39th Street was built in 1915 by the architectural firm of Crow, Lewis, & Wickenhafer on the former site of the Finck Brewery and was originally named the Finck Building. The 8-story building's façade features classically inspired architectural detailing and a welcoming, modernized lobby. Building tenants include the famous bridal designer Amsale as well as Barbara Bush's non-profit organization, Global Health Corp. Situated in the historic Garment District, the building is conveniently close to many area amenities, including the trendy eateries of Hell's Kitchen, and ample transportation links including A, C and E trains on Eighth Avenue, the Port Authority Bus Terminal and nearby Times Square-42nd Street station. Garment District Office Space New York The Garment District lies at the heart of the commuter triangle, marked by Penn Station, Grand Central Station and Port Authority Terminal. Situated between Fifth Avenue and Ninth Avenue, from 34th to 42nd Streets, this area is also known as the Fashion District. It has a rich history as home to showrooms, fashion design and production houses, as well as garment wholesalers. Well-known labels like Carolina Herrera, Calvin Klein and Donna Karan among others all maintain a collection of showrooms, production centers and offices in the area. Even with its rich history in fashion, the economics of manufacturing have changed over the years, so the district has seen an influx of other businesses, including media, creative agencies, law firms and tech. Even so, local sample sales still prove popular with workers and residents. Art plays a vital role in the area with Space for Public Art – a street-level space for local artists and designers to grab the attention of passers-by – and Bene Rialto, featuring emerging brands, an educational co-working space and experiential event space. For a mix of art and café culture, MacarOn Café and Café Grumpy are popular destinations. For mainstream retail all needs are met at 34th Street and Herald Square. Bryant Park to the east offers open space and seating to meet and relax, alongside the stunning New York Public Library’s main building and its 50 million-plus catalog. The major transportation hubs at Penn Station and Times Square serve the Garment District, with access to 1,2,3,A,C,E,N,Q,R and W trains, plus connection to New Jersey Transit, Amtrak, and Long Island Rail Road. Metro-North Railroad can be accessed from Grand Central Terminal.",Office,P 4th Floor - 401,6000,Upon Request,Asset / Leasing Manager,Matthew Mandell,mmandell@gfpre.com,(212) 609.8050,https://www.gfpre.com/properties/318-west-39th-street,2026-07-20T21:42:23+00:00
GFP Real Estate,322 Eighth Avenue,322 Eighth Avenue,"322 Eighth Avenue was originally built in 1925 by the architects George & Edward Blum in a neo-gothic style. A recent restoration preserved its historic features, while introducing an efficient, modern business environment. In 2015 the building entrance and façade were completely remodeled with a cohesive glass storefront giving the building a cleaner, more expansive look. The main entrance is articulated by a sculptural awning, fabricated by Kammetal in Williamsburg, Brooklyn. Thin aluminum bands smoothly extend from store signage, attractively disguising ventilation louvers, and twisting into a rounded canopy to lure visitors inside. The refurbished building has an elegant marble lobby and dramatic, vaulted ceiling. Five high speed passenger elevators have been upgraded to afford quick service to the building’s 21 floors. Dominating the lobby and complementing its distinctive decor is a stunning period mural. Painted in the style of the renowned American artist, Thomas Hart Benton, it has been expertly restored by a specialist from the Metropolitan Museum of Art. 322 Eighth Avenue sits at an outstanding location convenient to many amenities and transport links.",Retail,P Grnd Fl - Store 1,4801,$130.00 PSF,Asset / Leasing Manager,Allen J. Gurevich,agurevich@gfpre.com,(212) 609.7141,https://www.gfpre.com/properties/322-eighth-avenue,2026-07-20T21:42:25+00:00
GFP Real Estate,322 Eighth Avenue,322 Eighth Avenue,"322 Eighth Avenue was originally built in 1925 by the architects George & Edward Blum in a neo-gothic style. A recent restoration preserved its historic features, while introducing an efficient, modern business environment. In 2015 the building entrance and façade were completely remodeled with a cohesive glass storefront giving the building a cleaner, more expansive look. The main entrance is articulated by a sculptural awning, fabricated by Kammetal in Williamsburg, Brooklyn. Thin aluminum bands smoothly extend from store signage, attractively disguising ventilation louvers, and twisting into a rounded canopy to lure visitors inside. The refurbished building has an elegant marble lobby and dramatic, vaulted ceiling. Five high speed passenger elevators have been upgraded to afford quick service to the building’s 21 floors. Dominating the lobby and complementing its distinctive decor is a stunning period mural. Painted in the style of the renowned American artist, Thomas Hart Benton, it has been expertly restored by a specialist from the Metropolitan Museum of Art. 322 Eighth Avenue sits at an outstanding location convenient to many amenities and transport links.",Office,P 8th Floor - 803,2546,$52.00 PSF,Asset / Leasing Manager,Allen J. Gurevich,agurevich@gfpre.com,(212) 609.7141,https://www.gfpre.com/properties/322-eighth-avenue,2026-07-20T21:42:25+00:00
GFP Real Estate,322 Eighth Avenue,322 Eighth Avenue,"322 Eighth Avenue was originally built in 1925 by the architects George & Edward Blum in a neo-gothic style. A recent restoration preserved its historic features, while introducing an efficient, modern business environment. In 2015 the building entrance and façade were completely remodeled with a cohesive glass storefront giving the building a cleaner, more expansive look. The main entrance is articulated by a sculptural awning, fabricated by Kammetal in Williamsburg, Brooklyn. Thin aluminum bands smoothly extend from store signage, attractively disguising ventilation louvers, and twisting into a rounded canopy to lure visitors inside. The refurbished building has an elegant marble lobby and dramatic, vaulted ceiling. Five high speed passenger elevators have been upgraded to afford quick service to the building’s 21 floors. Dominating the lobby and complementing its distinctive decor is a stunning period mural. Painted in the style of the renowned American artist, Thomas Hart Benton, it has been expertly restored by a specialist from the Metropolitan Museum of Art. 322 Eighth Avenue sits at an outstanding location convenient to many amenities and transport links.",Office,P 6th Floor - 601,7000,$55.00 PSF,Asset / Leasing Manager,Allen J. Gurevich,agurevich@gfpre.com,(212) 609.7141,https://www.gfpre.com/properties/322-eighth-avenue,2026-07-20T21:42:25+00:00
GFP Real Estate,330 Seventh Avenue,330 Seventh Avenue,"330 Seventh Avenue was originally built in 1922 at a height of 239 feet and 20 floors by the architectural firm of Schwartz & Gross. An additional 2 floors were added to the top of the building for a total of 22 stories in 1927. The building boasts a brick exterior neo-classical facade and a brand new building entrance and welcoming canopy was completed in 2018. Along with the new building entrance, the lobby was completely renovated during the same period and is attended 24/7 for convenient and secure access at all hours of the day. Located a block north of the Fashion Institute of Technology, there are numerous daytime dining options along Seventh Avenue, including a Whole Foods Market to the south. Access to the local 1 train is on the building's doorstep, while to the north Penn Station and the Moynihan Train Hall offer multiple transportation links. Only a few blocks away, one can indulge in shopping at the iconic Macy's and various other famous retailers along 34th Street. Chelsea Office Space New York Bound by the Hudson River and Sixth Avenue, Chelsea stretches from 14th Street towards 34th Street.
Home to the High Line, which runs the length of Chelsea and more, a new energy has been injected into West Chelsea. The popular elevated walkway extends to 34th Street and 12th Avenue at Hudson Yards. An impressive mixed-use collection of skyscrapers, parks and plazas being built over the 28-acre West Side Rail Yard crowns Chelsea’s border with Midtown West as one of the most ambitious engineering and construction projects ever seen in the city. One of the larger neighborhoods in Manhattan, Chelsea offers a mix of architectural styles and atmospheres. Its wide avenues are filled with retail, offices, dining and apartment blocks, built on a dramatic scale. A fine pre-war example is Google's East Coast headquarters located at 111 Eighth Avenue, which occupies the full block between Eighth and Ninth Avenues, from 15th to 16th Street. Chelsea Market on Ninth Avenue has dozens of eateries and artisanal retailers. Other area favorites include Red Cat, Bottino, Cookshop and Trestle on Tenth. In the evenings, Peter McManus Café, hosts happy hour for beer with one of their famous burgers, while Bathtub Gin on Ninth serves cocktails in a more upscale speakeasy setting. Chelsea is served by 1, 2 and 3 trains along Seventh Avenue, A, C and E trains along Eighth Avenue and F and M trains along Sixth Avenue.
To the south, the L train terminal at 14th Street takes passengers east across town and to Brooklyn. To the north, the Hudson Yards station provides access to 7 trains, and Penn Station connects hundreds of thousands of passengers to commuter and Amtrak service.",Office,P 9th Floor - 901,3700,Negotiable,Asset / Leasing Manager,Alphie Toro,atoro@gfpre.com,(212) 372.2183,https://www.gfpre.com/properties/330-seventh-avenue,2026-07-20T21:42:28+00:00
GFP Real Estate,330 Seventh Avenue,330 Seventh Avenue,"330 Seventh Avenue was originally built in 1922 at a height of 239 feet and 20 floors by the architectural firm of Schwartz & Gross. An additional 2 floors were added to the top of the building for a total of 22 stories in 1927. The building boasts a brick exterior neo-classical facade and a brand new building entrance and welcoming canopy was completed in 2018. Along with the new building entrance, the lobby was completely renovated during the same period and is attended 24/7 for convenient and secure access at all hours of the day. Located a block north of the Fashion Institute of Technology, there are numerous daytime dining options along Seventh Avenue, including a Whole Foods Market to the south. Access to the local 1 train is on the building's doorstep, while to the north Penn Station and the Moynihan Train Hall offer multiple transportation links. Only a few blocks away, one can indulge in shopping at the iconic Macy's and various other famous retailers along 34th Street. Chelsea Office Space New York Bound by the Hudson River and Sixth Avenue, Chelsea stretches from 14th Street towards 34th Street.
Home to the High Line, which runs the length of Chelsea and more, a new energy has been injected into West Chelsea. The popular elevated walkway extends to 34th Street and 12th Avenue at Hudson Yards. An impressive mixed-use collection of skyscrapers, parks and plazas being built over the 28-acre West Side Rail Yard crowns Chelsea’s border with Midtown West as one of the most ambitious engineering and construction projects ever seen in the city. One of the larger neighborhoods in Manhattan, Chelsea offers a mix of architectural styles and atmospheres. Its wide avenues are filled with retail, offices, dining and apartment blocks, built on a dramatic scale. A fine pre-war example is Google's East Coast headquarters located at 111 Eighth Avenue, which occupies the full block between Eighth and Ninth Avenues, from 15th to 16th Street. Chelsea Market on Ninth Avenue has dozens of eateries and artisanal retailers. Other area favorites include Red Cat, Bottino, Cookshop and Trestle on Tenth. In the evenings, Peter McManus Café, hosts happy hour for beer with one of their famous burgers, while Bathtub Gin on Ninth serves cocktails in a more upscale speakeasy setting. Chelsea is served by 1, 2 and 3 trains along Seventh Avenue, A, C and E trains along Eighth Avenue and F and M trains along Sixth Avenue.
To the south, the L train terminal at 14th Street takes passengers east across town and to Brooklyn. To the north, the Hudson Yards station provides access to 7 trains, and Penn Station connects hundreds of thousands of passengers to commuter and Amtrak service.",Office,1901,5800,Negotiable,Asset / Leasing Manager,Alphie Toro,atoro@gfpre.com,(212) 372.2183,https://www.gfpre.com/properties/330-seventh-avenue,2026-07-20T21:42:28+00:00
GFP Real Estate,330 Seventh Avenue,330 Seventh Avenue,"330 Seventh Avenue was originally built in 1922 at a height of 239 feet and 20 floors by the architectural firm of Schwartz & Gross. An additional 2 floors were added to the top of the building for a total of 22 stories in 1927. The building boasts a brick exterior neo-classical facade and a brand new building entrance and welcoming canopy was completed in 2018. Along with the new building entrance, the lobby was completely renovated during the same period and is attended 24/7 for convenient and secure access at all hours of the day. Located a block north of the Fashion Institute of Technology, there are numerous daytime dining options along Seventh Avenue, including a Whole Foods Market to the south. Access to the local 1 train is on the building's doorstep, while to the north Penn Station and the Moynihan Train Hall offer multiple transportation links. Only a few blocks away, one can indulge in shopping at the iconic Macy's and various other famous retailers along 34th Street. Chelsea Office Space New York Bound by the Hudson River and Sixth Avenue, Chelsea stretches from 14th Street towards 34th Street.
Home to the High Line, which runs the length of Chelsea and more, a new energy has been injected into West Chelsea. The popular elevated walkway extends to 34th Street and 12th Avenue at Hudson Yards. An impressive mixed-use collection of skyscrapers, parks and plazas being built over the 28-acre West Side Rail Yard crowns Chelsea’s border with Midtown West as one of the most ambitious engineering and construction projects ever seen in the city. One of the larger neighborhoods in Manhattan, Chelsea offers a mix of architectural styles and atmospheres. Its wide avenues are filled with retail, offices, dining and apartment blocks, built on a dramatic scale. A fine pre-war example is Google's East Coast headquarters located at 111 Eighth Avenue, which occupies the full block between Eighth and Ninth Avenues, from 15th to 16th Street. Chelsea Market on Ninth Avenue has dozens of eateries and artisanal retailers. Other area favorites include Red Cat, Bottino, Cookshop and Trestle on Tenth. In the evenings, Peter McManus Café, hosts happy hour for beer with one of their famous burgers, while Bathtub Gin on Ninth serves cocktails in a more upscale speakeasy setting. Chelsea is served by 1, 2 and 3 trains along Seventh Avenue, A, C and E trains along Eighth Avenue and F and M trains along Sixth Avenue.
To the south, the L train terminal at 14th Street takes passengers east across town and to Brooklyn. To the north, the Hudson Yards station provides access to 7 trains, and Penn Station connects hundreds of thousands of passengers to commuter and Amtrak service.",Office,1801,6650,Negotiable,Asset / Leasing Manager,Alphie Toro,atoro@gfpre.com,(212) 372.2183,https://www.gfpre.com/properties/330-seventh-avenue,2026-07-20T21:42:28+00:00
GFP Real Estate,43-01 22nd Street,43-01 22nd Street,"43-01 22nd Street is a 222,000 square foot building constructed in 1925 which features 35,000 square foot floor plates that can be divided and accommodate tenants of all sizes. This fully renovated six story building is located on a full-block lot between 43rd and 44th Avenues in the heart of Long Island City. The property boasts spacious, light-filled offices, stunning views, and close proximity to midtown Manhattan. The building's location offers unbeatable access with three subway stations and several bus lines close by. In just 7 minutes you can be at Grand Central by train. With convenient, direct access to Manhattan and the closely knit neighborhood feel of Long Island City, 43-01 22nd Street makes for the ideal workplace.",Office,Suite 390,4434,Upon Request,Asset / Leasing Manager,Rhonda Singer,rsinger@gfpre.com,(917) 327.0396,https://www.gfpre.com/properties/43-01-22nd-street,2026-07-20T21:42:30+00:00
GFP Real Estate,43-01 22nd Street,43-01 22nd Street,"43-01 22nd Street is a 222,000 square foot building constructed in 1925 which features 35,000 square foot floor plates that can be divided and accommodate tenants of all sizes. This fully renovated six story building is located on a full-block lot between 43rd and 44th Avenues in the heart of Long Island City. The property boasts spacious, light-filled offices, stunning views, and close proximity to midtown Manhattan. The building's location offers unbeatable access with three subway stations and several bus lines close by. In just 7 minutes you can be at Grand Central by train. With convenient, direct access to Manhattan and the closely knit neighborhood feel of Long Island City, 43-01 22nd Street makes for the ideal workplace.",Office,Suite 524,1096,Upon Request,Asset / Leasing Manager,Rhonda Singer,rsinger@gfpre.com,(917) 327.0396,https://www.gfpre.com/properties/43-01-22nd-street,2026-07-20T21:42:30+00:00
GFP Real Estate,43-01 22nd Street,43-01 22nd Street,"43-01 22nd Street is a 222,000 square foot building constructed in 1925 which features 35,000 square foot floor plates that can be divided and accommodate tenants of all sizes. This fully renovated six story building is located on a full-block lot between 43rd and 44th Avenues in the heart of Long Island City. The property boasts spacious, light-filled offices, stunning views, and close proximity to midtown Manhattan. The building's location offers unbeatable access with three subway stations and several bus lines close by. In just 7 minutes you can be at Grand Central by train. With convenient, direct access to Manhattan and the closely knit neighborhood feel of Long Island City, 43-01 22nd Street makes for the ideal workplace.",Office,P 6th Floor North,19669,Upon Request,Asset / Leasing Manager,Rhonda Singer,rsinger@gfpre.com,(917) 327.0396,https://www.gfpre.com/properties/43-01-22nd-street,2026-07-20T21:42:30+00:00
GFP Real Estate,149 West 36th Street,149 West 36th Street,"149 West 36th Street is a 12-story 58,000 square foot office building located in NYC's historic Garment District that was completed in 1909 and designed by Mulliken & Moeller. This side-core building boasts floorplates that maximize efficiency with interiors that feature high ceilings, architectural detailing and an abundance of windows, flooding spaces with natural light. Situated at the heart of the commuter triangle, the building is conveniently located equidistant from three of Manhattan's major transportation hubs: Grand Central Station, Penn Station including the Moynihan Train Hall plus the Port Authority Terminal. The area offers tenants a full range of modern conveniences and amenities including Shake Shack Herald Square, Urban Outfitters, Muji, and Parker & Quinn. It is a quick five minute walk to Bryant Park. To enjoy an after-work cocktail with breathtaking views of the city, tenants can visit a number of top Manhattan roof bars in the area, including the Skylark, Refinery Hotel, Top of The Strand, Spyglass Rooftop Bar and Monarch Rooftop Lounge.",Office,E 2nd Floor,6000,Upon Request,Asset / Leasing Manager,Todd Koren,tkorren@lee-associates.com,(212) 776.1283,https://www.gfpre.com/properties/149-west-36th-street,2026-07-20T21:42:33+00:00
GFP Real Estate,149 West 36th Street,149 West 36th Street,"149 West 36th Street is a 12-story 58,000 square foot office building located in NYC's historic Garment District that was completed in 1909 and designed by Mulliken & Moeller. This side-core building boasts floorplates that maximize efficiency with interiors that feature high ceilings, architectural detailing and an abundance of windows, flooding spaces with natural light. Situated at the heart of the commuter triangle, the building is conveniently located equidistant from three of Manhattan's major transportation hubs: Grand Central Station, Penn Station including the Moynihan Train Hall plus the Port Authority Terminal. The area offers tenants a full range of modern conveniences and amenities including Shake Shack Herald Square, Urban Outfitters, Muji, and Parker & Quinn. It is a quick five minute walk to Bryant Park. To enjoy an after-work cocktail with breathtaking views of the city, tenants can visit a number of top Manhattan roof bars in the area, including the Skylark, Refinery Hotel, Top of The Strand, Spyglass Rooftop Bar and Monarch Rooftop Lounge.",,Sample  Finished Space,,,Asset / Leasing Manager,Todd Koren,tkorren@lee-associates.com,(212) 776.1283,https://www.gfpre.com/properties/149-west-36th-street,2026-07-20T21:42:33+00:00
GFP Real Estate,150 Bay Street,150 Bay Street,"150 Bay Street, a landmark loft building listed on the Federal Register of Historic Places, is a building in the Powerhouse Arts District that embodies the true artist/luxury loft experience and is the ideal place to work, live and play. Built in 1908 as a warehouse by the architect Howard Chapman, the property was converted to residential, commercial and retail spaces in the 21st century. Interiors feature open floor plans, 14' high ceilings, over-sized windows offering abundant natural light, and historic, architectural detail that all distinguish 150 Bay Street as a premiere luxury loft community to work or live. Further amenities include polished concrete floors and fully equipped kitchens with granite counter tops and brand new appliances to complement spaces that are ideal for entertaining. Conveniently located just minutes from Manhattan via the PATH train or NY Waterway Ferry, and surrounded by burgeoning restaurants, bars and retailers, Jersey City has become a desirable alternative to Manhattan with 150 Bay Street offering all that is needed for a truly modern, luxurious and convenient lifestyle.",Office,3rd Floor,40000,Upon request,Asset / Leasing Manager,Rhonda Singer,rsinger@gfpre.com,(917) 327.0396,https://www.gfpre.com/properties/150-bay-street,2026-07-20T21:42:35+00:00
GFP Real Estate,150 Bay Street,150 Bay Street,"150 Bay Street, a landmark loft building listed on the Federal Register of Historic Places, is a building in the Powerhouse Arts District that embodies the true artist/luxury loft experience and is the ideal place to work, live and play. Built in 1908 as a warehouse by the architect Howard Chapman, the property was converted to residential, commercial and retail spaces in the 21st century. Interiors feature open floor plans, 14' high ceilings, over-sized windows offering abundant natural light, and historic, architectural detail that all distinguish 150 Bay Street as a premiere luxury loft community to work or live. Further amenities include polished concrete floors and fully equipped kitchens with granite counter tops and brand new appliances to complement spaces that are ideal for entertaining. Conveniently located just minutes from Manhattan via the PATH train or NY Waterway Ferry, and surrounded by burgeoning restaurants, bars and retailers, Jersey City has become a desirable alternative to Manhattan with 150 Bay Street offering all that is needed for a truly modern, luxurious and convenient lifestyle.",Art Studio,2nd Floor,1200,Upon request,Asset / Leasing Manager,Rhonda Singer,rsinger@gfpre.com,(917) 327.0396,https://www.gfpre.com/properties/150-bay-street,2026-07-20T21:42:35+00:00
GFP Real Estate,247 West 37th Street,247 West 37th Street,"Garment District Office Space New York 247 West 37th Street sits on land originally assembled by the prominent real estate developer A.E. Lefcourt, at which time it was the largest plot in the Garment District controlled by an individual owner. The current building was designed by the architectural firm of Gronenberg & Leuchtag and built by the Bricken Construction Company in 1924, and so was originally known as the Bricken Centre Building. The building has recently undergone significant renovations and boasts state-of-the-art elevators and a brand new lobby. 247 is home to an array of non-profit and fashion tenants such as JASA, Workmens Circle, The Settlement Housing Fund and the famous American designer, Prabal Gurung. Located in the base of the building is Stitch Bar & Lounge which was voted the best ""After Work Bar"" in New York City by Citysearch.com. Situated in the heart of the historic Garment District, the building allows for a convenient walk to nearly any amenity, and numerous transit options are blocks away, allowing for a hassle-free commute to or from the building.",Office,P 2nd Floor - 200,8589,Upon Request,Asset / Leasing Manager,Matthew Mandell,mmandell@gfpre.com,(212) 609.8050,https://www.gfpre.com/properties/247-west-37th-street,2026-07-20T21:42:38+00:00
GFP Real Estate,247 West 37th Street,247 West 37th Street,"Garment District Office Space New York 247 West 37th Street sits on land originally assembled by the prominent real estate developer A.E. Lefcourt, at which time it was the largest plot in the Garment District controlled by an individual owner. The current building was designed by the architectural firm of Gronenberg & Leuchtag and built by the Bricken Construction Company in 1924, and so was originally known as the Bricken Centre Building. The building has recently undergone significant renovations and boasts state-of-the-art elevators and a brand new lobby. 247 is home to an array of non-profit and fashion tenants such as JASA, Workmens Circle, The Settlement Housing Fund and the famous American designer, Prabal Gurung. Located in the base of the building is Stitch Bar & Lounge which was voted the best ""After Work Bar"" in New York City by Citysearch.com. Situated in the heart of the historic Garment District, the building allows for a convenient walk to nearly any amenity, and numerous transit options are blocks away, allowing for a hassle-free commute to or from the building.",Office,P 5th Floor - 500,9750,Upon Request,Asset / Leasing Manager,Matthew Mandell,mmandell@gfpre.com,(212) 609.8050,https://www.gfpre.com/properties/247-west-37th-street,2026-07-20T21:42:38+00:00
GFP Real Estate,353 West 39th Street,353 West 39th Street,"353 West 39th Street was built in 1928 by the architect Frank S. Parker and rises fourteen stories. While the majority of the building has converted to residential co-ops, the first four
floors remain as commercial space. The 41,500 square feet of commercial space has been renovated to provide quality loft- style offices. The modernized lobby with industrial design is exclusively for commercial tenants. It is attended 24/7 and offers keycard access for convenient and secure access at all hours of the day. Offices benefit from high ceilings, polished concrete floors, tenant-controlled central A/C, and new windows on all four sides flooding these open areas with natural light, providing for an ideal open work environment. Direct metered electric on full floors and sub-metered electric on partial floors is provided and the building is pre-wired with high-speed CAT6 telecom and data services. This building is situated in historic Garment District close to many amenities, including the eateries of Hell's Kitchen, and ample transportation links including A, C and E trains on Eighth Avenue, the Port Authority Bus Terminal, nearby Times Square-42nd Street station and Pier 79 Ferry Terminal.",Office,P 4th Floor - South,5795,$39.00 PSF,Asset / Leasing Manager,Alan Steinberg,asteinberg@gfpre.com,(212) 560.3955,https://www.gfpre.com/properties/353-west-39th-street,2026-07-20T21:42:40+00:00
GFP Real Estate,353 West 39th Street,353 West 39th Street,"353 West 39th Street was built in 1928 by the architect Frank S. Parker and rises fourteen stories. While the majority of the building has converted to residential co-ops, the first four
floors remain as commercial space. The 41,500 square feet of commercial space has been renovated to provide quality loft- style offices. The modernized lobby with industrial design is exclusively for commercial tenants. It is attended 24/7 and offers keycard access for convenient and secure access at all hours of the day. Offices benefit from high ceilings, polished concrete floors, tenant-controlled central A/C, and new windows on all four sides flooding these open areas with natural light, providing for an ideal open work environment. Direct metered electric on full floors and sub-metered electric on partial floors is provided and the building is pre-wired with high-speed CAT6 telecom and data services. This building is situated in historic Garment District close to many amenities, including the eateries of Hell's Kitchen, and ample transportation links including A, C and E trains on Eighth Avenue, the Port Authority Bus Terminal, nearby Times Square-42nd Street station and Pier 79 Ferry Terminal.",Office,E2,8900,$39.00 PSF,Asset / Leasing Manager,Alan Steinberg,asteinberg@gfpre.com,(212) 560.3955,https://www.gfpre.com/properties/353-west-39th-street,2026-07-20T21:42:40+00:00
GFP Real Estate,589 Eighth Avenue,589 Eighth Avenue,"589 Eighth Avenue was built in 1927 by the architect Charles B. Meyers, it sits on the corner of Eighth Avenue and West 39th Street. The 23-story plus penthouse building features new windows highlighting excellent views of the city as well as a newly restored Art Deco style lobby which is attended seven days a week. Building spaces feature high ceilings, polished concrete floors and tenant controlled A/C allowing for a quintessential open-flow work environment. Located in the booming Times Square South District, this building sits steps away from numerous amenities along Eighth Avenue including many transportation lines as well as various dining options. With transportation links provided by the A, C and E trains, and Port Authority Bus Terminal so close by, the building's location makes for easy access to come and go.",Office,E10,5200,$39.00 PSF,Asset / Leasing Manager,Alan Steinberg,asteinberg@gfpre.com,(212) 560.3955,https://www.gfpre.com/properties/589-eighth-avenue,2026-07-20T21:42:43+00:00
GFP Real Estate,589 Eighth Avenue,589 Eighth Avenue,"589 Eighth Avenue was built in 1927 by the architect Charles B. Meyers, it sits on the corner of Eighth Avenue and West 39th Street. The 23-story plus penthouse building features new windows highlighting excellent views of the city as well as a newly restored Art Deco style lobby which is attended seven days a week. Building spaces feature high ceilings, polished concrete floors and tenant controlled A/C allowing for a quintessential open-flow work environment. Located in the booming Times Square South District, this building sits steps away from numerous amenities along Eighth Avenue including many transportation lines as well as various dining options. With transportation links provided by the A, C and E trains, and Port Authority Bus Terminal so close by, the building's location makes for easy access to come and go.",Office,E14,5200,$39.00 PSF,Asset / Leasing Manager,Alan Steinberg,asteinberg@gfpre.com,(212) 560.3955,https://www.gfpre.com/properties/589-eighth-avenue,2026-07-20T21:42:43+00:00
GFP Real Estate,767 Lexington Avenue,767 Lexington Avenue,"767 Lexington Avenue is a six-story low-rise building located in the Lenox Hill part of Manhattan. Constructed from brick and terrazzo in 1936 and designed by the architect S.F. Oppenheimer, the building offers 17,000 SF of commercial office and retail space. Located between E 60th and E 61st Street, this building stands in a prime position next door to the iconic Bloomingdale's, the nearby luxury retail offering is further complemented by numerous coffee shops, restaurants and day-to-day amenities. Transportation on the doorstep includes 4, 5, 6, N, R and W subway lines.",Office,P 5th Floor-502,285,Upon request,Asset / Leasing Manager,Martin McGrath,mmcgrath@gfpre.com,(212) 688.4730,https://www.gfpre.com/properties/767-lexington-avenue,2026-07-20T21:42:45+00:00
GFP Real Estate,767 Lexington Avenue,767 Lexington Avenue,"767 Lexington Avenue is a six-story low-rise building located in the Lenox Hill part of Manhattan. Constructed from brick and terrazzo in 1936 and designed by the architect S.F. Oppenheimer, the building offers 17,000 SF of commercial office and retail space. Located between E 60th and E 61st Street, this building stands in a prime position next door to the iconic Bloomingdale's, the nearby luxury retail offering is further complemented by numerous coffee shops, restaurants and day-to-day amenities. Transportation on the doorstep includes 4, 5, 6, N, R and W subway lines.",Office,P 5th Floor-505,899,Upon request,Asset / Leasing Manager,Martin McGrath,mmcgrath@gfpre.com,(212) 688.4730,https://www.gfpre.com/properties/767-lexington-avenue,2026-07-20T21:42:45+00:00
GFP Real Estate,80 Eighth Avenue,80 Eighth Avenue,"80 Eighth Avenue was completed in 1929 and originally known as the Banker's Trust Company Building. It was designed by the architect William Whitehall in a neo-Gothic style. Standing 282 feet tall and 20 stories high, the building offers 185,000 square feet of commercial space in a prime location. Situated at the crossroads of Chelsea, the Meatpacking District and the West Village, and a block away from Google's New York headquarters, this area has become a highly desired location for all tenants alike. The newly renovated lobby was restored to showcase the buildings authentic architectural elements and modernized to appeal to today's tenants. The building's location provides a wealth of day-to-day amenities including quick access to excellent dining, retail and galleries that fill the nearby streets. Additionally, Chelsea Market and Apple W14th are only one avenue away. The A, C, E, and L trains are located directly below the building, while the 1, 2, and 3 trains are found a block away making for an easy commute to and from the building. Meatpacking District / Chelsea Office Space New York Now home to the Whitney Museum and the southern end of the Highline, the Meatpacking District has come a long way. The transformation could not be more remarkable; where there were still abattoirs and dive bars just a decade or two ago, now slick designer stores, destination dining and nightlife sit side-by- side, with New York’s exclusive Soho House and the perennially popular Standard Hotel defining the scene. Casual popular eateries include Chelsea Market, Grey Dog and Westville, while for Michelin-starred fare, Mario Batali and Joseph and Lidia Bastianich's Del Posto or the Maritime Hotel's La Sirena remain popular. Beneath the Maritime Hotel the hot spot Tao Downtown, serves fine pan-Asian cuisine within a club atmosphere, catering to celebrities and high-end clientle.
In recent years the southern end of Chelsea has emulated its freshly-polished neighbor, the Meatpacking District, with shoppers heading to Renovation Hardware, Apple and upscale boutiques such as Comme des Garçons and Helmut Lang. In its west, affluent art collectors flock to the area's nearly 200 commercial art galleries. Anchored by pre-war staples, such as Google's 111 Eighth Avenue, striking examples of modern architecture have injected new life into the old streets, including the IAC Building by Frank Gehry – InterActiveCorp's headquarters. This district is home to some of the City's largest and most progressive tenants, including Google, DVF, Major League Baseball and EMI Publishing.
The Meatpacking District and neighboring Chelsea are served by A, C, and E trains along Eighth Avenue and the L train at 14th Street for journeys across town and to Brooklyn. 1, 2 and 3 train service is a short walk away on Seventh Avenue.",Office,P 2nd Floor - 202,2714,Upon Request,Asset / Leasing Manager,Matthew Mandell,mmandell@gfpre.com,(212) 609.8050,https://www.gfpre.com/properties/80-eighth-avenue,2026-07-20T21:42:47+00:00
GFP Real Estate,80 Eighth Avenue,80 Eighth Avenue,"80 Eighth Avenue was completed in 1929 and originally known as the Banker's Trust Company Building. It was designed by the architect William Whitehall in a neo-Gothic style. Standing 282 feet tall and 20 stories high, the building offers 185,000 square feet of commercial space in a prime location. Situated at the crossroads of Chelsea, the Meatpacking District and the West Village, and a block away from Google's New York headquarters, this area has become a highly desired location for all tenants alike. The newly renovated lobby was restored to showcase the buildings authentic architectural elements and modernized to appeal to today's tenants. The building's location provides a wealth of day-to-day amenities including quick access to excellent dining, retail and galleries that fill the nearby streets. Additionally, Chelsea Market and Apple W14th are only one avenue away. The A, C, E, and L trains are located directly below the building, while the 1, 2, and 3 trains are found a block away making for an easy commute to and from the building. Meatpacking District / Chelsea Office Space New York Now home to the Whitney Museum and the southern end of the Highline, the Meatpacking District has come a long way. The transformation could not be more remarkable; where there were still abattoirs and dive bars just a decade or two ago, now slick designer stores, destination dining and nightlife sit side-by- side, with New York’s exclusive Soho House and the perennially popular Standard Hotel defining the scene. Casual popular eateries include Chelsea Market, Grey Dog and Westville, while for Michelin-starred fare, Mario Batali and Joseph and Lidia Bastianich's Del Posto or the Maritime Hotel's La Sirena remain popular. Beneath the Maritime Hotel the hot spot Tao Downtown, serves fine pan-Asian cuisine within a club atmosphere, catering to celebrities and high-end clientle.
In recent years the southern end of Chelsea has emulated its freshly-polished neighbor, the Meatpacking District, with shoppers heading to Renovation Hardware, Apple and upscale boutiques such as Comme des Garçons and Helmut Lang. In its west, affluent art collectors flock to the area's nearly 200 commercial art galleries. Anchored by pre-war staples, such as Google's 111 Eighth Avenue, striking examples of modern architecture have injected new life into the old streets, including the IAC Building by Frank Gehry – InterActiveCorp's headquarters. This district is home to some of the City's largest and most progressive tenants, including Google, DVF, Major League Baseball and EMI Publishing.
The Meatpacking District and neighboring Chelsea are served by A, C, and E trains along Eighth Avenue and the L train at 14th Street for journeys across town and to Brooklyn. 1, 2 and 3 train service is a short walk away on Seventh Avenue.",Office,P 11th Floor - 1106,1334,Upon Request,Asset / Leasing Manager,Matthew Mandell,mmandell@gfpre.com,(212) 609.8050,https://www.gfpre.com/properties/80-eighth-avenue,2026-07-20T21:42:47+00:00
GFP Real Estate,100 Pearl Street,100 Pearl Street,"Fully modernized with all new infrastructure and stylish amenities, 100 Pearl Street is the ultimate Downtown address for forward-thinking companies. From a reimagined lobby to the tenant exclusive rooftop and lounge, it is designed to inspire. Surrounded by top dining, shopping, entertainment, and multi-modal transit options, it puts tenants at the center of everything they want and need. Highlights Include: • Fully redeveloped building and modernized infrastructure • Brand new building lobby and entrance • On-site food and market hall, coffee and wine bar, white tablecloth restaurant, etc. • Prime downtown location with seamless access to transportation • Impressive views of the New York Harbor",Office,Floor 18,37115,Upon request,Asset / Leasing Manager,Allen J. Gurevich,agurevich@gfpre.com,(212) 609.7141,https://www.gfpre.com/properties/100-pearl,2026-07-20T21:42:50+00:00
GFP Real Estate,100 Pearl Street,100 Pearl Street,"Fully modernized with all new infrastructure and stylish amenities, 100 Pearl Street is the ultimate Downtown address for forward-thinking companies. From a reimagined lobby to the tenant exclusive rooftop and lounge, it is designed to inspire. Surrounded by top dining, shopping, entertainment, and multi-modal transit options, it puts tenants at the center of everything they want and need. Highlights Include: • Fully redeveloped building and modernized infrastructure • Brand new building lobby and entrance • On-site food and market hall, coffee and wine bar, white tablecloth restaurant, etc. • Prime downtown location with seamless access to transportation • Impressive views of the New York Harbor",Retail,Restaurant Retail,4815,Upon request,Asset / Leasing Manager,Allen J. Gurevich,agurevich@gfpre.com,(212) 609.7141,https://www.gfpre.com/properties/100-pearl,2026-07-20T21:42:50+00:00
GFP Real Estate,175 Fifth Avenue - Flatiron Building,175 Fifth Avenue - Flatiron Building,"The Flatiron Building, New York City's Most Iconic Landmark 175 Fifth Avenue is the location of the triangular 22-story landmark known as the Flatiron Building was considered to be a pioneering skyscraper of its era. Upon completion in 1902, it was one of the tallest buildings in the city at 20 floors high and one of only two skyscrapers north of 14th Street. The building sits on a triangular block formed by Fifth Avenue, Broadway, and East 22nd Street, with 23rd Street grazing the triangle’s northern peak. The building's name “Flatiron” is derived from its resemblance to a cast-iron clothes iron. The building, which has been called “one of the world’s most iconic skyscrapers and a quintessential symbol of New York City”, anchors the south end of Madison Square Park. The neighborhood around it is called the Flatiron District after its signature building, which has become an icon of New York City, and the linchpin to a bustling district that is home to a wide variety of excellent dining and retail options. Transportation is provided by the R and W trains at the adjacent 23rd Street station, with access to F and M trains and PATH service a block away at 6th Avenue, and the 6 train at Park Avenue South.",Office,Floors 2-21,204178,Upon request,Asset / Leasing Manager,Jane Gural-Senders,jsenders@230fifthave.com,(212) 689.6307,https://www.gfpre.com/properties/175-fifth-avenue,2026-07-20T21:42:53+00:00
GFP Real Estate,27 Union Square West,27 Union Square West,"27 Union Square West is a 5-story early-modern building that was built in 1959 by the architect Max Siegel. The east side of the building, facing Union Square Park has a curtain wall of aluminum, glass, and blue-green panels. The north side of the building is clad in white brick with horizontal window bands. The ground floor was occupied by the iconic Coffee Shop for over 31 years, with office space on floors 2 to 5. Union Square provides an excellent transport hub with access to the L, N, Q, R, W, 4, 5, and 6 trains, its renowned farmers' market, restaurants, varied retail, including the sprawling Barnes & Noble on the north side of the square, and the always popular W Hotel with its buzzing bar scene.",Office,P. 3rd Floor - Suite 300,1625,Upon Request,Asset / Leasing Manager,Barbara Yagoda,byagoda@gfpre.com,(212) 372.2168,https://www.gfpre.com/properties/27-union-square-west,2026-07-20T21:42:55+00:00
GFP Real Estate,33 Irving Place,33 Irving Place,"33 Irving Place (also known as 120 East 16th Street) was formerly known as the Crown Building, and is now known as the Mercantile Building It is a pre-war full-service Art Deco office building with a prime location between East 15th and East 16th Streets, situated along charming Irving Place. Built in 1909 by the architectural firm Goldwin Starrett & Van Vleck, the same firm that designed the acclaimed Saks Fifth Avenue building. Converted in 1987, the building has 12 floors, 6 passenger elevators and 1 freight elevator, and boasts a tastefully renovated lobby. It is located steps from numerous parks, including Gramercy Park, Stuyvesant Square and the bustling Union Square Park. In 2017, the building was awarded an Energy Start label for its operating efficiency. Bordering Union Square, Irving Place is a coveted location near the growing center of NYC tech. While tech companies are sprinkled throughout the area, the neighborhood also provides easy access to a myriad of restaurants, shops and mass transit options.",Retail,Ground Floor,10700,Upon Request,Asset / Leasing Manager,Alphie Toro,atoro@gfpre.com,(212) 372.2183,https://www.gfpre.com/properties/33-irving-place,2026-07-20T21:42:58+00:00
GFP Real Estate,40 Worth Street,40 Worth Street,"40 Worth Street is a neo-classical building, also known as the Merchants Square Building that was built in 1929 by the architectural firm of Jardine, Hill & Murdock. Situated in upscale Tribeca in Manhattan, the building totals nearly 800,000 square feet, and occupies a full block from Worth Street to Thomas Street between West Broadway & Church Street. The main entrance on Worth Street offers tenants access to the public arcade; the arcade, accessed otherwise via a separate entrance on Church Street. With large, efficient floorplates and oversized windows throughout, the building proffers abundant natural light and exceptional city views, catering to small, medium and large tenants alike. Building tenants include an array of major non-profits including the Acumen Fund, the Legal Aid Society and the Innocence Project. It is also the East Coast Headquarters for the iconic fashion brand, The Gap. A renowned bakery located in the building serves delicious breakfast and lunch and the surrounding neighborhood offers an array of both casual and upscale dining. Access to the 1, 2 and 3 trains a few blocks away, with further subway lines also easily accessible on foot.",Office,P 7th Floor - 704,3029,Upon Request,Asset / Leasing Manager,Roy Lapidus,rlapidus@gfpre.com,(212) 372.2170,https://www.gfpre.com/properties/40-worth-street,2026-07-20T21:43:00+00:00
GFP Real Estate,45 West 34th Street,45 West 34th Street,"The Building 45 West 34th Street is a historic building completed in 1907 by the architects Howells & Stokes. Recent capital improvements include a stunning new lobby, elevators, windows and common corridors. The building stands at twelve stories and 111,500 square feet. Featuring a stone façade with carved architectural detailing that highlight the windows of every floor.
With boutique full floors that can easily divide, the building is an ideal option for both medium-to-small tenants alike. Location Situated in the midst of the bustling 34th Street, the building caters to all tenants needs. Amenities Tenants can enjoy a wealth of food, beverage and retail options seconds from the doorstep. Travel Connections The address has easy access to many mass transportation links. These include the N,R,W,F,M, 6 subway trains, PATH trains as well as both Penn Station and Grand Central Station. Garment District Office Space New York The Garment District lies at the heart of the commuter triangle, marked by Penn Station, Grand Central Station and Port Authority Terminal. Situated between Fifth Avenue and Ninth Avenue, from 34th to 42nd Streets, this area is also known as the Fashion District. It has a rich history as home to showrooms, fashion design and production houses, as well as garment wholesalers. Well-known labels like Carolina Herrera, Calvin Klein and Donna Karan among others all maintain a collection of showrooms, production centers and offices in the area. Even with its rich history in fashion, the economics of manufacturing have changed over the years, so the district has seen an influx of other businesses, including media, creative agencies law firms and tech. Even so, local sample sales still prove popular with workers and residents.
Art plays a vital role in the area with Space for Public Art – a street-level space for local artists and designers to grab the attention of passers-by – and Bene Rialto, featuring emerging brands, an educational co-working space and experiential event space. For a mix of art and café culture, MacarOn Café and Café Grumpy are popular destinations. For mainstream retail all needs are met at 34th Street and Herald Square. Bryant Park to the east offers open space and seating to meet and relax, alongside the stunning New York Public Library’s main building and its 50 million-plus catalog. The major transportation hubs at Penn Station and Times Square serve the Garment District, with access to 1,2,3,A,C,E,N,Q,R and W trains, plus connection to New Jersey Transit, Amtrak and Long Island Rail Road. Metro-North Railroad can be accessed from Grand Central Terminal.",Office,P 8th Floor - 810-812,2775,$53.00 per RSF,Asset / Leasing Manager,Alphie Toro,atoro@gfpre.com,(212) 372.2183,https://www.gfpre.com/properties/45-west-34th-street,2026-07-20T21:43:03+00:00
GFP Real Estate,594 Broadway,594 Broadway,"Formerly known as the Lyons Building, 594 Broadway, a 70-foot tall, 12-story office building was completed in 1898. Originally designed by Buchman & Deisler as a department store, the building is situated along Broadway between bustling West Houston and Prince Streets. These loft-like office spaces feature exposed brick walls, high ceilings, wooden floors, original architectural columns and large windows providing
an abundance of natural light and exceptional city views. Located in the trendy neighborhood of Soho, one of Manhattan's most iconic shopping meccas, 594 Broadway is surrounded by numerous dining options to supplement the world-renowned retail offering. Strategically positioned only one block south of the 6 train and only one block north from
the R and W trains, the building's location is convenient for all commuters. SOHO Office Space New York Soho’s famous, landmarked, cast iron buildings with their iconic fire escapes are among the finest in the world, and were originally home to the city’s textile industry. As the textile merchants moved on, the neighborhood fell into decline until it was re-discovered by artists and gallery owners seeking sprawling spaces, who brought life back to the empty buildings. Today, although some galleries remain, the district south of Houston Street is alive with commerce as one of the city’s great retail meccas, drawing heavy footfall from across the city and the world. High-end international fashion retailers line the streets, with Prada’s Rem Koolhaas-designed flagship, Balenciaga, Versace, Louis Vuitton and many more showcasing the finest in fashion. Along Broadway shoppers head to Nike, Converse, Zara and H&M, plus Bloomingdale’s Downtown store, and those not after apparel are drawn to Apple, the MoMA Design Store, or to browse in the Housing Works Bookstore. Interspersed within you will find luxurious boutique hotels and numerous restaurants, bars and cafés that serve the bustling neighborhood. In floors above the ground floor retail, offices and lofty residential space are among some of the most coveted in Manhattan. Commercial tenants in the area include Estée Lauder and the world’s largest children’s book publisher Scholastic.",Retail,Suite 103,2768,Upon Request,Asset / Leasing Manager,Neith Stone,nstone@gfpre.com,(917) 854.5116,https://www.gfpre.com/properties/594-broadway,2026-07-20T21:43:05+00:00
GFP Real Estate,740 Broadway,740 Broadway,"740 Broadway is a loft building that was built in 1912 and designed by architect Francis H. Kimball in Beaux-Arts style. Prominently situated on the Southeast corner of Broadway and Astor Place in Manhattan's Noho neighborhood, the building offers efficient flexible floorplates, high ceilings, tenant-controlled A/C and new large operable windows that provide an abundance of natural light and unobstructed views north. A brand new contemporary building lobby featuring state-of-the-art architectural media walls which showcase breathtaking video footage of nature from around the world, was completed in 2017. Located just by Astor Place the building is close to the buzz of the Village with NYU to the west and the East Village to the east. Scattered retail, coffee shops and restaurants offer a variety of close-by amenities to the building. Transportation to and from 740 Broadway should come easy with access to R, W and 6 trains at ones doorstep or a short walk to Union Square just moments away. NOHO Office Space New York The neighborhood north of Houston Street and bounded by Broadway to the west and Bowery to the east stretches half a mile to the north to East 9th Street. Once home to New York’s elite and their palatial mansions, Noho has again become a haven for some of today’s biggest names. They make their homes in immaculately renovated loft spaces, new high-rise glass towers and boutique buildings designed by the likes of Herzog & de Meuron, whose 40 Bond Street with its graffiti gate has become an architectural landmark over the last decade. The neighborhood caters to its residents with a mix of upscale bars and restaurants and more casual eateries and bars. Favorites include Levain Bakery - a New York institution, and BondSt for impeccable sushi in a slick setting. Coffee shops like La Colombe cater for the workday crowds, students and tourists alike.
Home to Cooper Union, the private college known for art, architecture and engineering, creative names of the future fill the streets between class, just as Andy Warhol, Jean-Michel Basquiat and Robert Mapplethorpe did before them. Cooper Union’s Italianate Foundation Building dates back to the 1850s and is a major landmark in the area, as is its striking sister building with its undulating ultra-modern curves situated on the neighborhood’s border with the East Village. Office space mingles with the residential lofts, dining and retail and a number of landmarked turn-of-the century office buildings. Tenants in the area include NYU, Facebook, Virgin USA and prestigious publisher Phaidon. Subway access is provided by B, D, F, M, 4 and 6 trains as well being in close proximity to the N, Q, R and W trains at 8th Street.",Office,P 6th Floor Suite 604,1092,Upon Request,Asset / Leasing Manager,Neith Stone,nstone@gfpre.com,(917) 854.5116,https://www.gfpre.com/properties/740-broadway,2026-07-20T21:43:08+00:00
GFP Real Estate,10-27 46th Avenue,10-27 46th Avenue,"10-27 46th Avenue offers 60,000 square feet of newly renovated workspace within a Long Island City industrial building. Polished spaces and an abundance of natural light are paired with swift commutes and a host of nearby amenities to provide a smart alternative to Manhattan. With natural light pouring in from four aspects, wood floors, and exposed brick and beams, 10-27 46th Avenue offers workspace where productivity and inspiration go hand in hand. The renovated lobby, featuring work by local artists, sets the stage for space where creative thinking can be nurtured. PS1 MoMA and LIC Flea are nearby and it is across the street from Fifth Hammer Brewery and Gutters bowling hall.  The property can be reached via the 7 train which is a quick five-minute subway ride from Manhattan. Long Island City Office Space New York Once home to numerous factories and bakeries, Long Island City on the western edge of Queens and positioned just over the Queensboro Bridge has seen a building boom unlike any other part of New York City. At night its skyline stands tall and proud with new developments and renovated industrial buildings, housing luxury lofts and commercial space rivaling the best in Manhattan. The trend of businesses relocating from Manhattan to Long Island City began in 1990 with the building of One Court Square, also known as the Citigroup Building. Citigroup continues to maintain offices in the building. Other major tenants in the area include JetBlue Airways, Ralph Lauren and Uber just to name a few. With continued development in the area, Bloomingdale’s will also be moving much of its corporate operations to LIC. Numerous smaller tech firms have also made their homes in Long Island City and enjoy close proximity to the new Cornell Tech campus located on Roosevelt Island. Along with stunning renovated loft buildings and gleaming residential towers, the area is known for its waterfront parks, its established arts community and its booming artisanal scene with LIC Flea. MoMA PS1, one of the country’s largest contemporary art institutions, and the Fisher Landau Center for Art are also found in the district. With an abundance of dining options, from waterfront dining to local breweries, pubs and bistros, LIC has it all. N, R, W, 7, E, F and M trains serve Long Island City from Manhattan, with service to Brooklyn provided by the G train. The Long Island City and Hunterspoint Avenue stations of the Long Island Rail Road are also located within Long Island City.",,,,,Asset / Leasing Manager,Martin McGrath,mmcgrath@gfpre.com,(212) 688.4730,https://www.gfpre.com/properties/10-27-46th-avenue,2026-07-20T21:43:10+00:00
GFP Real Estate,100 Crosby Street,100 Crosby Street,"100 Crosby Street, formerly known as 560 Broadway, was completed in 1884 by architect, Thomas Stent in a neo-Grecian style. The building was recently reconfigured and fully renovated, moving its main entrance and lobby from Broadway to Crosby Street. Located in the Soho cast-iron historic district, the building's new lobby and entrance celebrate the unique architectural character of the surrounding neighborhood featuring materials such as backlit ""bullet-glass"", exposed brick, white marble and large original timber beams that were salvaged during renovation and hung from the lobby's ceiling. Perhaps best known for once housing the upscale Soho grocer Dean & DeLuca on the Southeast corner of Prince Street and Broadway, the building is now home to the Canadian fashion brand, Aritzia. Situated in the trendy neighborhood of Soho, considered Manhattan's iconic shopping mecca, 100 Crosby Street is surrounded by numerous retail and dining options. Commuting is made easy to and from anywhere in the city with access to the R and W trains at the building and the 6 train only one block away. Soho Office Space New York Soho’s famous, landmarked, cast iron buildings with their iconic fire escapes are among the finest in the world, and were originally home to the city’s textile industry. As the textile merchants moved on, the neighborhood fell into decline until it was re-discovered by artists and gallery owners seeking sprawling spaces, who brought life back to the empty buildings. Today, although some galleries remain, the district south of Houston Street is alive with commerce as one of the city’s great retail meccas, drawing heavy footfall from across the city and the world. High-end international fashion retailers line the streets, with Prada’s Rem Koolhaas-designed flagship, Balenciaga, Versace, Louis Vuitton and many more showcasing the finest in fashion. Along Broadway, shoppers head to Nike, Converse, Zara and H&M, plus Bloomingdale’s Downtown store, and those not after apparel are drawn to Apple, the MoMA Design Store, or to browse in the Housing Works Bookstore. Interspersed within you will find luxurious boutique hotels and numerous restaurants, bars and cafés that serve the bustling neighborhood. In floors above the ground floor retail, offices and lofty residential space are among some of the most coveted in Manhattan. Commercial tenants in the area include Estée Lauder and the world’s largest children’s book publisher Scholastic. Subway connections to Soho are numerous with the 4, 6, B, D, F, M, N, R, A, C and E trains all servicing this vibrant district.",,,,,Asset / Leasing Manager,Neith Stone,nstone@gfpre.com,(917) 854.5116,https://www.gfpre.com/properties/100-crosby-street,2026-07-20T21:43:12+00:00
GFP Real Estate,1031 Shore Parkway,1031 Shore Parkway,"1031 Shore Parkway was built in 1950 and is located within Independence Gardens, a cooperative apartment building complex of 198 units. The complex consists of two-story attached and semi-detached townhouses, each of which features 2 co-op apartments over 2 floors. It occupies the entire east block of 15th Avenue, between Independence Avenue and Shore Parkway, in the Bath Beach section of Brooklyn, a predominantly residential neighborhood comprised mostly of one- to four-family homes with ample access to retail shopping, schools, and public transportation.",,,,,,,,,https://www.gfpre.com/properties/1031-shore-parkway,2026-07-20T21:43:15+00:00
GFP Real Estate,11-05 44th Drive,11-05 44th Drive,"11-05 44th Drive was originally constructed in 1931 as a factory but it is now a two and three-story commercial loft building. The building area is 55,000 square feet and is currently leased to Cosmos, a communications, marketing, and printing firm. The property features large windows and skylights and has an impressive presence with 420 feet of frontage along 44th Drive, 11th Street and 44th Road, a prime corner location in a highly active area of Long Island City. Multiple mass transit options are available including six subway lines and many nearby bus lines.",,,,,Asset / Leasing Manager,Eric Gural,egural@gfpre.com,(212) 372.2021,https://www.gfpre.com/properties/11-05-44th-drive,2026-07-20T21:43:17+00:00
GFP Real Estate,125 West 3rd Street,125 West 3rd Street,"125 West 3rd Street, also known as the Z.T. Piercy Building is a 3-story residential loft building with retail in the base, and was completed in 1919 as a garage. Designed by Frank E. Vitolo, the building is steel based and clad in beige brick with the ground floor painted grey. The upper floors have been converted to lofts and the ground floor is occupied by retailer Ace Hardware/Benjamin Moore Paints. Below the roof parapet is a terra-cotta panel with the original owner's name, Z.T. Piercy. The parapet is raised at the ends and has stone coping. The open space of Washington Square Park is less than a block away as is West 4 St-Washington Square Station with access to the A, C, E, B, D, F, M subway lines.",,,,,Asset / Leasing Manager,Eric M. Gural,egural@gfpre.com,(212) 372.2021,https://www.gfpre.com/properties/125-west-3rd-street,2026-07-20T21:43:20+00:00
GFP Real Estate,1430 Broadway,1430 Broadway,"The Building 1430 Broadway is a 22 story commercial building completed in 1956 by architects Emery Roth & Sons. The property features a 24/7 attended lobby with tall glass windows flooding the space with natural light. Location In an outstanding location in the Garment District, 1430 Broadway makes an ideal workplace. It is located on the site of the former Empire Theater; one of the most renowned Broadway theaters in the first half of the 20th century. Situated in the midst of Midtown buzz at 40th Street, the building is only a block from Bryant Park. Amenities Local amenities are plentiful, with many restaurants and a wide variety of shops. The Beaux-Arts landmark that is the main branch of the New York Public Library is also close by. Travel Connections Nearby Times Square-42nd Street Station provides a dozen subway lines linking 1430 Broadway to the rest of the city with ease.",,,,,,,,,https://www.gfpre.com/properties/1430-broadway,2026-07-20T21:43:22+00:00
GFP Real Estate,16 West 22nd Street,16 West 22nd Street,"16 West 22nd Street was constructed in 1910 by the architect William Harvey Birkmire, this 12-story neo-Renaissance store and loft building - characteristic of the later development phase of this district - extends through the middle of the block and has two virtually identical facades of terracotta, stone, and buff-colored brick. It replaced four 4-story residences with basements once used as boarding houses. Located in the historic Flatiron District, the building boasts 165,000 square feet of commercial and retail space. On the ground floor, one can find the highly coveted, Michelen-starred Korean steakhouse Cote. The building is conveniently situated near multiple subway transportation hubs as well as extensive shopping and dining - including the vibrant Eataly NYC Flatiron - and the open space of Madison Square Park.",,,,,Asset / Leasing Manager,Barbara Yagoda,byagoda@gfpre.com,(212) 372.2168,https://www.gfpre.com/properties/16-west-22nd-street,2026-07-20T21:43:24+00:00
GFP Real Estate,17 Battery Place,17 Battery Place,"The Building 17 Battery Place is a 31-story building completed in 1904 and designed in a neo-Renaissance style by the architect Henry J. Hardenbergh.
Also known as the Whitehall Building, it is named after Peter Stuyvesant's 17th-century house originally located near the site. The structure was among the oldest structural steel-framed buildings of its size.  It underwent a $10m restoration and repair from 1993-1996. This has been considered one of the most extensive envelope renovations executed in New York City.
At nearly one million total square feet the property contains a mixture of commercial and residential space. Location The building is moments away from Bowling Green and the Charging Bull. As such it stands as a true gateway to the city, with access to the Financial District's multiple amenities and the 25 acres of Battery Park. Travel Connections Closest transportation links include the 4 and 5 trains at Bowling Green. There are several other subway and ferry options also in walking distance.",,,,,,,,,https://www.gfpre.com/properties/17-battery-place,2026-07-20T21:43:27+00:00
GFP Real Estate,175 Madison Avenue,175 Madison Avenue,"175 Madison Avenue is an 8,000 square-foot residential building built in 1914 in the NoMad neighborhood of Manhattan. The building features residential apartments on floors 2 thru 6 and retail on the ground floor. Located between 33rd and 34th Street, and just a block from the Empire State Building, the building benefits from numerous amenities - as well as those serving the residential community of Murray Hill. Additionally there are many lunchtime options close by including Le Pain Quotidien and Korea Town favorites, with Nomad's vibrant dining scene just a short walk away. Access to the 6 train is a block away with numerous other subway lines and PATH service in close proximity.",,,,,Asset / Leasing Manager,Allen J. Gurevich,agurevich@gfpre.com,(212) 609.7141,https://www.gfpre.com/properties/175-madison-avenue,2026-07-20T21:43:29+00:00
GFP Real Estate,206 Fifth Avenue,206 Fifth Avenue,"206 Fifth Avenue was originally built as dwellings in 1856-57 by S. Perry, but it was converted to commercial use in the late-nineteenth century, at a time when the residential blocks surrounding Madison Square Park were gradually being redeveloped as first-class hotels, clubs, theaters and restaurants. The building has frontages on both Fifth Avenue and Broadway. The building's Broadway façade was replaced in 1892 to the designs of architect J. William Cromwell for the Estate of A. Perry. In 1911, the ground floor was occupied by silversmith Theo. B. Starr. The current Fifth Avenue façade, designed by architects Townsend, Steinle & Haskell, Inc., was installed in 1919 for the Emigrant Savings Bank, a bank established to protect immigrants' savings from exploitation. This loft style building, whose exterior remains largely intact after 1892 and 1919 alterations, is now home to the private French school Ecole Internationale de New York . Across from Madison Square Park, 206 Fifth Avenue benefits from extensive dining and retail throughout Nomad and the Flatiron District. The building is served by nearby R and W trains at 23rd Street, and F and M trains and PATH service at 6th Avenue.",,,,,Asset / Leasing Manager,Eric M. Gural,egural@gfpre.com,(212) 372.2021,https://www.gfpre.com/properties/206-fifth-avenue,2026-07-20T21:43:32+00:00
GFP Real Estate,230 Fifth Avenue,230 Fifth Avenue,"230 Fifth Avenue was built in 1914 and designed by the architectural firm of Schwartz & Gross in a Beaux Arts style, replacing the Victoria Hotel. The construction of the building pioneered an innovative technique in which the foundation for the new building was created at the same time as the hotel was demolished. GFP acquired 230 Fifth Avenue in July 1958 and has managed the building ever since. In the early 1990s, the building was converted into a wholesale showroom building for the home industries and is now known as The New York MarketCenter™. The building stands 20 stories tall and is home to over 200 showrooms housing a diverse collection of product lines and categories, including Home Textiles, Decorative Accessories, Home Furnishings, Architectural Products, Art, and more. Situated on Fifth Avenue between 26th and 27th Streets, just north of Madison Square Park, the building is easily accessible by subway, bus, car and taxi. N, R and 6 trains are accessed at 23rd or 28th Street stops, with PATH service and the F train available at 23rd Street and 6th Avenue or 33rd and 6th Avenue. FLATIRON DISTRICT The district is named after the world renowned Flatiron Building,
situated at the crossroads of Fifth Avenue and Broadway at
23rd Street. The Flatiron district is bound by Union Square to
the south, 23rd Street to the north, and reaches west to Sixth
Avenue and east to Park Avenue South. This iconic neighborhood offers an abundance of amenities
for many area workers and residents. From the open space of
Madison Square Park – and the very first Shake Shack that still
has lines forming nearly 15 years since the first humble summer
cart was replaced with a permanent kiosk – to high-end eateries
and much in between, it is a foodie’s paradise. For something ultra-smart, diners at Eleven Madison Park,
named the Best Restaurant in the World in 2017, sample 3-star
Michelin cuisine from Chef-owner Daniel Humm. For similarly
polished execution in a more relaxed yet extremely stylish
setting, Mexico’s leading chef Enrique Olvera has been wowing
diners since 2014 at Cosme, which also made the top 50 list.
Other go-to destinations include Jean-Georges Vongerichten’s
ABC kitchen with locally sourced farm-to-table offerings and
Gramercy Tavern. Another famous chef making his mark in the area is Mario
Batali. Eataly, the original location of his famed Italian market
with offerings morning to night, keeps the lunch crowd and
late-night diners happy with restaurants, counters, cafés and
the market. There are numerous high-profile tenants in the area including
Credit Suisse, Yelp, Sony and Tiffany's.",,,,,Asset / Leasing Manager,Harvey L. Richer,hricher@230fifthave.com,(212) 689.6305,https://www.gfpre.com/properties/230-fifth-avenue,2026-07-20T21:43:34+00:00
GFP Real Estate,265 Coles Street,265 Coles Street,"265 Coles Street is a 5-story low-rise building located in Jersey City, NJ. The building was constructed in 1925 and is currently operating as a warehouse under a triple-net lease. The building is built entirely out of concrete and displays a early modern architectural style. Nearby Hamilton Park, it offers a great location with historic row houses and local dining options. To the south east of the building, the Newport Centre for retail and a popular food court can be located. Access to the Holland Tunnel and PATH service for connection to Manhattan can be found just a few minutes away.",,,,,,,,,https://www.gfpre.com/properties/265-coles-street,2026-07-20T21:43:37+00:00
GFP Real Estate,285 North 6th Street,285 North 6th Street,"285 North 6th Street, also known as N6 Lofts is a creative hub in the heart of Williamsburg, Brooklyn. Originally constructed in 1906, the historic factory building has been completely re-imagined as a state-of-the-art workplace, offering full-floor boutique lofts that work for all tenants alike. Interiors are ideal for open plan offices or a striking studio, featuring ceilings soaring up to 12.5 feet and four walls of View Glass windows. The charming industrial atmosphere with preserved elements like exposed brick, distressed wood flooring, original wood columns and steel accents throughout is also completely updated with eco-friendly materials, authentic hand-crafted finishes and the latest fixtures. Located just off Metropolitan Avenue, by the Brooklyn Queens Expressway, convenient road links are supplemented by access to G and L trains moments away. At the heart of what many consider the district leading Brooklyn's transformation into a hub for creatives and those looking to live and socialize in a vibrant community, nearby attractions include a number of excellent local restaurants, bars, retail and the Nitehawk Cinema.",,,,,Asset / Leasing Manager,Martin McGrath,mmcgrath@gfpre.com,(212) 688.4730,https://www.gfpre.com/properties/285-north-6th-street,2026-07-20T21:43:39+00:00
GFP Real Estate,333 Hudson Street,333 Hudson Street,"The Building 333 Hudson Street was first used as an industrial building for the print industry when it was built in 1925, it is now a commercial office building. The property offers 101,290 square feet and is constructed from masonry. It features a loading dock and tremendous freight capacity.
On the ground floor of the building resides the well-known Westville Hudson restaurant. The building is triple net leased in its entirety to a sole tenant. Location This building is in the heart of the Hudson Square area and is conveniently located near the 1, C and E subway lines and the Holland Tunnel. Amenities Local amenities include the popular City Winery on Varick Street, and the historic Ear Inn which dates back two centuries.",,,,,,,,,https://www.gfpre.com/properties/333-hudson-street,2026-07-20T21:43:42+00:00
GFP Real Estate,349 East 149th Street,349 East 149th Street,"349 East 149th Street is a historic 10-story building constructed in 1927 by the architects Starrett & VanVleck. Called the Busher Building, the property boasts a mixture of retail space and professional offices. Surrounding the ground floor are tall arched storefronts that bring abundant natural light into retail and commercial spaces. When entering through the main entrance for the upper floors, tenants are greeted by an expansive lobby and brand new fast and efficient building elevators that service every floor. On the upper floors, office spaces offer three walls of windows bringing in plentiful natural light and magnificent cityscapes views. At 89,000 square feet, this building which was one of the Bronx's largest commercial structures through the mid-twentieth century and once housed the Bronx Board of Trade's headquarters. The building is situated in the bustling hub of the borough's Melrose neighborhood, the areas's retail, theater, and restaurant heart. With on-site parking and subway access to 2 and 5 trains just one block away, the Busher Building's location provides easy access for all.",,,,,Asset / Leasing Manager,Alphie Toro,atoro@gfpre.com,(212) 372.2183,https://www.gfpre.com/properties/349-east-149th-street,2026-07-20T21:43:44+00:00
GFP Real Estate,40 Exchange Place,40 Exchange Place,"40 Exchange Place, formerly known as the Lord’s Court Building, was completed in 1893 by the architect John Townsend Williams. The building is currently a hub for innovation in the heart of the Financial District of Lower Manhattan, and served as the Headquarters for the New York Stock Exchange from 1856 to 1865. Various office spaces are available ranging from 1,000 to 15,000 RSF and provide flexible yet efficient layouts to accommodate the needs of every tenant. Tenants can customize exactly as they like, or choose from a selection of high-end pre-built office space featuring high ceilings, natural wood floors, brushed metal accents and repurposed authentic details that create an inviting, modern atmosphere. The historic 20-story building has been renovated and re-imagined as the state-of-the-art workplace it is today and enjoys the numerous transportations connections serving Wall Street and the wider Financial District as well as a wide range of dining and retail options.",,,,,Asset / Leasing Manager,Allen J. Gurevich,agurevich@gfpre.com,(212) 609.7141,https://www.gfpre.com/properties/40-exchange-place,2026-07-20T21:43:46+00:00
GFP Real Estate,420 West 45th Street,420 West 45th Street,"420 West 45th Street is a 7-story office building completed in 1918. Designed by Buchman & Fox, it consists of two combined sections, both clad in red brick. The east section has four floors, while the west section rises the full seven stories, while both have three bays of paired windows. Occupied by a sole tenant, the 57,000 square foot commercial building features a sleep modernized lobby which is attended 24/7 and can alternatively be accessed via key card access and is surveiled by closed-circuit cameras. Located in the vibrant Hell's Kitchen and on the doorstep of the Theater District, the building has access to diverse amenities, including a variety of dining options along 9th Avenue, and the popular Gotham West Market a block away. Transport links are provided by A, C and E trains along Eighth Avenue as well as the nearby Times Square-42nd Street transportation hub.",,,,,Asset / Leasing Manager,Matthew Mandell,mmandell@gfpre.com,(212) 609.8050,https://www.gfpre.com/properties/420-west-45th-street,2026-07-20T21:43:49+00:00
GFP Real Estate,440 Lafayette Street,440 Lafayette Street,"440 Lafayette Street is a building designed by Edward H. Kendall and completed in 1871 as a carriage warehouse. The building was later converted to industrial use where Alfred Benjamin & Co., manufacturers of high-end men's clothing, was established in 1879. With 108,000 square feet of commercial space, the six-story structure is constructed of brick with a cast-iron façade. It features cast-iron storefront piers and columns with Ionic caps and shields as well as a historic hanging clock. Located in the neighborhood of Noho, 440 Lafayette sits in between NYU and ""The Public"" Theater. The property is surrounded by many coffee shops, restaurants and bars that highlight the livelihood of NYC. Transportation to and from 440 Lafayette should come easy with access to R, W and 6 trains at one's doorstep or a short walk to Union Square transportation hub just moments away.",,,,,Asset / Leasing Manager,Neith Stone,nstone@gfpre.com,(917) 854.5116,https://www.gfpre.com/properties/440-lafayette-street,2026-07-20T21:43:51+00:00
GFP Real Estate,5 Union Square West,5 Union Square West,"5 Union Square West was completed in 1897 and formerly known as the Springler Building. The building is an Italian Renaissance-inspired structure rising 8 stories high. Directly overlooking Union Square Park, the building's loft-like spaces feature wood floors, high ceilings, tall architectural columns, and large operable windows that provide an abundance of natural light and beautiful park views. The neighborhood provides easy access to a myriad of amenities including Union Square's renowned farmers' market, both casual and upscale restaurants, and varied retail, including the city's largest Barnes & Noble only steps away. Situated in the the middle of Manhattan, the building's location provides for easy access to both uptown and downtown via Union Square subway station which directly connects to the L, N, Q, R, W, 4, 5, and 6 trains.",,,,,Asset / Leasing Manager,Eric M. Gural,egural@gfpre.com,(212) 372.2021,https://www.gfpre.com/properties/5-union-square-west,2026-07-20T21:43:54+00:00
GFP Real Estate,573 Hudson Street,573 Hudson Street,"573 Hudson Street in downtown Manhattan's West Village neighborhood is a pre-war building known as Liberty. Originally constructed as a Loft/warehouse building by Charles A. Cowen in 1911, the building was converted to an Elevator Co-op building on floors 2-5 in 1978. The ground floor is now leased by the retail tenant Teich Toys & Books. Situated at 573 Hudson Street, between West 11th Street and Bank Street, the building contains 15 units and rises 5 stories high. There are many great food and beverage spots nearby in the vibrant West Village including the White Horse Tavern, Barbuto, and the lovely Italian restaurant L'Artusi. The PATH train along with the 1,2, and L subway lines are within a 10 minute walk from the property.",,,,,Asset / Leasing Manager,Eric M. Gural,egural@gfpre.com,(212) 372.2021,https://www.gfpre.com/properties/573-hudson-street,2026-07-20T21:43:56+00:00
GFP Real Estate,7 Bushwick Place,7 Bushwick Place,"Williamsburg Office Space Brooklyn, NYC 7 Bushwick Place is a three-story, 71,500-square-foot warehouse building that was originally built in 1920 and offers prime warehouse and office space in the heart of East Williamsburg. The building has a red brick facade and subtle architectural detailing with windows on all sides, allowing natural light to penetrate deep into the building’s core throughout the day. The building features heavy power, concrete floors and is fully sprinklered. This corner property sits adjacent to the L train, putting tenants and employees just minutes to Manhattan. The Long Island Expressway, Brooklyn-Queens Expressway, and Williamsburg Bridge are also all just minutes away.",,,,,Asset / Leasing Manager,Brian R. Steinwurtzel,bsteinwurtzel@gfpre.com,(212) 372.2091,https://www.gfpre.com/properties/7-bushwick-place,2026-07-20T21:43:59+00:00
GFP Real Estate,71 Thomas Street,71 Thomas Street,"The Building 71 Thomas Street was completed in 1891 in an Italianate style by the architectural firm of Jardine, Hill & Murdock.
This seven-story store building was originally an addition to H.B. Claflin & Co.'s mammoth wholesale dry goods store. This occupied almost the entire block bounded by West Broadway, Worth Street, Church Street, and Thomas Street at the turn of the century.
Today, the building functions as a courthouse for the Supreme Court of the State of New York. Location Located in Manhattan's upscale and trendy Tribeca, the neighborhood offers a wide variety of dining options. These include The Odeon, Frenchette Bakery and Mr. Chow. Amenities The neighborhood also offers an array of boutique and upscale retailers as well as many high-end art galleries. Travel Connections With access to the 1, 2 and 3 trains only a few blocks away, and additional subways lines easily accessible on foot, the building is convenient for all commuters.",,,,,Asset / Leasing Manager,Roy Lapidus,rlapidus@gfpre.com,(212) 372.2170,https://www.gfpre.com/properties/71-thomas-street,2026-07-20T21:44:01+00:00
GFP Real Estate,675 Avenue of the Americas,675 Avenue of the Americas,"Originally constructed in 1901 to house the department store of Adams Dry Goods, the historic 675 Avenue of the Americas spans an entire city block situated on the west side of 6th Ave between 21st Street and 22nd Street. The Property features expansive 50,000 SF open floor plates, high exposed ceilings of 13’ and 10’ oversized operable windows. Each floor enjoys the advantages of four perimeter exposures and overlooks an expansive central atrium interior court that soars 123’ covered by a 60’ by 40’ skylight, allowing for ample bright light throughout the interior core. 675 Avenue of the Americas provides a 24/7 attended lobby security, a tenant rooftop amenity, modernization of high-speed elevators, mechanical systems and new HVAC system. 675 Avenue of the Americas is ideally located just five blocks north of Union Square Park and one avenue west of Madison Square Park, providing unparalleled ease of access to all areas of New York City. The Property is situated on 6th Ave between 21st and 22nd Streets, just a short distance from Gramercy Park, one of the most desirable residential neighborhoods in New York City. Eataly, Whole Foods, the Gramercy Park Hotel, the W Union Square, the Flatiron Building and the Strand Bookstore are all nearby. The Property is located in the heart of New York City’s Silicon Alley, the corridor that connects Midtown to Lower Manhattan, running past the Flatiron building at Madison Square Park and Union Square towards SoHo. The area, once known as Ladies’ Mile, was a prime shopping district at the end of the 19th century. The district contains mostly multi-story store and loft buildings which have become a magnet for tech and media companies.  These creative companies are attracted to the district’s unconventional building stock, with its open layouts and high ceilings, which hold great appeal for companies that rely on open floorplans.",,,,,Asset / Leasing Manager,Alphie Toro,atoro@gfpre.com,(212) 372.2183,https://www.gfpre.com/properties/675-avenue-of-the-americas-retail,2026-07-20T21:44:03+00:00
GFP Real Estate,301 First Avenue,301 First Avenue,"GFPRE is renovating this property to bring substantial university student housing to Gramercy Park for a local university.  The reinforced concrete and masonry property will have 158 suites  of 3, 4 or 6-beds each, housing a total of 654 students plus a residential advisor.  The building has two levels of parking, adding potential for additional car sharing bays in the neighborhood. Local amenities include a mix of student favorites and essentials, including Artichoke Pizza, BondVet, Citibank, Walgreen’s, David’s Bagels, Bagel Boss, Starbucks, Trek Bicycle, Chipotle and Stuyvestant Square Park for studying on the lawn. The property is well connected, situated three blocks down to the First Avenue L Station and four blocks over to Union Square with connection to the 4,5,6 and N,Q,R,W lines.",,,,,,,,,https://www.gfpre.com/properties/301-first-avenue,2026-07-20T21:44:06+00:00
GFP Real Estate,416 Washington Street Retail,416 Washington Street Retail,"GFPRE owns the ground floor of retail space in a brick building in the heart of Tribeca. Originally built in 1882, it consists of 65 luxury condo residential units on 13 floors with the retail units on the ground floor. The retail portion fronts on Washington and Vestry Streets, in a neighborhood where the foot traffic is among the most affluent in the city. The tenant mix includes a spa, a yoga studio, and an upscale construction company. •Over 75 feet of frontage on Washington Street •Bright unit with direct cobblestone street exposures •Primarily open space with concrete floors •Exposed 12 foot ceiling heights •Tenant controlled HVAC •Private Bathrooms •Walking distance to the 1, 2, 3, A & C trains •Ideal space for galleries, showrooms, professional and medical office users, restaurants or retail",,,,,Asset / Leasing Manager,Allen J. Gurevich,agurevich@gfpre.com,(212) 609.7141,https://www.gfpre.com/properties/416-washington-street,2026-07-20T21:44:08+00:00
GFP Real Estate,25 Water Street,25 Water Street,"Experience elevated living at SoMA — brand-new residences with unmatched amenities in South Manhattan. Moments from The Battery, Seaport, and so much more, SoMA is a new neighborhood nexus — a place to connect, discover, and live life well. SoMA seamlessly blends resort-style luxury with exclusive amenities across 100,000 square feet — indoors and out. From serene gardens to expansive lounges, every space invites you to enrich your daily life. Expertly Designed, Smartly Detailed SoMA’s studio to three-bedroom NYC apartments, designed by the award-winning architecture and design firm CetraRuddy, feature elevated finishes and spacious layouts that embody timeless sophistication. Kitchens Our well-appointed kitchens feature custom cabinetry, quartz countertops and an integrated appliance package, blending style and functionality. Bathrooms Spa-inspired baths are complemented by white floating vanities and sleek porcelain tile to provide a refined space for rejuvenation. Amenities SoMA offers 100,000 square feet of unmatched amenities — indoors and out, redefining luxury living. From serene gardens to expansive lounges, every space invites you to enrich your daily life. VIEW PROPERTY WEBSITE",,,,,,,,,https://www.gfpre.com/properties/25-water-street,2026-07-20T21:44:11+00:00
