landlord,building_name,address,description,space_type,floor_suite,size_sqft,rent,contact_role,contact_name,contact_email,contact_phone,source_url,scraped_at,neighborhood,lat,lng
SL Green,10 East 53rd Street,10 East 53rd Street,"Situated between Fifth Avenue and Madison Avenue, 10 East 53rd Street is a boutique trophy asset located in Manhattan’s Plaza District that features unparalleled views of Central Park and the city skyline. The 37-story building underwent a comprehensive redevelopment which included the completion of a new lobby integrated with a dramatic interior arcade, redesigned façade, new plazas with abundant green space, and a world-class art program. A high-end Equinox fitness club, hotel-style concierge services, and efficient side-core floor plates round out the property’s elevated offerings. With access to marquis restaurants such as Le Bernardin, Daniel, and to premiere hotels like the New York Palace and the Waldorf Astoria, 10 East 53rd Street is truly a signature address.",Office,600,4838,,Leasing (SL Green),Gary Rosen,gary.rosen@slgreen.com,(212) 216-1687,https://slgreen.com/properties/10-east-53rd-street/,2026-07-20T16:36:45+00:00,,,
SL Green,10 East 53rd Street,10 East 53rd Street,"Situated between Fifth Avenue and Madison Avenue, 10 East 53rd Street is a boutique trophy asset located in Manhattan’s Plaza District that features unparalleled views of Central Park and the city skyline. The 37-story building underwent a comprehensive redevelopment which included the completion of a new lobby integrated with a dramatic interior arcade, redesigned façade, new plazas with abundant green space, and a world-class art program. A high-end Equinox fitness club, hotel-style concierge services, and efficient side-core floor plates round out the property’s elevated offerings. With access to marquis restaurants such as Le Bernardin, Daniel, and to premiere hotels like the New York Palace and the Waldorf Astoria, 10 East 53rd Street is truly a signature address.",Office,Entire 22nd Floor,8462,,Leasing (SL Green),Gary Rosen,gary.rosen@slgreen.com,(212) 216-1687,https://slgreen.com/properties/10-east-53rd-street/,2026-07-20T16:36:45+00:00,,,
SL Green,10 East 53rd Street,10 East 53rd Street,"Situated between Fifth Avenue and Madison Avenue, 10 East 53rd Street is a boutique trophy asset located in Manhattan’s Plaza District that features unparalleled views of Central Park and the city skyline. The 37-story building underwent a comprehensive redevelopment which included the completion of a new lobby integrated with a dramatic interior arcade, redesigned façade, new plazas with abundant green space, and a world-class art program. A high-end Equinox fitness club, hotel-style concierge services, and efficient side-core floor plates round out the property’s elevated offerings. With access to marquis restaurants such as Le Bernardin, Daniel, and to premiere hotels like the New York Palace and the Waldorf Astoria, 10 East 53rd Street is truly a signature address.",Office,Entire 26th Floor,8925,,Leasing (SL Green),Gary Rosen,gary.rosen@slgreen.com,(212) 216-1687,https://slgreen.com/properties/10-east-53rd-street/,2026-07-20T16:36:45+00:00,,,
SL Green,10 East 53rd Street,10 East 53rd Street,"Situated between Fifth Avenue and Madison Avenue, 10 East 53rd Street is a boutique trophy asset located in Manhattan’s Plaza District that features unparalleled views of Central Park and the city skyline. The 37-story building underwent a comprehensive redevelopment which included the completion of a new lobby integrated with a dramatic interior arcade, redesigned façade, new plazas with abundant green space, and a world-class art program. A high-end Equinox fitness club, hotel-style concierge services, and efficient side-core floor plates round out the property’s elevated offerings. With access to marquis restaurants such as Le Bernardin, Daniel, and to premiere hotels like the New York Palace and the Waldorf Astoria, 10 East 53rd Street is truly a signature address.",Office,Entire 27th Floor,8925,,Leasing (SL Green),Gary Rosen,gary.rosen@slgreen.com,(212) 216-1687,https://slgreen.com/properties/10-east-53rd-street/,2026-07-20T16:36:45+00:00,,,
SL Green,10 East 53rd Street,10 East 53rd Street,"Situated between Fifth Avenue and Madison Avenue, 10 East 53rd Street is a boutique trophy asset located in Manhattan’s Plaza District that features unparalleled views of Central Park and the city skyline. The 37-story building underwent a comprehensive redevelopment which included the completion of a new lobby integrated with a dramatic interior arcade, redesigned façade, new plazas with abundant green space, and a world-class art program. A high-end Equinox fitness club, hotel-style concierge services, and efficient side-core floor plates round out the property’s elevated offerings. With access to marquis restaurants such as Le Bernardin, Daniel, and to premiere hotels like the New York Palace and the Waldorf Astoria, 10 East 53rd Street is truly a signature address.",Office,3000,3674,,Leasing (SL Green),Gary Rosen,gary.rosen@slgreen.com,(212) 216-1687,https://slgreen.com/properties/10-east-53rd-street/,2026-07-20T16:36:45+00:00,,,
SL Green,10 East 53rd Street,10 East 53rd Street,"Situated between Fifth Avenue and Madison Avenue, 10 East 53rd Street is a boutique trophy asset located in Manhattan’s Plaza District that features unparalleled views of Central Park and the city skyline. The 37-story building underwent a comprehensive redevelopment which included the completion of a new lobby integrated with a dramatic interior arcade, redesigned façade, new plazas with abundant green space, and a world-class art program. A high-end Equinox fitness club, hotel-style concierge services, and efficient side-core floor plates round out the property’s elevated offerings. With access to marquis restaurants such as Le Bernardin, Daniel, and to premiere hotels like the New York Palace and the Waldorf Astoria, 10 East 53rd Street is truly a signature address.",Office,3400,6871,,Leasing (SL Green),Gary Rosen,gary.rosen@slgreen.com,(212) 216-1687,https://slgreen.com/properties/10-east-53rd-street/,2026-07-20T16:36:45+00:00,,,
SL Green,10 East 53rd Street,10 East 53rd Street,"Situated between Fifth Avenue and Madison Avenue, 10 East 53rd Street is a boutique trophy asset located in Manhattan’s Plaza District that features unparalleled views of Central Park and the city skyline. The 37-story building underwent a comprehensive redevelopment which included the completion of a new lobby integrated with a dramatic interior arcade, redesigned façade, new plazas with abundant green space, and a world-class art program. A high-end Equinox fitness club, hotel-style concierge services, and efficient side-core floor plates round out the property’s elevated offerings. With access to marquis restaurants such as Le Bernardin, Daniel, and to premiere hotels like the New York Palace and the Waldorf Astoria, 10 East 53rd Street is truly a signature address.",Office,,17850,,Leasing (SL Green),Gary Rosen,gary.rosen@slgreen.com,(212) 216-1687,https://slgreen.com/properties/10-east-53rd-street/,2026-07-20T16:36:45+00:00,,,
SL Green,100 Church Street,100 Church Street,"Constructed in 1958, 100 Church is an early downtown example of the new modern architecture which rose on Park Avenue and other Midtown blocks. One of the first Mid-Century Modern designs by Emery Roth & Sons, successor to the celebrated apartment designer, the building was the first postwar project downtown to fill a block with new construction. In its cubistic treatment, abstract massing and silver-blue façade scheme of alternating aluminum spandrels and navy panels, it illustrates the trend for clean lines based on the newest forms of engineering and technology. 100 Church Street is a block away from City Hall Park, one of New York’s oldest and most charming public spaces. Extensively restored and featuring a fountain dating from 1842, the park was where crowds gathered to hear George Washington read the Declaration of Independence in 1776 and where, in 1827, two days of celebrations marked the abolition of slavery in New York State.",Office,820,4170,,Leasing (SL Green),Steven Durels,steven.durels@slgreen.com,(212) 216-1617,https://slgreen.com/properties/100-church-street/,2026-07-20T16:36:45+00:00,,,
SL Green,100 Church Street,100 Church Street,"Constructed in 1958, 100 Church is an early downtown example of the new modern architecture which rose on Park Avenue and other Midtown blocks. One of the first Mid-Century Modern designs by Emery Roth & Sons, successor to the celebrated apartment designer, the building was the first postwar project downtown to fill a block with new construction. In its cubistic treatment, abstract massing and silver-blue façade scheme of alternating aluminum spandrels and navy panels, it illustrates the trend for clean lines based on the newest forms of engineering and technology. 100 Church Street is a block away from City Hall Park, one of New York’s oldest and most charming public spaces. Extensively restored and featuring a fountain dating from 1842, the park was where crowds gathered to hear George Washington read the Declaration of Independence in 1776 and where, in 1827, two days of celebrations marked the abolition of slavery in New York State.",Office,825,8763,,Leasing (SL Green),Steven Durels,steven.durels@slgreen.com,(212) 216-1617,https://slgreen.com/properties/100-church-street/,2026-07-20T16:36:45+00:00,,,
SL Green,100 Church Street,100 Church Street,"Constructed in 1958, 100 Church is an early downtown example of the new modern architecture which rose on Park Avenue and other Midtown blocks. One of the first Mid-Century Modern designs by Emery Roth & Sons, successor to the celebrated apartment designer, the building was the first postwar project downtown to fill a block with new construction. In its cubistic treatment, abstract massing and silver-blue façade scheme of alternating aluminum spandrels and navy panels, it illustrates the trend for clean lines based on the newest forms of engineering and technology. 100 Church Street is a block away from City Hall Park, one of New York’s oldest and most charming public spaces. Extensively restored and featuring a fountain dating from 1842, the park was where crowds gathered to hear George Washington read the Declaration of Independence in 1776 and where, in 1827, two days of celebrations marked the abolition of slavery in New York State.",Office,910,37258,,Leasing (SL Green),Steven Durels,steven.durels@slgreen.com,(212) 216-1617,https://slgreen.com/properties/100-church-street/,2026-07-20T16:36:45+00:00,,,
SL Green,100 Church Street,100 Church Street,"Constructed in 1958, 100 Church is an early downtown example of the new modern architecture which rose on Park Avenue and other Midtown blocks. One of the first Mid-Century Modern designs by Emery Roth & Sons, successor to the celebrated apartment designer, the building was the first postwar project downtown to fill a block with new construction. In its cubistic treatment, abstract massing and silver-blue façade scheme of alternating aluminum spandrels and navy panels, it illustrates the trend for clean lines based on the newest forms of engineering and technology. 100 Church Street is a block away from City Hall Park, one of New York’s oldest and most charming public spaces. Extensively restored and featuring a fountain dating from 1842, the park was where crowds gathered to hear George Washington read the Declaration of Independence in 1776 and where, in 1827, two days of celebrations marked the abolition of slavery in New York State.",Office,Entire 21st Floor,18087,,Leasing (SL Green),Steven Durels,steven.durels@slgreen.com,(212) 216-1617,https://slgreen.com/properties/100-church-street/,2026-07-20T16:36:45+00:00,,,
SL Green,100 Church Street,100 Church Street,"Constructed in 1958, 100 Church is an early downtown example of the new modern architecture which rose on Park Avenue and other Midtown blocks. One of the first Mid-Century Modern designs by Emery Roth & Sons, successor to the celebrated apartment designer, the building was the first postwar project downtown to fill a block with new construction. In its cubistic treatment, abstract massing and silver-blue façade scheme of alternating aluminum spandrels and navy panels, it illustrates the trend for clean lines based on the newest forms of engineering and technology. 100 Church Street is a block away from City Hall Park, one of New York’s oldest and most charming public spaces. Extensively restored and featuring a fountain dating from 1842, the park was where crowds gathered to hear George Washington read the Declaration of Independence in 1776 and where, in 1827, two days of celebrations marked the abolition of slavery in New York State.",Office,Entire 22nd Floor,12308,,Leasing (SL Green),Steven Durels,steven.durels@slgreen.com,(212) 216-1617,https://slgreen.com/properties/100-church-street/,2026-07-20T16:36:45+00:00,,,
SL Green,100 Church Street,100 Church Street,"Constructed in 1958, 100 Church is an early downtown example of the new modern architecture which rose on Park Avenue and other Midtown blocks. One of the first Mid-Century Modern designs by Emery Roth & Sons, successor to the celebrated apartment designer, the building was the first postwar project downtown to fill a block with new construction. In its cubistic treatment, abstract massing and silver-blue façade scheme of alternating aluminum spandrels and navy panels, it illustrates the trend for clean lines based on the newest forms of engineering and technology. 100 Church Street is a block away from City Hall Park, one of New York’s oldest and most charming public spaces. Extensively restored and featuring a fountain dating from 1842, the park was where crowds gathered to hear George Washington read the Declaration of Independence in 1776 and where, in 1827, two days of celebrations marked the abolition of slavery in New York State.",Office,,50191,,Leasing (SL Green),Steven Durels,steven.durels@slgreen.com,(212) 216-1617,https://slgreen.com/properties/100-church-street/,2026-07-20T16:36:45+00:00,,,
SL Green,100 Church Street,100 Church Street,"Constructed in 1958, 100 Church is an early downtown example of the new modern architecture which rose on Park Avenue and other Midtown blocks. One of the first Mid-Century Modern designs by Emery Roth & Sons, successor to the celebrated apartment designer, the building was the first postwar project downtown to fill a block with new construction. In its cubistic treatment, abstract massing and silver-blue façade scheme of alternating aluminum spandrels and navy panels, it illustrates the trend for clean lines based on the newest forms of engineering and technology. 100 Church Street is a block away from City Hall Park, one of New York’s oldest and most charming public spaces. Extensively restored and featuring a fountain dating from 1842, the park was where crowds gathered to hear George Washington read the Declaration of Independence in 1776 and where, in 1827, two days of celebrations marked the abolition of slavery in New York State.",Office,,30395,,Leasing (SL Green),Steven Durels,steven.durels@slgreen.com,(212) 216-1617,https://slgreen.com/properties/100-church-street/,2026-07-20T16:36:45+00:00,,,
SL Green,100 Park Avenue,100 Park Avenue,"Through a $72 million redevelopment completed in 2008 by renowned contemporary architects Moed de Armas and Shannon (MdeAS), 100 Park Avenue is both classic corporate convenience a block from Grand Central Terminal, and all-new ultra-modern LEED Gold-certified office headquarters space. The building now boasts a new stunning metal and glass facade, a soaring two-story-high atrium lobby, new elevator cabs, as well as significant infrastructure upgrades such as the new cooling plant, increased electric capacity, and a state-of-the-art security system. It is also one of the first buildings in SL Green’s New York portfolio to install green roofs. Along with this, recycling and energy reduction initiatives have been instated, providing a significant reduction in the building’s carbon footprint. The property was awarded “International Building of the Year” by the Building Owners and Managers Association (BOMA). Built in 1949, 100 Park Avenue was one of the first of a handful of new office towers to rise on Park Avenue south of Grand Central Terminal during the postwar period. MdeAS’ new design incorporates a glass curtain wall on Park Avenue and aluminum composite metal paneling, creating a bold, bright presence on the street while showing off the structure’s handsome original proportions and setbacks and insuring dramatic views. The building remained fully occupied during the renovation process and is one of the most desirable locations in Midtown; in addition to the benefits of a location a block south of Grand Central’s transport hub, the New York Public Library and Bryant Park are a block to the west.",Office,Entire 23rd Floor,10889,,Leasing (SL Green),Larry Swiger,larry.swiger@slgreen.com,(212) 216-1628,https://slgreen.com/properties/100-park-avenue/,2026-07-20T16:36:45+00:00,,,
SL Green,100 Park Avenue,100 Park Avenue,"Through a $72 million redevelopment completed in 2008 by renowned contemporary architects Moed de Armas and Shannon (MdeAS), 100 Park Avenue is both classic corporate convenience a block from Grand Central Terminal, and all-new ultra-modern LEED Gold-certified office headquarters space. The building now boasts a new stunning metal and glass facade, a soaring two-story-high atrium lobby, new elevator cabs, as well as significant infrastructure upgrades such as the new cooling plant, increased electric capacity, and a state-of-the-art security system. It is also one of the first buildings in SL Green’s New York portfolio to install green roofs. Along with this, recycling and energy reduction initiatives have been instated, providing a significant reduction in the building’s carbon footprint. The property was awarded “International Building of the Year” by the Building Owners and Managers Association (BOMA). Built in 1949, 100 Park Avenue was one of the first of a handful of new office towers to rise on Park Avenue south of Grand Central Terminal during the postwar period. MdeAS’ new design incorporates a glass curtain wall on Park Avenue and aluminum composite metal paneling, creating a bold, bright presence on the street while showing off the structure’s handsome original proportions and setbacks and insuring dramatic views. The building remained fully occupied during the renovation process and is one of the most desirable locations in Midtown; in addition to the benefits of a location a block south of Grand Central’s transport hub, the New York Public Library and Bryant Park are a block to the west.",Office,Entire 24th Floor,10889,,Leasing (SL Green),Larry Swiger,larry.swiger@slgreen.com,(212) 216-1628,https://slgreen.com/properties/100-park-avenue/,2026-07-20T16:36:45+00:00,,,
SL Green,100 Park Avenue,100 Park Avenue,"Through a $72 million redevelopment completed in 2008 by renowned contemporary architects Moed de Armas and Shannon (MdeAS), 100 Park Avenue is both classic corporate convenience a block from Grand Central Terminal, and all-new ultra-modern LEED Gold-certified office headquarters space. The building now boasts a new stunning metal and glass facade, a soaring two-story-high atrium lobby, new elevator cabs, as well as significant infrastructure upgrades such as the new cooling plant, increased electric capacity, and a state-of-the-art security system. It is also one of the first buildings in SL Green’s New York portfolio to install green roofs. Along with this, recycling and energy reduction initiatives have been instated, providing a significant reduction in the building’s carbon footprint. The property was awarded “International Building of the Year” by the Building Owners and Managers Association (BOMA). Built in 1949, 100 Park Avenue was one of the first of a handful of new office towers to rise on Park Avenue south of Grand Central Terminal during the postwar period. MdeAS’ new design incorporates a glass curtain wall on Park Avenue and aluminum composite metal paneling, creating a bold, bright presence on the street while showing off the structure’s handsome original proportions and setbacks and insuring dramatic views. The building remained fully occupied during the renovation process and is one of the most desirable locations in Midtown; in addition to the benefits of a location a block south of Grand Central’s transport hub, the New York Public Library and Bryant Park are a block to the west.",Office,3510,5726,,Leasing (SL Green),Larry Swiger,larry.swiger@slgreen.com,(212) 216-1628,https://slgreen.com/properties/100-park-avenue/,2026-07-20T16:36:45+00:00,,,
SL Green,100 Park Avenue,100 Park Avenue,"Through a $72 million redevelopment completed in 2008 by renowned contemporary architects Moed de Armas and Shannon (MdeAS), 100 Park Avenue is both classic corporate convenience a block from Grand Central Terminal, and all-new ultra-modern LEED Gold-certified office headquarters space. The building now boasts a new stunning metal and glass facade, a soaring two-story-high atrium lobby, new elevator cabs, as well as significant infrastructure upgrades such as the new cooling plant, increased electric capacity, and a state-of-the-art security system. It is also one of the first buildings in SL Green’s New York portfolio to install green roofs. Along with this, recycling and energy reduction initiatives have been instated, providing a significant reduction in the building’s carbon footprint. The property was awarded “International Building of the Year” by the Building Owners and Managers Association (BOMA). Built in 1949, 100 Park Avenue was one of the first of a handful of new office towers to rise on Park Avenue south of Grand Central Terminal during the postwar period. MdeAS’ new design incorporates a glass curtain wall on Park Avenue and aluminum composite metal paneling, creating a bold, bright presence on the street while showing off the structure’s handsome original proportions and setbacks and insuring dramatic views. The building remained fully occupied during the renovation process and is one of the most desirable locations in Midtown; in addition to the benefits of a location a block south of Grand Central’s transport hub, the New York Public Library and Bryant Park are a block to the west.",Office,,21778,,Leasing (SL Green),Larry Swiger,larry.swiger@slgreen.com,(212) 216-1628,https://slgreen.com/properties/100-park-avenue/,2026-07-20T16:36:45+00:00,,,
SL Green,11 Madison Avenue,11 Madison Avenue,"Eleven Madison Avenue is a 30-story office tower situated on a full city block between Park Avenue South and Madison Avenue, and 24th and 25th Streets. Located in Manhattan’s Midtown South neighborhood, the building is adjacent to the vibrant Madison Square Park and is within steps of the neighborhood’s many fine restaurants and shopping locations. The architecturally stunning building offers immediate access to the 6 subway line and is located one block from the N and R subway lines. This unique property features oversized floor plates (100,000 square feet). The property serves as the North American headquarters of Credit Suisse, the US headquarters of SONY and is home to the world-renowned, 3 Michelin Star restaurant Eleven Madison Park. The former Metropolitan Life North Building, Eleven Madison Avenue was designed by Harvey Wiley Corbett and Dan Everett Wade in 1928 and was finished in 1950. Wade was the house architect for the Metropolitan Life Insurance Company while Corbett, one of the most important advocates of skyscraper design in America, had been selected to design Rockefeller Center, but left that project to design Eleven Madison Avenue. The building was conceived as a 100-story spire that would have been the tallest in the world. The Great Depression put a stop to the original plan and the building was completed with 30 floors – although the base is designed to support an additional 70 stories. The building is one of the finest Art Deco structures in America, employing the setback codes of the era to create a highly faceted and sculptural mass of Alabama limestone that rises in a series of linked bays. Arches at each corner of the building open into a beautiful double-height lobby finished with elegant marble inlay and ceiling designs. The interiors were renovated in 1994-1997 by Haines Lundberg Waehler, and the building was placed on the National Register in 1996. Eleven Madison Avenue is a spectacular presence in Midtown South.",Office,Entire 11th Floor,98420,,Leasing (SL Green),David Kaufman,david.kaufman@slgreen.com,(212) 356-4104,https://slgreen.com/properties/11-madison-avenue/,2026-07-20T16:36:45+00:00,,,
SL Green,110 Greene Street,110 Greene Street,"The SoHo Building, located at 110 Greene Street, is a unique office building, offering commercial space for creative and cutting-edge firms. At the epicenter of SoHo, on Greene Street between Prince and Spring Streets, the building provides its tenants access to the best shopping, restaurants, and nightlife in Manhattan, as well as access to 11 subway lines. A 13-story, 295,000-square-foot, Class A office building, 110 Greene Street has four exposures and frontages on both Greene and Mercer Streets. Built as two structures by Charles “Broadway” Rouse, a noted New York City merchant, the Mercer Street building was completed in 1908 and the Greene Street building in 1920. Years later these two buildings were joined to make up what is now the SoHo Building. A rare early skyscraper in the cast iron district, the SoHo Building offers fantastic views and unparalleled natural light on its upper stories. The building also features high ceilings, open floorplates and historic details throughout. The largest surviving collection of cast iron buildings in the world, the SoHo Cast Iron Historic District was reclaimed from light industrial and warehouse use in the 1950s and 1960s by the artists associated with Pop and Abstract movements in American Art. As galleries moved to Chelsea, chic boutiques, creative industries and stylish hotels moved in, making the neighborhood a draw for locals and international visitors alike. The term “SoHo effect” refers globally to the rejuvenation of a compact older district in or near a city’s center. The SoHo Building itself is not cast iron, but rather a steel-framed skyscraper in a highly modified Colonial Revival style on Greene Street and late Beaux Arts on Mercer Street. The merchant Charles Rouse, who took the middle name of “Broadway” to honor the street where he built his first department store, was an entrepreneur who moved to New York from Virginia after the Civil War, which had bankrupted him. After a stint in debtor’s prison, he made good on his debt by reselling auctioned goods – the E-Bay of its time. His department store was one of the most lavish of the 19th century, selling “everything calculated to make a man fashionable, a lady irresistible and a family comfortable” with goods and fashions coming from as far away as Japan. Surrounded by boutiques that Rouse would no doubt admire, the SoHo Building offers an atmospheric yet practical location for a broad range of creative tenants. Its namesake would be delighted to see that 110 Greene Street still sets the standards for the neighborhood and New York.",Office,300,3755,,Leasing (SL Green),Larry Swiger,larry.swiger@slgreen.com,(212) 216-1628,https://slgreen.com/properties/110-greene-street/,2026-07-20T16:36:45+00:00,,,
SL Green,110 Greene Street,110 Greene Street,"The SoHo Building, located at 110 Greene Street, is a unique office building, offering commercial space for creative and cutting-edge firms. At the epicenter of SoHo, on Greene Street between Prince and Spring Streets, the building provides its tenants access to the best shopping, restaurants, and nightlife in Manhattan, as well as access to 11 subway lines. A 13-story, 295,000-square-foot, Class A office building, 110 Greene Street has four exposures and frontages on both Greene and Mercer Streets. Built as two structures by Charles “Broadway” Rouse, a noted New York City merchant, the Mercer Street building was completed in 1908 and the Greene Street building in 1920. Years later these two buildings were joined to make up what is now the SoHo Building. A rare early skyscraper in the cast iron district, the SoHo Building offers fantastic views and unparalleled natural light on its upper stories. The building also features high ceilings, open floorplates and historic details throughout. The largest surviving collection of cast iron buildings in the world, the SoHo Cast Iron Historic District was reclaimed from light industrial and warehouse use in the 1950s and 1960s by the artists associated with Pop and Abstract movements in American Art. As galleries moved to Chelsea, chic boutiques, creative industries and stylish hotels moved in, making the neighborhood a draw for locals and international visitors alike. The term “SoHo effect” refers globally to the rejuvenation of a compact older district in or near a city’s center. The SoHo Building itself is not cast iron, but rather a steel-framed skyscraper in a highly modified Colonial Revival style on Greene Street and late Beaux Arts on Mercer Street. The merchant Charles Rouse, who took the middle name of “Broadway” to honor the street where he built his first department store, was an entrepreneur who moved to New York from Virginia after the Civil War, which had bankrupted him. After a stint in debtor’s prison, he made good on his debt by reselling auctioned goods – the E-Bay of its time. His department store was one of the most lavish of the 19th century, selling “everything calculated to make a man fashionable, a lady irresistible and a family comfortable” with goods and fashions coming from as far away as Japan. Surrounded by boutiques that Rouse would no doubt admire, the SoHo Building offers an atmospheric yet practical location for a broad range of creative tenants. Its namesake would be delighted to see that 110 Greene Street still sets the standards for the neighborhood and New York.",Office,303,4126,,Leasing (SL Green),Larry Swiger,larry.swiger@slgreen.com,(212) 216-1628,https://slgreen.com/properties/110-greene-street/,2026-07-20T16:36:45+00:00,,,
SL Green,110 Greene Street,110 Greene Street,"The SoHo Building, located at 110 Greene Street, is a unique office building, offering commercial space for creative and cutting-edge firms. At the epicenter of SoHo, on Greene Street between Prince and Spring Streets, the building provides its tenants access to the best shopping, restaurants, and nightlife in Manhattan, as well as access to 11 subway lines. A 13-story, 295,000-square-foot, Class A office building, 110 Greene Street has four exposures and frontages on both Greene and Mercer Streets. Built as two structures by Charles “Broadway” Rouse, a noted New York City merchant, the Mercer Street building was completed in 1908 and the Greene Street building in 1920. Years later these two buildings were joined to make up what is now the SoHo Building. A rare early skyscraper in the cast iron district, the SoHo Building offers fantastic views and unparalleled natural light on its upper stories. The building also features high ceilings, open floorplates and historic details throughout. The largest surviving collection of cast iron buildings in the world, the SoHo Cast Iron Historic District was reclaimed from light industrial and warehouse use in the 1950s and 1960s by the artists associated with Pop and Abstract movements in American Art. As galleries moved to Chelsea, chic boutiques, creative industries and stylish hotels moved in, making the neighborhood a draw for locals and international visitors alike. The term “SoHo effect” refers globally to the rejuvenation of a compact older district in or near a city’s center. The SoHo Building itself is not cast iron, but rather a steel-framed skyscraper in a highly modified Colonial Revival style on Greene Street and late Beaux Arts on Mercer Street. The merchant Charles Rouse, who took the middle name of “Broadway” to honor the street where he built his first department store, was an entrepreneur who moved to New York from Virginia after the Civil War, which had bankrupted him. After a stint in debtor’s prison, he made good on his debt by reselling auctioned goods – the E-Bay of its time. His department store was one of the most lavish of the 19th century, selling “everything calculated to make a man fashionable, a lady irresistible and a family comfortable” with goods and fashions coming from as far away as Japan. Surrounded by boutiques that Rouse would no doubt admire, the SoHo Building offers an atmospheric yet practical location for a broad range of creative tenants. Its namesake would be delighted to see that 110 Greene Street still sets the standards for the neighborhood and New York.",Office,400-06,3755,,Leasing (SL Green),Larry Swiger,larry.swiger@slgreen.com,(212) 216-1628,https://slgreen.com/properties/110-greene-street/,2026-07-20T16:36:45+00:00,,,
SL Green,110 Greene Street,110 Greene Street,"The SoHo Building, located at 110 Greene Street, is a unique office building, offering commercial space for creative and cutting-edge firms. At the epicenter of SoHo, on Greene Street between Prince and Spring Streets, the building provides its tenants access to the best shopping, restaurants, and nightlife in Manhattan, as well as access to 11 subway lines. A 13-story, 295,000-square-foot, Class A office building, 110 Greene Street has four exposures and frontages on both Greene and Mercer Streets. Built as two structures by Charles “Broadway” Rouse, a noted New York City merchant, the Mercer Street building was completed in 1908 and the Greene Street building in 1920. Years later these two buildings were joined to make up what is now the SoHo Building. A rare early skyscraper in the cast iron district, the SoHo Building offers fantastic views and unparalleled natural light on its upper stories. The building also features high ceilings, open floorplates and historic details throughout. The largest surviving collection of cast iron buildings in the world, the SoHo Cast Iron Historic District was reclaimed from light industrial and warehouse use in the 1950s and 1960s by the artists associated with Pop and Abstract movements in American Art. As galleries moved to Chelsea, chic boutiques, creative industries and stylish hotels moved in, making the neighborhood a draw for locals and international visitors alike. The term “SoHo effect” refers globally to the rejuvenation of a compact older district in or near a city’s center. The SoHo Building itself is not cast iron, but rather a steel-framed skyscraper in a highly modified Colonial Revival style on Greene Street and late Beaux Arts on Mercer Street. The merchant Charles Rouse, who took the middle name of “Broadway” to honor the street where he built his first department store, was an entrepreneur who moved to New York from Virginia after the Civil War, which had bankrupted him. After a stint in debtor’s prison, he made good on his debt by reselling auctioned goods – the E-Bay of its time. His department store was one of the most lavish of the 19th century, selling “everything calculated to make a man fashionable, a lady irresistible and a family comfortable” with goods and fashions coming from as far away as Japan. Surrounded by boutiques that Rouse would no doubt admire, the SoHo Building offers an atmospheric yet practical location for a broad range of creative tenants. Its namesake would be delighted to see that 110 Greene Street still sets the standards for the neighborhood and New York.",Office,711,12175,,Leasing (SL Green),Larry Swiger,larry.swiger@slgreen.com,(212) 216-1628,https://slgreen.com/properties/110-greene-street/,2026-07-20T16:36:45+00:00,,,
SL Green,110 Greene Street,110 Greene Street,"The SoHo Building, located at 110 Greene Street, is a unique office building, offering commercial space for creative and cutting-edge firms. At the epicenter of SoHo, on Greene Street between Prince and Spring Streets, the building provides its tenants access to the best shopping, restaurants, and nightlife in Manhattan, as well as access to 11 subway lines. A 13-story, 295,000-square-foot, Class A office building, 110 Greene Street has four exposures and frontages on both Greene and Mercer Streets. Built as two structures by Charles “Broadway” Rouse, a noted New York City merchant, the Mercer Street building was completed in 1908 and the Greene Street building in 1920. Years later these two buildings were joined to make up what is now the SoHo Building. A rare early skyscraper in the cast iron district, the SoHo Building offers fantastic views and unparalleled natural light on its upper stories. The building also features high ceilings, open floorplates and historic details throughout. The largest surviving collection of cast iron buildings in the world, the SoHo Cast Iron Historic District was reclaimed from light industrial and warehouse use in the 1950s and 1960s by the artists associated with Pop and Abstract movements in American Art. As galleries moved to Chelsea, chic boutiques, creative industries and stylish hotels moved in, making the neighborhood a draw for locals and international visitors alike. The term “SoHo effect” refers globally to the rejuvenation of a compact older district in or near a city’s center. The SoHo Building itself is not cast iron, but rather a steel-framed skyscraper in a highly modified Colonial Revival style on Greene Street and late Beaux Arts on Mercer Street. The merchant Charles Rouse, who took the middle name of “Broadway” to honor the street where he built his first department store, was an entrepreneur who moved to New York from Virginia after the Civil War, which had bankrupted him. After a stint in debtor’s prison, he made good on his debt by reselling auctioned goods – the E-Bay of its time. His department store was one of the most lavish of the 19th century, selling “everything calculated to make a man fashionable, a lady irresistible and a family comfortable” with goods and fashions coming from as far away as Japan. Surrounded by boutiques that Rouse would no doubt admire, the SoHo Building offers an atmospheric yet practical location for a broad range of creative tenants. Its namesake would be delighted to see that 110 Greene Street still sets the standards for the neighborhood and New York.",Office,805,1358,,Leasing (SL Green),Larry Swiger,larry.swiger@slgreen.com,(212) 216-1628,https://slgreen.com/properties/110-greene-street/,2026-07-20T16:36:45+00:00,,,
SL Green,110 Greene Street,110 Greene Street,"The SoHo Building, located at 110 Greene Street, is a unique office building, offering commercial space for creative and cutting-edge firms. At the epicenter of SoHo, on Greene Street between Prince and Spring Streets, the building provides its tenants access to the best shopping, restaurants, and nightlife in Manhattan, as well as access to 11 subway lines. A 13-story, 295,000-square-foot, Class A office building, 110 Greene Street has four exposures and frontages on both Greene and Mercer Streets. Built as two structures by Charles “Broadway” Rouse, a noted New York City merchant, the Mercer Street building was completed in 1908 and the Greene Street building in 1920. Years later these two buildings were joined to make up what is now the SoHo Building. A rare early skyscraper in the cast iron district, the SoHo Building offers fantastic views and unparalleled natural light on its upper stories. The building also features high ceilings, open floorplates and historic details throughout. The largest surviving collection of cast iron buildings in the world, the SoHo Cast Iron Historic District was reclaimed from light industrial and warehouse use in the 1950s and 1960s by the artists associated with Pop and Abstract movements in American Art. As galleries moved to Chelsea, chic boutiques, creative industries and stylish hotels moved in, making the neighborhood a draw for locals and international visitors alike. The term “SoHo effect” refers globally to the rejuvenation of a compact older district in or near a city’s center. The SoHo Building itself is not cast iron, but rather a steel-framed skyscraper in a highly modified Colonial Revival style on Greene Street and late Beaux Arts on Mercer Street. The merchant Charles Rouse, who took the middle name of “Broadway” to honor the street where he built his first department store, was an entrepreneur who moved to New York from Virginia after the Civil War, which had bankrupted him. After a stint in debtor’s prison, he made good on his debt by reselling auctioned goods – the E-Bay of its time. His department store was one of the most lavish of the 19th century, selling “everything calculated to make a man fashionable, a lady irresistible and a family comfortable” with goods and fashions coming from as far away as Japan. Surrounded by boutiques that Rouse would no doubt admire, the SoHo Building offers an atmospheric yet practical location for a broad range of creative tenants. Its namesake would be delighted to see that 110 Greene Street still sets the standards for the neighborhood and New York.",Office,9I,1271,,Leasing (SL Green),Larry Swiger,larry.swiger@slgreen.com,(212) 216-1628,https://slgreen.com/properties/110-greene-street/,2026-07-20T16:36:45+00:00,,,
SL Green,1185 Avenue of the Americas,1185 Avenue of the Americas,"1185 Avenue of the Americas, at the southern tip of Corporate Row between 46th and 47th Streets, is within walking distance to both Bryant Park and Times Square. The 1,100,356-square-foot building which opened in 1971 is finished with a newly renovated entryway, lobby, elevator cabs, corridor and bathrooms featuring a dramatic marble-clad exterior with a beautiful outdoor plaza. With its proximity to Grand Central Terminal, Penn Station, and the Port Authority Bus Terminal, the building has access to 15 subways, numerous buses, and trains, and is also connected to the subways and multiple retail levels at Rockefeller Center by an underground concourse. The building has also received the LEED Certified Silver. A monumental example of the late international style that rose along the blocks just west of Rockefeller Center, 1185 Avenue of the Americas was designed by Emory Roth & Sons, corporate New York’s go-to architectural firm for much of the postwar period. The tower is a classic example of their work, exhibiting trim vertical lines accentuated by white marble piers. 1185 Avenue of the Americas was originally known as J.P. Stevens Tower, after the textiles firm. Founded in 1813 by Nathaniel Stevens in Andover, MA, the company was one of the first in the United States to use machinery to weave textiles on a large scale. The location of its headquarters in the 70s just a few blocks north of the Garment District was certainly a calculated move. Today the area offers a versatile mix of public amenities and cultural attractions, with the MoMA, the New York Public Library and the Theater District all blocks away.",Office,Entire 6th Floor,27508,,Leasing (SL Green),Gary Rosen,gary.rosen@slgreen.com,(212) 216-1687,https://slgreen.com/properties/1185-avenue-of-the-americas/,2026-07-20T16:36:45+00:00,,,
SL Green,1185 Avenue of the Americas,1185 Avenue of the Americas,"1185 Avenue of the Americas, at the southern tip of Corporate Row between 46th and 47th Streets, is within walking distance to both Bryant Park and Times Square. The 1,100,356-square-foot building which opened in 1971 is finished with a newly renovated entryway, lobby, elevator cabs, corridor and bathrooms featuring a dramatic marble-clad exterior with a beautiful outdoor plaza. With its proximity to Grand Central Terminal, Penn Station, and the Port Authority Bus Terminal, the building has access to 15 subways, numerous buses, and trains, and is also connected to the subways and multiple retail levels at Rockefeller Center by an underground concourse. The building has also received the LEED Certified Silver. A monumental example of the late international style that rose along the blocks just west of Rockefeller Center, 1185 Avenue of the Americas was designed by Emory Roth & Sons, corporate New York’s go-to architectural firm for much of the postwar period. The tower is a classic example of their work, exhibiting trim vertical lines accentuated by white marble piers. 1185 Avenue of the Americas was originally known as J.P. Stevens Tower, after the textiles firm. Founded in 1813 by Nathaniel Stevens in Andover, MA, the company was one of the first in the United States to use machinery to weave textiles on a large scale. The location of its headquarters in the 70s just a few blocks north of the Garment District was certainly a calculated move. Today the area offers a versatile mix of public amenities and cultural attractions, with the MoMA, the New York Public Library and the Theater District all blocks away.",Office,1205,7171,,Leasing (SL Green),Gary Rosen,gary.rosen@slgreen.com,(212) 216-1687,https://slgreen.com/properties/1185-avenue-of-the-americas/,2026-07-20T16:36:45+00:00,,,
SL Green,1185 Avenue of the Americas,1185 Avenue of the Americas,"1185 Avenue of the Americas, at the southern tip of Corporate Row between 46th and 47th Streets, is within walking distance to both Bryant Park and Times Square. The 1,100,356-square-foot building which opened in 1971 is finished with a newly renovated entryway, lobby, elevator cabs, corridor and bathrooms featuring a dramatic marble-clad exterior with a beautiful outdoor plaza. With its proximity to Grand Central Terminal, Penn Station, and the Port Authority Bus Terminal, the building has access to 15 subways, numerous buses, and trains, and is also connected to the subways and multiple retail levels at Rockefeller Center by an underground concourse. The building has also received the LEED Certified Silver. A monumental example of the late international style that rose along the blocks just west of Rockefeller Center, 1185 Avenue of the Americas was designed by Emory Roth & Sons, corporate New York’s go-to architectural firm for much of the postwar period. The tower is a classic example of their work, exhibiting trim vertical lines accentuated by white marble piers. 1185 Avenue of the Americas was originally known as J.P. Stevens Tower, after the textiles firm. Founded in 1813 by Nathaniel Stevens in Andover, MA, the company was one of the first in the United States to use machinery to weave textiles on a large scale. The location of its headquarters in the 70s just a few blocks north of the Garment District was certainly a calculated move. Today the area offers a versatile mix of public amenities and cultural attractions, with the MoMA, the New York Public Library and the Theater District all blocks away.",Office,1215,6654,,Leasing (SL Green),Gary Rosen,gary.rosen@slgreen.com,(212) 216-1687,https://slgreen.com/properties/1185-avenue-of-the-americas/,2026-07-20T16:36:45+00:00,,,
SL Green,1185 Avenue of the Americas,1185 Avenue of the Americas,"1185 Avenue of the Americas, at the southern tip of Corporate Row between 46th and 47th Streets, is within walking distance to both Bryant Park and Times Square. The 1,100,356-square-foot building which opened in 1971 is finished with a newly renovated entryway, lobby, elevator cabs, corridor and bathrooms featuring a dramatic marble-clad exterior with a beautiful outdoor plaza. With its proximity to Grand Central Terminal, Penn Station, and the Port Authority Bus Terminal, the building has access to 15 subways, numerous buses, and trains, and is also connected to the subways and multiple retail levels at Rockefeller Center by an underground concourse. The building has also received the LEED Certified Silver. A monumental example of the late international style that rose along the blocks just west of Rockefeller Center, 1185 Avenue of the Americas was designed by Emory Roth & Sons, corporate New York’s go-to architectural firm for much of the postwar period. The tower is a classic example of their work, exhibiting trim vertical lines accentuated by white marble piers. 1185 Avenue of the Americas was originally known as J.P. Stevens Tower, after the textiles firm. Founded in 1813 by Nathaniel Stevens in Andover, MA, the company was one of the first in the United States to use machinery to weave textiles on a large scale. The location of its headquarters in the 70s just a few blocks north of the Garment District was certainly a calculated move. Today the area offers a versatile mix of public amenities and cultural attractions, with the MoMA, the New York Public Library and the Theater District all blocks away.",Office,1220,5023,,Leasing (SL Green),Gary Rosen,gary.rosen@slgreen.com,(212) 216-1687,https://slgreen.com/properties/1185-avenue-of-the-americas/,2026-07-20T16:36:45+00:00,,,
SL Green,1185 Avenue of the Americas,1185 Avenue of the Americas,"1185 Avenue of the Americas, at the southern tip of Corporate Row between 46th and 47th Streets, is within walking distance to both Bryant Park and Times Square. The 1,100,356-square-foot building which opened in 1971 is finished with a newly renovated entryway, lobby, elevator cabs, corridor and bathrooms featuring a dramatic marble-clad exterior with a beautiful outdoor plaza. With its proximity to Grand Central Terminal, Penn Station, and the Port Authority Bus Terminal, the building has access to 15 subways, numerous buses, and trains, and is also connected to the subways and multiple retail levels at Rockefeller Center by an underground concourse. The building has also received the LEED Certified Silver. A monumental example of the late international style that rose along the blocks just west of Rockefeller Center, 1185 Avenue of the Americas was designed by Emory Roth & Sons, corporate New York’s go-to architectural firm for much of the postwar period. The tower is a classic example of their work, exhibiting trim vertical lines accentuated by white marble piers. 1185 Avenue of the Americas was originally known as J.P. Stevens Tower, after the textiles firm. Founded in 1813 by Nathaniel Stevens in Andover, MA, the company was one of the first in the United States to use machinery to weave textiles on a large scale. The location of its headquarters in the 70s just a few blocks north of the Garment District was certainly a calculated move. Today the area offers a versatile mix of public amenities and cultural attractions, with the MoMA, the New York Public Library and the Theater District all blocks away.",Office,Entire 13th Floor,27508,,Leasing (SL Green),Gary Rosen,gary.rosen@slgreen.com,(212) 216-1687,https://slgreen.com/properties/1185-avenue-of-the-americas/,2026-07-20T16:36:45+00:00,,,
SL Green,1185 Avenue of the Americas,1185 Avenue of the Americas,"1185 Avenue of the Americas, at the southern tip of Corporate Row between 46th and 47th Streets, is within walking distance to both Bryant Park and Times Square. The 1,100,356-square-foot building which opened in 1971 is finished with a newly renovated entryway, lobby, elevator cabs, corridor and bathrooms featuring a dramatic marble-clad exterior with a beautiful outdoor plaza. With its proximity to Grand Central Terminal, Penn Station, and the Port Authority Bus Terminal, the building has access to 15 subways, numerous buses, and trains, and is also connected to the subways and multiple retail levels at Rockefeller Center by an underground concourse. The building has also received the LEED Certified Silver. A monumental example of the late international style that rose along the blocks just west of Rockefeller Center, 1185 Avenue of the Americas was designed by Emory Roth & Sons, corporate New York’s go-to architectural firm for much of the postwar period. The tower is a classic example of their work, exhibiting trim vertical lines accentuated by white marble piers. 1185 Avenue of the Americas was originally known as J.P. Stevens Tower, after the textiles firm. Founded in 1813 by Nathaniel Stevens in Andover, MA, the company was one of the first in the United States to use machinery to weave textiles on a large scale. The location of its headquarters in the 70s just a few blocks north of the Garment District was certainly a calculated move. Today the area offers a versatile mix of public amenities and cultural attractions, with the MoMA, the New York Public Library and the Theater District all blocks away.",Office,1410,8057,,Leasing (SL Green),Gary Rosen,gary.rosen@slgreen.com,(212) 216-1687,https://slgreen.com/properties/1185-avenue-of-the-americas/,2026-07-20T16:36:45+00:00,,,
SL Green,1185 Avenue of the Americas,1185 Avenue of the Americas,"1185 Avenue of the Americas, at the southern tip of Corporate Row between 46th and 47th Streets, is within walking distance to both Bryant Park and Times Square. The 1,100,356-square-foot building which opened in 1971 is finished with a newly renovated entryway, lobby, elevator cabs, corridor and bathrooms featuring a dramatic marble-clad exterior with a beautiful outdoor plaza. With its proximity to Grand Central Terminal, Penn Station, and the Port Authority Bus Terminal, the building has access to 15 subways, numerous buses, and trains, and is also connected to the subways and multiple retail levels at Rockefeller Center by an underground concourse. The building has also received the LEED Certified Silver. A monumental example of the late international style that rose along the blocks just west of Rockefeller Center, 1185 Avenue of the Americas was designed by Emory Roth & Sons, corporate New York’s go-to architectural firm for much of the postwar period. The tower is a classic example of their work, exhibiting trim vertical lines accentuated by white marble piers. 1185 Avenue of the Americas was originally known as J.P. Stevens Tower, after the textiles firm. Founded in 1813 by Nathaniel Stevens in Andover, MA, the company was one of the first in the United States to use machinery to weave textiles on a large scale. The location of its headquarters in the 70s just a few blocks north of the Garment District was certainly a calculated move. Today the area offers a versatile mix of public amenities and cultural attractions, with the MoMA, the New York Public Library and the Theater District all blocks away.",Office,1510,6668,,Leasing (SL Green),Gary Rosen,gary.rosen@slgreen.com,(212) 216-1687,https://slgreen.com/properties/1185-avenue-of-the-americas/,2026-07-20T16:36:45+00:00,,,
SL Green,1185 Avenue of the Americas,1185 Avenue of the Americas,"1185 Avenue of the Americas, at the southern tip of Corporate Row between 46th and 47th Streets, is within walking distance to both Bryant Park and Times Square. The 1,100,356-square-foot building which opened in 1971 is finished with a newly renovated entryway, lobby, elevator cabs, corridor and bathrooms featuring a dramatic marble-clad exterior with a beautiful outdoor plaza. With its proximity to Grand Central Terminal, Penn Station, and the Port Authority Bus Terminal, the building has access to 15 subways, numerous buses, and trains, and is also connected to the subways and multiple retail levels at Rockefeller Center by an underground concourse. The building has also received the LEED Certified Silver. A monumental example of the late international style that rose along the blocks just west of Rockefeller Center, 1185 Avenue of the Americas was designed by Emory Roth & Sons, corporate New York’s go-to architectural firm for much of the postwar period. The tower is a classic example of their work, exhibiting trim vertical lines accentuated by white marble piers. 1185 Avenue of the Americas was originally known as J.P. Stevens Tower, after the textiles firm. Founded in 1813 by Nathaniel Stevens in Andover, MA, the company was one of the first in the United States to use machinery to weave textiles on a large scale. The location of its headquarters in the 70s just a few blocks north of the Garment District was certainly a calculated move. Today the area offers a versatile mix of public amenities and cultural attractions, with the MoMA, the New York Public Library and the Theater District all blocks away.",Office,1520,5946,,Leasing (SL Green),Gary Rosen,gary.rosen@slgreen.com,(212) 216-1687,https://slgreen.com/properties/1185-avenue-of-the-americas/,2026-07-20T16:36:45+00:00,,,
SL Green,1185 Avenue of the Americas,1185 Avenue of the Americas,"1185 Avenue of the Americas, at the southern tip of Corporate Row between 46th and 47th Streets, is within walking distance to both Bryant Park and Times Square. The 1,100,356-square-foot building which opened in 1971 is finished with a newly renovated entryway, lobby, elevator cabs, corridor and bathrooms featuring a dramatic marble-clad exterior with a beautiful outdoor plaza. With its proximity to Grand Central Terminal, Penn Station, and the Port Authority Bus Terminal, the building has access to 15 subways, numerous buses, and trains, and is also connected to the subways and multiple retail levels at Rockefeller Center by an underground concourse. The building has also received the LEED Certified Silver. A monumental example of the late international style that rose along the blocks just west of Rockefeller Center, 1185 Avenue of the Americas was designed by Emory Roth & Sons, corporate New York’s go-to architectural firm for much of the postwar period. The tower is a classic example of their work, exhibiting trim vertical lines accentuated by white marble piers. 1185 Avenue of the Americas was originally known as J.P. Stevens Tower, after the textiles firm. Founded in 1813 by Nathaniel Stevens in Andover, MA, the company was one of the first in the United States to use machinery to weave textiles on a large scale. The location of its headquarters in the 70s just a few blocks north of the Garment District was certainly a calculated move. Today the area offers a versatile mix of public amenities and cultural attractions, with the MoMA, the New York Public Library and the Theater District all blocks away.",Office,3110,12263,,Leasing (SL Green),Gary Rosen,gary.rosen@slgreen.com,(212) 216-1687,https://slgreen.com/properties/1185-avenue-of-the-americas/,2026-07-20T16:36:45+00:00,,,
SL Green,1185 Avenue of the Americas,1185 Avenue of the Americas,"1185 Avenue of the Americas, at the southern tip of Corporate Row between 46th and 47th Streets, is within walking distance to both Bryant Park and Times Square. The 1,100,356-square-foot building which opened in 1971 is finished with a newly renovated entryway, lobby, elevator cabs, corridor and bathrooms featuring a dramatic marble-clad exterior with a beautiful outdoor plaza. With its proximity to Grand Central Terminal, Penn Station, and the Port Authority Bus Terminal, the building has access to 15 subways, numerous buses, and trains, and is also connected to the subways and multiple retail levels at Rockefeller Center by an underground concourse. The building has also received the LEED Certified Silver. A monumental example of the late international style that rose along the blocks just west of Rockefeller Center, 1185 Avenue of the Americas was designed by Emory Roth & Sons, corporate New York’s go-to architectural firm for much of the postwar period. The tower is a classic example of their work, exhibiting trim vertical lines accentuated by white marble piers. 1185 Avenue of the Americas was originally known as J.P. Stevens Tower, after the textiles firm. Founded in 1813 by Nathaniel Stevens in Andover, MA, the company was one of the first in the United States to use machinery to weave textiles on a large scale. The location of its headquarters in the 70s just a few blocks north of the Garment District was certainly a calculated move. Today the area offers a versatile mix of public amenities and cultural attractions, with the MoMA, the New York Public Library and the Theater District all blocks away.",Office,3205,9815,,Leasing (SL Green),Gary Rosen,gary.rosen@slgreen.com,(212) 216-1687,https://slgreen.com/properties/1185-avenue-of-the-americas/,2026-07-20T16:36:45+00:00,,,
SL Green,1185 Avenue of the Americas,1185 Avenue of the Americas,"1185 Avenue of the Americas, at the southern tip of Corporate Row between 46th and 47th Streets, is within walking distance to both Bryant Park and Times Square. The 1,100,356-square-foot building which opened in 1971 is finished with a newly renovated entryway, lobby, elevator cabs, corridor and bathrooms featuring a dramatic marble-clad exterior with a beautiful outdoor plaza. With its proximity to Grand Central Terminal, Penn Station, and the Port Authority Bus Terminal, the building has access to 15 subways, numerous buses, and trains, and is also connected to the subways and multiple retail levels at Rockefeller Center by an underground concourse. The building has also received the LEED Certified Silver. A monumental example of the late international style that rose along the blocks just west of Rockefeller Center, 1185 Avenue of the Americas was designed by Emory Roth & Sons, corporate New York’s go-to architectural firm for much of the postwar period. The tower is a classic example of their work, exhibiting trim vertical lines accentuated by white marble piers. 1185 Avenue of the Americas was originally known as J.P. Stevens Tower, after the textiles firm. Founded in 1813 by Nathaniel Stevens in Andover, MA, the company was one of the first in the United States to use machinery to weave textiles on a large scale. The location of its headquarters in the 70s just a few blocks north of the Garment District was certainly a calculated move. Today the area offers a versatile mix of public amenities and cultural attractions, with the MoMA, the New York Public Library and the Theater District all blocks away.",Office,3615,6595,,Leasing (SL Green),Gary Rosen,gary.rosen@slgreen.com,(212) 216-1687,https://slgreen.com/properties/1185-avenue-of-the-americas/,2026-07-20T16:36:45+00:00,,,
SL Green,125 Park Avenue,125 Park Avenue,"Recently designated as a New York City landmark, 125 Park Avenue is a consummate example of Beaux Arts architecture by the master architects York and Sawyer in conjunction with John Sloan. The property is situated on Park Avenue and 42nd Street, directly across from Grand Central Terminal. 125 Park Avenue is a classically ornate modern office building renowned for its architecturally superior exterior design, sweeping arches, and unique terra cotta façade. It is one of the true Park Avenue landmarks and is now fully restored to its original glory with oversized windows that offer stunning views of Grand Central Terminal and beyond. The tower offers timeless elegance and refinement with its fully modernized building systems for today’s workplace, an ultra-contemporary lobby, and an outstanding location. Known originally as the Pershing Square Building, 125 Park is one of the district’s most sophisticated structures, featuring extraordinarily textured brickwork and colored terra cotta detailing, the first skyscraper to use these materials. The work was produced by the Atlantic Terra Cotta Company, who also designed national landmarks including the Supreme Court, the Woolworth Building and the Philadelphia Museum of Art. The superb Romanesque design compliments the magnificent former Bowery Savings Bank at 110 East 42nd Street (another design by York and Sawyer, and also an SL Green property), while the name honors the open space before Grand Central Terminal, named to honor the World War I General John J. Pershing. The newly revamped interior includes an updated lobby by Gertler & Wente, which retains the limestone walls and elevator doors from the original design while providing a spacious recessed entrance that echoes the forms of the adjacent Park Avenue Viaduct. Finished in 1923, 125 Park was the last major tall office building in Pre-War New York City to be designed without the setbacks required by the 1916 Zoning Ordinance. Because 125 Park incorporated subway entrances from the previous structure on the site, a variance was granted to the developer, Henry Mandel, and a deep light well facing Park Avenue was incorporated instead. 125 Park was landmarked in 2016, with the Landmarks Preservation Commission praising the building for its “significant contribution to the variety and richness of Midtown East.”",Office,305,8304,,Leasing (SL Green),Gary Rosen,gary.rosen@slgreen.com,(212) 216-1687,https://slgreen.com/properties/125-park-avenue/,2026-07-20T16:36:45+00:00,,,
SL Green,1350 Avenue of the Americas,1350 Avenue of the Americas,"Located in the heart of the Plaza district on the southeast corner of 55th Street, 1350 Avenue of the Americas is a stunning 601,330-square-foot boutique office building. The recently renovated lobby features French walnut wood panels, Paloma limestone, white metal paneling, and Pietra Bedonia floors. The property is home to a diverse tenant base that includes financial, accounting, law, and technology firms. The award-winning 1350 Avenue of the Americas is a coveted and prestigious address. Completed in 1965, 1350 Ave of the Americas was designed by Emery Roth & Sons and typifies the postwar wave of development that changed the Avenue of Americas core directly west of Rockefeller Center. Featuring a black glass façade divided by vertical white marble piers, the building’s setbacks step away from the street to provide a greater sense of transparency and light.",Office,Entire 4th Floor,24833,,Leasing (SL Green),Howard Tenenbaum,howard.tenenbaum@slgreen.com,(212) 216-1685,https://slgreen.com/properties/1350-avenue-of-the-americas/,2026-07-20T16:36:45+00:00,,,
SL Green,1350 Avenue of the Americas,1350 Avenue of the Americas,"Located in the heart of the Plaza district on the southeast corner of 55th Street, 1350 Avenue of the Americas is a stunning 601,330-square-foot boutique office building. The recently renovated lobby features French walnut wood panels, Paloma limestone, white metal paneling, and Pietra Bedonia floors. The property is home to a diverse tenant base that includes financial, accounting, law, and technology firms. The award-winning 1350 Avenue of the Americas is a coveted and prestigious address. Completed in 1965, 1350 Ave of the Americas was designed by Emery Roth & Sons and typifies the postwar wave of development that changed the Avenue of Americas core directly west of Rockefeller Center. Featuring a black glass façade divided by vertical white marble piers, the building’s setbacks step away from the street to provide a greater sense of transparency and light.",Office,Entire 5th Floor,24833,,Leasing (SL Green),Howard Tenenbaum,howard.tenenbaum@slgreen.com,(212) 216-1685,https://slgreen.com/properties/1350-avenue-of-the-americas/,2026-07-20T16:36:45+00:00,,,
SL Green,1350 Avenue of the Americas,1350 Avenue of the Americas,"Located in the heart of the Plaza district on the southeast corner of 55th Street, 1350 Avenue of the Americas is a stunning 601,330-square-foot boutique office building. The recently renovated lobby features French walnut wood panels, Paloma limestone, white metal paneling, and Pietra Bedonia floors. The property is home to a diverse tenant base that includes financial, accounting, law, and technology firms. The award-winning 1350 Avenue of the Americas is a coveted and prestigious address. Completed in 1965, 1350 Ave of the Americas was designed by Emery Roth & Sons and typifies the postwar wave of development that changed the Avenue of Americas core directly west of Rockefeller Center. Featuring a black glass façade divided by vertical white marble piers, the building’s setbacks step away from the street to provide a greater sense of transparency and light.",Office,Entire 6th Floor,24833,,Leasing (SL Green),Howard Tenenbaum,howard.tenenbaum@slgreen.com,(212) 216-1685,https://slgreen.com/properties/1350-avenue-of-the-americas/,2026-07-20T16:36:45+00:00,,,
SL Green,1350 Avenue of the Americas,1350 Avenue of the Americas,"Located in the heart of the Plaza district on the southeast corner of 55th Street, 1350 Avenue of the Americas is a stunning 601,330-square-foot boutique office building. The recently renovated lobby features French walnut wood panels, Paloma limestone, white metal paneling, and Pietra Bedonia floors. The property is home to a diverse tenant base that includes financial, accounting, law, and technology firms. The award-winning 1350 Avenue of the Americas is a coveted and prestigious address. Completed in 1965, 1350 Ave of the Americas was designed by Emery Roth & Sons and typifies the postwar wave of development that changed the Avenue of Americas core directly west of Rockefeller Center. Featuring a black glass façade divided by vertical white marble piers, the building’s setbacks step away from the street to provide a greater sense of transparency and light.",Office,730,6665,,Leasing (SL Green),Howard Tenenbaum,howard.tenenbaum@slgreen.com,(212) 216-1685,https://slgreen.com/properties/1350-avenue-of-the-americas/,2026-07-20T16:36:45+00:00,,,
SL Green,1350 Avenue of the Americas,1350 Avenue of the Americas,"Located in the heart of the Plaza district on the southeast corner of 55th Street, 1350 Avenue of the Americas is a stunning 601,330-square-foot boutique office building. The recently renovated lobby features French walnut wood panels, Paloma limestone, white metal paneling, and Pietra Bedonia floors. The property is home to a diverse tenant base that includes financial, accounting, law, and technology firms. The award-winning 1350 Avenue of the Americas is a coveted and prestigious address. Completed in 1965, 1350 Ave of the Americas was designed by Emery Roth & Sons and typifies the postwar wave of development that changed the Avenue of Americas core directly west of Rockefeller Center. Featuring a black glass façade divided by vertical white marble piers, the building’s setbacks step away from the street to provide a greater sense of transparency and light.",Office,Entire 8th Floor,24706,,Leasing (SL Green),Howard Tenenbaum,howard.tenenbaum@slgreen.com,(212) 216-1685,https://slgreen.com/properties/1350-avenue-of-the-americas/,2026-07-20T16:36:45+00:00,,,
SL Green,1350 Avenue of the Americas,1350 Avenue of the Americas,"Located in the heart of the Plaza district on the southeast corner of 55th Street, 1350 Avenue of the Americas is a stunning 601,330-square-foot boutique office building. The recently renovated lobby features French walnut wood panels, Paloma limestone, white metal paneling, and Pietra Bedonia floors. The property is home to a diverse tenant base that includes financial, accounting, law, and technology firms. The award-winning 1350 Avenue of the Americas is a coveted and prestigious address. Completed in 1965, 1350 Ave of the Americas was designed by Emery Roth & Sons and typifies the postwar wave of development that changed the Avenue of Americas core directly west of Rockefeller Center. Featuring a black glass façade divided by vertical white marble piers, the building’s setbacks step away from the street to provide a greater sense of transparency and light.",Office,Entire 9th Floor,24706,,Leasing (SL Green),Howard Tenenbaum,howard.tenenbaum@slgreen.com,(212) 216-1685,https://slgreen.com/properties/1350-avenue-of-the-americas/,2026-07-20T16:36:45+00:00,,,
SL Green,1350 Avenue of the Americas,1350 Avenue of the Americas,"Located in the heart of the Plaza district on the southeast corner of 55th Street, 1350 Avenue of the Americas is a stunning 601,330-square-foot boutique office building. The recently renovated lobby features French walnut wood panels, Paloma limestone, white metal paneling, and Pietra Bedonia floors. The property is home to a diverse tenant base that includes financial, accounting, law, and technology firms. The award-winning 1350 Avenue of the Americas is a coveted and prestigious address. Completed in 1965, 1350 Ave of the Americas was designed by Emery Roth & Sons and typifies the postwar wave of development that changed the Avenue of Americas core directly west of Rockefeller Center. Featuring a black glass façade divided by vertical white marble piers, the building’s setbacks step away from the street to provide a greater sense of transparency and light.",Office,Entire 10th Floor,24706,,Leasing (SL Green),Howard Tenenbaum,howard.tenenbaum@slgreen.com,(212) 216-1685,https://slgreen.com/properties/1350-avenue-of-the-americas/,2026-07-20T16:36:45+00:00,,,
SL Green,1350 Avenue of the Americas,1350 Avenue of the Americas,"Located in the heart of the Plaza district on the southeast corner of 55th Street, 1350 Avenue of the Americas is a stunning 601,330-square-foot boutique office building. The recently renovated lobby features French walnut wood panels, Paloma limestone, white metal paneling, and Pietra Bedonia floors. The property is home to a diverse tenant base that includes financial, accounting, law, and technology firms. The award-winning 1350 Avenue of the Americas is a coveted and prestigious address. Completed in 1965, 1350 Ave of the Americas was designed by Emery Roth & Sons and typifies the postwar wave of development that changed the Avenue of Americas core directly west of Rockefeller Center. Featuring a black glass façade divided by vertical white marble piers, the building’s setbacks step away from the street to provide a greater sense of transparency and light.",Office,Entire 11th Floor,23861,,Leasing (SL Green),Howard Tenenbaum,howard.tenenbaum@slgreen.com,(212) 216-1685,https://slgreen.com/properties/1350-avenue-of-the-americas/,2026-07-20T16:36:45+00:00,,,
SL Green,1350 Avenue of the Americas,1350 Avenue of the Americas,"Located in the heart of the Plaza district on the southeast corner of 55th Street, 1350 Avenue of the Americas is a stunning 601,330-square-foot boutique office building. The recently renovated lobby features French walnut wood panels, Paloma limestone, white metal paneling, and Pietra Bedonia floors. The property is home to a diverse tenant base that includes financial, accounting, law, and technology firms. The award-winning 1350 Avenue of the Americas is a coveted and prestigious address. Completed in 1965, 1350 Ave of the Americas was designed by Emery Roth & Sons and typifies the postwar wave of development that changed the Avenue of Americas core directly west of Rockefeller Center. Featuring a black glass façade divided by vertical white marble piers, the building’s setbacks step away from the street to provide a greater sense of transparency and light.",Office,Entire 14th Floor,19329,,Leasing (SL Green),Howard Tenenbaum,howard.tenenbaum@slgreen.com,(212) 216-1685,https://slgreen.com/properties/1350-avenue-of-the-americas/,2026-07-20T16:36:45+00:00,,,
SL Green,1350 Avenue of the Americas,1350 Avenue of the Americas,"Located in the heart of the Plaza district on the southeast corner of 55th Street, 1350 Avenue of the Americas is a stunning 601,330-square-foot boutique office building. The recently renovated lobby features French walnut wood panels, Paloma limestone, white metal paneling, and Pietra Bedonia floors. The property is home to a diverse tenant base that includes financial, accounting, law, and technology firms. The award-winning 1350 Avenue of the Americas is a coveted and prestigious address. Completed in 1965, 1350 Ave of the Americas was designed by Emery Roth & Sons and typifies the postwar wave of development that changed the Avenue of Americas core directly west of Rockefeller Center. Featuring a black glass façade divided by vertical white marble piers, the building’s setbacks step away from the street to provide a greater sense of transparency and light.",Office,Entire 15th Floor,19308,,Leasing (SL Green),Howard Tenenbaum,howard.tenenbaum@slgreen.com,(212) 216-1685,https://slgreen.com/properties/1350-avenue-of-the-americas/,2026-07-20T16:36:45+00:00,,,
SL Green,1350 Avenue of the Americas,1350 Avenue of the Americas,"Located in the heart of the Plaza district on the southeast corner of 55th Street, 1350 Avenue of the Americas is a stunning 601,330-square-foot boutique office building. The recently renovated lobby features French walnut wood panels, Paloma limestone, white metal paneling, and Pietra Bedonia floors. The property is home to a diverse tenant base that includes financial, accounting, law, and technology firms. The award-winning 1350 Avenue of the Americas is a coveted and prestigious address. Completed in 1965, 1350 Ave of the Americas was designed by Emery Roth & Sons and typifies the postwar wave of development that changed the Avenue of Americas core directly west of Rockefeller Center. Featuring a black glass façade divided by vertical white marble piers, the building’s setbacks step away from the street to provide a greater sense of transparency and light.",Office,2410,3391,,Leasing (SL Green),Howard Tenenbaum,howard.tenenbaum@slgreen.com,(212) 216-1685,https://slgreen.com/properties/1350-avenue-of-the-americas/,2026-07-20T16:36:45+00:00,,,
SL Green,1350 Avenue of the Americas,1350 Avenue of the Americas,"Located in the heart of the Plaza district on the southeast corner of 55th Street, 1350 Avenue of the Americas is a stunning 601,330-square-foot boutique office building. The recently renovated lobby features French walnut wood panels, Paloma limestone, white metal paneling, and Pietra Bedonia floors. The property is home to a diverse tenant base that includes financial, accounting, law, and technology firms. The award-winning 1350 Avenue of the Americas is a coveted and prestigious address. Completed in 1965, 1350 Ave of the Americas was designed by Emery Roth & Sons and typifies the postwar wave of development that changed the Avenue of Americas core directly west of Rockefeller Center. Featuring a black glass façade divided by vertical white marble piers, the building’s setbacks step away from the street to provide a greater sense of transparency and light.",Office,2801,1988,,Leasing (SL Green),Howard Tenenbaum,howard.tenenbaum@slgreen.com,(212) 216-1685,https://slgreen.com/properties/1350-avenue-of-the-americas/,2026-07-20T16:36:45+00:00,,,
SL Green,1350 Avenue of the Americas,1350 Avenue of the Americas,"Located in the heart of the Plaza district on the southeast corner of 55th Street, 1350 Avenue of the Americas is a stunning 601,330-square-foot boutique office building. The recently renovated lobby features French walnut wood panels, Paloma limestone, white metal paneling, and Pietra Bedonia floors. The property is home to a diverse tenant base that includes financial, accounting, law, and technology firms. The award-winning 1350 Avenue of the Americas is a coveted and prestigious address. Completed in 1965, 1350 Ave of the Americas was designed by Emery Roth & Sons and typifies the postwar wave of development that changed the Avenue of Americas core directly west of Rockefeller Center. Featuring a black glass façade divided by vertical white marble piers, the building’s setbacks step away from the street to provide a greater sense of transparency and light.",Office,3005,4332,,Leasing (SL Green),Howard Tenenbaum,howard.tenenbaum@slgreen.com,(212) 216-1685,https://slgreen.com/properties/1350-avenue-of-the-americas/,2026-07-20T16:36:45+00:00,,,
SL Green,1350 Avenue of the Americas,1350 Avenue of the Americas,"Located in the heart of the Plaza district on the southeast corner of 55th Street, 1350 Avenue of the Americas is a stunning 601,330-square-foot boutique office building. The recently renovated lobby features French walnut wood panels, Paloma limestone, white metal paneling, and Pietra Bedonia floors. The property is home to a diverse tenant base that includes financial, accounting, law, and technology firms. The award-winning 1350 Avenue of the Americas is a coveted and prestigious address. Completed in 1965, 1350 Ave of the Americas was designed by Emery Roth & Sons and typifies the postwar wave of development that changed the Avenue of Americas core directly west of Rockefeller Center. Featuring a black glass façade divided by vertical white marble piers, the building’s setbacks step away from the street to provide a greater sense of transparency and light.",Office,,217780,,Leasing (SL Green),Howard Tenenbaum,howard.tenenbaum@slgreen.com,(212) 216-1685,https://slgreen.com/properties/1350-avenue-of-the-americas/,2026-07-20T16:36:45+00:00,,,
SL Green,15 Laight Street,15 Laight Street,"Tribeca has long been defined by the tension between its industrial past and its creative ambition, a neighborhood where cast-iron loft buildings once housed printing presses and now serve as headquarters for some of the world’s most influential companies. 15 Laight Street is the natural next chapter in that story. Newly constructed, never before occupied, and positioned at the crossroads of Tribeca, Hudson Square, and SoHo, the building arrives at a moment when the demand for best-in-class boutique office space in Lower Manhattan has never been stronger. 15 Laight Street sets a new standard for boutique office construction in the Tribeca/SoHo area. Spanning 113,848 rentable square feet across eight stories, 15 Laight offers an opportunity for a first-time tenant to claim the building’s identity entirely as their own. Ceiling heights range from 14′ on office floors to 18’7″ on the retail floor. Private outdoor terraces grace each floor, including the building’s signature sixth-floor terrace and a sweeping rooftop terrace of 5,738 square feet. Floor plates averaging 17,000+ RSF with column spacing between 38 and 46 feet give tenants an extraordinary degree of flexibility in how they configure and inhabit the space. 15 Laight is a rare opportunity to occupy an entire building and make it entirely your own, physically, culturally, and from a branding perspective. With 15.3 million annual impressions at the intersection of Varick Street and St. John’s Lane, exterior signage opportunities at the building are among the most visible in the submarket. The surrounding neighborhood, home to neighbors including Google, Disney, Anthropic, and PayPal, positions 15 Laight squarely within the corridor that has become the preferred address for the next generation of category-defining companies. The building is available for immediate occupancy.",Retail,Ground Floor,9508,,Leasing (SL Green),David Kaufman,david.kaufman@slgreen.com,(212) 356-4104,https://slgreen.com/properties/15-laight-street/,2026-07-20T16:36:45+00:00,,,
SL Green,15 Laight Street,15 Laight Street,"Tribeca has long been defined by the tension between its industrial past and its creative ambition, a neighborhood where cast-iron loft buildings once housed printing presses and now serve as headquarters for some of the world’s most influential companies. 15 Laight Street is the natural next chapter in that story. Newly constructed, never before occupied, and positioned at the crossroads of Tribeca, Hudson Square, and SoHo, the building arrives at a moment when the demand for best-in-class boutique office space in Lower Manhattan has never been stronger. 15 Laight Street sets a new standard for boutique office construction in the Tribeca/SoHo area. Spanning 113,848 rentable square feet across eight stories, 15 Laight offers an opportunity for a first-time tenant to claim the building’s identity entirely as their own. Ceiling heights range from 14′ on office floors to 18’7″ on the retail floor. Private outdoor terraces grace each floor, including the building’s signature sixth-floor terrace and a sweeping rooftop terrace of 5,738 square feet. Floor plates averaging 17,000+ RSF with column spacing between 38 and 46 feet give tenants an extraordinary degree of flexibility in how they configure and inhabit the space. 15 Laight is a rare opportunity to occupy an entire building and make it entirely your own, physically, culturally, and from a branding perspective. With 15.3 million annual impressions at the intersection of Varick Street and St. John’s Lane, exterior signage opportunities at the building are among the most visible in the submarket. The surrounding neighborhood, home to neighbors including Google, Disney, Anthropic, and PayPal, positions 15 Laight squarely within the corridor that has become the preferred address for the next generation of category-defining companies. The building is available for immediate occupancy.",Office,Entire 2nd Floor,17782,,Leasing (SL Green),David Kaufman,david.kaufman@slgreen.com,(212) 356-4104,https://slgreen.com/properties/15-laight-street/,2026-07-20T16:36:45+00:00,,,
SL Green,15 Laight Street,15 Laight Street,"Tribeca has long been defined by the tension between its industrial past and its creative ambition, a neighborhood where cast-iron loft buildings once housed printing presses and now serve as headquarters for some of the world’s most influential companies. 15 Laight Street is the natural next chapter in that story. Newly constructed, never before occupied, and positioned at the crossroads of Tribeca, Hudson Square, and SoHo, the building arrives at a moment when the demand for best-in-class boutique office space in Lower Manhattan has never been stronger. 15 Laight Street sets a new standard for boutique office construction in the Tribeca/SoHo area. Spanning 113,848 rentable square feet across eight stories, 15 Laight offers an opportunity for a first-time tenant to claim the building’s identity entirely as their own. Ceiling heights range from 14′ on office floors to 18’7″ on the retail floor. Private outdoor terraces grace each floor, including the building’s signature sixth-floor terrace and a sweeping rooftop terrace of 5,738 square feet. Floor plates averaging 17,000+ RSF with column spacing between 38 and 46 feet give tenants an extraordinary degree of flexibility in how they configure and inhabit the space. 15 Laight is a rare opportunity to occupy an entire building and make it entirely your own, physically, culturally, and from a branding perspective. With 15.3 million annual impressions at the intersection of Varick Street and St. John’s Lane, exterior signage opportunities at the building are among the most visible in the submarket. The surrounding neighborhood, home to neighbors including Google, Disney, Anthropic, and PayPal, positions 15 Laight squarely within the corridor that has become the preferred address for the next generation of category-defining companies. The building is available for immediate occupancy.",Office,Entire 3rd Floor,17820,,Leasing (SL Green),David Kaufman,david.kaufman@slgreen.com,(212) 356-4104,https://slgreen.com/properties/15-laight-street/,2026-07-20T16:36:45+00:00,,,
SL Green,15 Laight Street,15 Laight Street,"Tribeca has long been defined by the tension between its industrial past and its creative ambition, a neighborhood where cast-iron loft buildings once housed printing presses and now serve as headquarters for some of the world’s most influential companies. 15 Laight Street is the natural next chapter in that story. Newly constructed, never before occupied, and positioned at the crossroads of Tribeca, Hudson Square, and SoHo, the building arrives at a moment when the demand for best-in-class boutique office space in Lower Manhattan has never been stronger. 15 Laight Street sets a new standard for boutique office construction in the Tribeca/SoHo area. Spanning 113,848 rentable square feet across eight stories, 15 Laight offers an opportunity for a first-time tenant to claim the building’s identity entirely as their own. Ceiling heights range from 14′ on office floors to 18’7″ on the retail floor. Private outdoor terraces grace each floor, including the building’s signature sixth-floor terrace and a sweeping rooftop terrace of 5,738 square feet. Floor plates averaging 17,000+ RSF with column spacing between 38 and 46 feet give tenants an extraordinary degree of flexibility in how they configure and inhabit the space. 15 Laight is a rare opportunity to occupy an entire building and make it entirely your own, physically, culturally, and from a branding perspective. With 15.3 million annual impressions at the intersection of Varick Street and St. John’s Lane, exterior signage opportunities at the building are among the most visible in the submarket. The surrounding neighborhood, home to neighbors including Google, Disney, Anthropic, and PayPal, positions 15 Laight squarely within the corridor that has become the preferred address for the next generation of category-defining companies. The building is available for immediate occupancy.",Office,Entire 4th Floor,17820,,Leasing (SL Green),David Kaufman,david.kaufman@slgreen.com,(212) 356-4104,https://slgreen.com/properties/15-laight-street/,2026-07-20T16:36:45+00:00,,,
SL Green,15 Laight Street,15 Laight Street,"Tribeca has long been defined by the tension between its industrial past and its creative ambition, a neighborhood where cast-iron loft buildings once housed printing presses and now serve as headquarters for some of the world’s most influential companies. 15 Laight Street is the natural next chapter in that story. Newly constructed, never before occupied, and positioned at the crossroads of Tribeca, Hudson Square, and SoHo, the building arrives at a moment when the demand for best-in-class boutique office space in Lower Manhattan has never been stronger. 15 Laight Street sets a new standard for boutique office construction in the Tribeca/SoHo area. Spanning 113,848 rentable square feet across eight stories, 15 Laight offers an opportunity for a first-time tenant to claim the building’s identity entirely as their own. Ceiling heights range from 14′ on office floors to 18’7″ on the retail floor. Private outdoor terraces grace each floor, including the building’s signature sixth-floor terrace and a sweeping rooftop terrace of 5,738 square feet. Floor plates averaging 17,000+ RSF with column spacing between 38 and 46 feet give tenants an extraordinary degree of flexibility in how they configure and inhabit the space. 15 Laight is a rare opportunity to occupy an entire building and make it entirely your own, physically, culturally, and from a branding perspective. With 15.3 million annual impressions at the intersection of Varick Street and St. John’s Lane, exterior signage opportunities at the building are among the most visible in the submarket. The surrounding neighborhood, home to neighbors including Google, Disney, Anthropic, and PayPal, positions 15 Laight squarely within the corridor that has become the preferred address for the next generation of category-defining companies. The building is available for immediate occupancy.",Office,Entire 5th Floor,17820,,Leasing (SL Green),David Kaufman,david.kaufman@slgreen.com,(212) 356-4104,https://slgreen.com/properties/15-laight-street/,2026-07-20T16:36:45+00:00,,,
SL Green,15 Laight Street,15 Laight Street,"Tribeca has long been defined by the tension between its industrial past and its creative ambition, a neighborhood where cast-iron loft buildings once housed printing presses and now serve as headquarters for some of the world’s most influential companies. 15 Laight Street is the natural next chapter in that story. Newly constructed, never before occupied, and positioned at the crossroads of Tribeca, Hudson Square, and SoHo, the building arrives at a moment when the demand for best-in-class boutique office space in Lower Manhattan has never been stronger. 15 Laight Street sets a new standard for boutique office construction in the Tribeca/SoHo area. Spanning 113,848 rentable square feet across eight stories, 15 Laight offers an opportunity for a first-time tenant to claim the building’s identity entirely as their own. Ceiling heights range from 14′ on office floors to 18’7″ on the retail floor. Private outdoor terraces grace each floor, including the building’s signature sixth-floor terrace and a sweeping rooftop terrace of 5,738 square feet. Floor plates averaging 17,000+ RSF with column spacing between 38 and 46 feet give tenants an extraordinary degree of flexibility in how they configure and inhabit the space. 15 Laight is a rare opportunity to occupy an entire building and make it entirely your own, physically, culturally, and from a branding perspective. With 15.3 million annual impressions at the intersection of Varick Street and St. John’s Lane, exterior signage opportunities at the building are among the most visible in the submarket. The surrounding neighborhood, home to neighbors including Google, Disney, Anthropic, and PayPal, positions 15 Laight squarely within the corridor that has become the preferred address for the next generation of category-defining companies. The building is available for immediate occupancy.",Office,Entire 6th Floor + Mezzanine,14482,,Leasing (SL Green),David Kaufman,david.kaufman@slgreen.com,(212) 356-4104,https://slgreen.com/properties/15-laight-street/,2026-07-20T16:36:45+00:00,,,
SL Green,15 Laight Street,15 Laight Street,"Tribeca has long been defined by the tension between its industrial past and its creative ambition, a neighborhood where cast-iron loft buildings once housed printing presses and now serve as headquarters for some of the world’s most influential companies. 15 Laight Street is the natural next chapter in that story. Newly constructed, never before occupied, and positioned at the crossroads of Tribeca, Hudson Square, and SoHo, the building arrives at a moment when the demand for best-in-class boutique office space in Lower Manhattan has never been stronger. 15 Laight Street sets a new standard for boutique office construction in the Tribeca/SoHo area. Spanning 113,848 rentable square feet across eight stories, 15 Laight offers an opportunity for a first-time tenant to claim the building’s identity entirely as their own. Ceiling heights range from 14′ on office floors to 18’7″ on the retail floor. Private outdoor terraces grace each floor, including the building’s signature sixth-floor terrace and a sweeping rooftop terrace of 5,738 square feet. Floor plates averaging 17,000+ RSF with column spacing between 38 and 46 feet give tenants an extraordinary degree of flexibility in how they configure and inhabit the space. 15 Laight is a rare opportunity to occupy an entire building and make it entirely your own, physically, culturally, and from a branding perspective. With 15.3 million annual impressions at the intersection of Varick Street and St. John’s Lane, exterior signage opportunities at the building are among the most visible in the submarket. The surrounding neighborhood, home to neighbors including Google, Disney, Anthropic, and PayPal, positions 15 Laight squarely within the corridor that has become the preferred address for the next generation of category-defining companies. The building is available for immediate occupancy.",Office,Entire 8th Floor,13047,,Leasing (SL Green),David Kaufman,david.kaufman@slgreen.com,(212) 356-4104,https://slgreen.com/properties/15-laight-street/,2026-07-20T16:36:45+00:00,,,
SL Green,1515 Broadway,1515 Broadway,"Designed by one of the truly great New York architects of the 20th Century, Ely J. Kahn & Jacobs, 1515 Broadway is an iconic 54-story office tower located between 44th and 45th Streets. Situated in the bowtie of Times Square, within New York City’s famed Broadway theater district and just steps from 14 subway lines, Penn Station, and the Port Authority, the building boasts both absolute proximity and convenience for it’s location. A significant lobby renovation was completed in 2010, emphasizing the building’s soaring ceiling heights and featuring dramatic accent walls consisting of glass blocks custom-designed by contemporary artist Chris Cosma. With exceptional views across a convenient in-building garage, ultra-efficient center core design, and column-free floor plates to maximize floor-plan efficiency, the building offers superior flexibility for varied usage. 1515 Broadway serves as the international headquarters of media giant Viacom and the home of the Minskoff Theatre (home to Disney’s musical, “The Lion King”).",,,,,Leasing (SL Green),Larry Swiger,larry.swiger@slgreen.com,(212) 216-1628,https://slgreen.com/properties/1515-broadway/,2026-07-20T16:36:45+00:00,,,
SL Green,185 Broadway,185 Broadway,"Centrally located at the intersection of Broadway and Dey Street in Lower Manhattan, SL Green Realty Corp. is proud to present boutique full floor opportunities above the new Fulton Transit Center. The opportunity is located at the base of a newly constructed residential tower at 185 Broadway.",Office,Entire 3rd Floor,9416,,Leasing (SL Green),Larry Swiger,larry.swiger@slgreen.com,(212) 216-1628,https://slgreen.com/properties/185-broadway/,2026-07-20T16:36:45+00:00,,,
SL Green,185 Broadway,185 Broadway,"Centrally located at the intersection of Broadway and Dey Street in Lower Manhattan, SL Green Realty Corp. is proud to present boutique full floor opportunities above the new Fulton Transit Center. The opportunity is located at the base of a newly constructed residential tower at 185 Broadway.",Office,Entire 4th Floor,9416,,Leasing (SL Green),Larry Swiger,larry.swiger@slgreen.com,(212) 216-1628,https://slgreen.com/properties/185-broadway/,2026-07-20T16:36:45+00:00,,,
SL Green,185 Broadway,185 Broadway,"Centrally located at the intersection of Broadway and Dey Street in Lower Manhattan, SL Green Realty Corp. is proud to present boutique full floor opportunities above the new Fulton Transit Center. The opportunity is located at the base of a newly constructed residential tower at 185 Broadway.",Office,Entire 5th Floor,9871,,Leasing (SL Green),Larry Swiger,larry.swiger@slgreen.com,(212) 216-1628,https://slgreen.com/properties/185-broadway/,2026-07-20T16:36:45+00:00,,,
SL Green,185 Broadway,185 Broadway,"Centrally located at the intersection of Broadway and Dey Street in Lower Manhattan, SL Green Realty Corp. is proud to present boutique full floor opportunities above the new Fulton Transit Center. The opportunity is located at the base of a newly constructed residential tower at 185 Broadway.",Office,,28703,,Leasing (SL Green),Larry Swiger,larry.swiger@slgreen.com,(212) 216-1628,https://slgreen.com/properties/185-broadway/,2026-07-20T16:36:45+00:00,,,
SL Green,215 Park Avenue South,215 Park Avenue South,"215 Park Avenue South was designed by Maynicke & Franke, who at the time of its construction in 1914 were considered the pioneers of modern loft buildings in New York City. Located at the corner of 18th Street and Park Avenue South, it is perfectly situated between Union Square Park and Gramercy Park. This character-filled building is surrounded by some of Manhattan’s top restaurants, including Eleven Madison Park and Gramercy Tavern, and trendy boutique shops. Original bay windows on the upper floors offer dramatic views, while 215 Park Avenue South’s recent renovation includes an updated lobby, new elevators, new corridors, restrooms, and an ENERGY STAR label. A classic in every sense of the term, 215 Park Avenue South is Manhattan loft office space at its finest. Chief architect at Maynicke & Franke, the German-born American Robert Maynicke was one of the first designers in New York to address the new technologies of the elevator and its implications for mixed-use development in America – and indeed the world. A gifted draftsman, he was able to provide his clients with light-flooded interiors, open plans and flexible spaces made possible by new advances in steel and concrete support systems. His style was a deft mix of traditional and abstracted elements and the best of his buildings have clarity of form that puts them at the top of the architecture of their period. 215 Park Avenue South rises 20 stories and crowned by an impressive copper cornice. The division of the tower into the base, shaft and capital shares the approach pioneered in Chicago by architects such as Louis Sullivan while restrained Beaux Arts detailing reflects New York’s then-preference for the beauty of classically-derived ornament. The fine copper bays at the upper four floors are especially notable for introducing a sense of modeling and texture as well as providing natural light and an impressive range of views across the Ladies’ Mile and beyond. A cutting-edge building then and now, 215 Park Avenue South rises from the site of the former Clarendon Hotel, where yet another breakthrough moment in American technology occurred: in 1854 Peter Cooper and Cyrus Field met with other investors at the hotel ballroom to raise money for the first trans-Atlantic telegraph cable, one of the greatest engineering triumphs of the 19th century.",Office,Entire 5th Floor,17255,,Leasing (SL Green),Gary Rosen,gary.rosen@slgreen.com,(212) 216-1687,https://slgreen.com/properties/215-park-avenue-south/,2026-07-20T16:36:45+00:00,,,
SL Green,215 Park Avenue South,215 Park Avenue South,"215 Park Avenue South was designed by Maynicke & Franke, who at the time of its construction in 1914 were considered the pioneers of modern loft buildings in New York City. Located at the corner of 18th Street and Park Avenue South, it is perfectly situated between Union Square Park and Gramercy Park. This character-filled building is surrounded by some of Manhattan’s top restaurants, including Eleven Madison Park and Gramercy Tavern, and trendy boutique shops. Original bay windows on the upper floors offer dramatic views, while 215 Park Avenue South’s recent renovation includes an updated lobby, new elevators, new corridors, restrooms, and an ENERGY STAR label. A classic in every sense of the term, 215 Park Avenue South is Manhattan loft office space at its finest. Chief architect at Maynicke & Franke, the German-born American Robert Maynicke was one of the first designers in New York to address the new technologies of the elevator and its implications for mixed-use development in America – and indeed the world. A gifted draftsman, he was able to provide his clients with light-flooded interiors, open plans and flexible spaces made possible by new advances in steel and concrete support systems. His style was a deft mix of traditional and abstracted elements and the best of his buildings have clarity of form that puts them at the top of the architecture of their period. 215 Park Avenue South rises 20 stories and crowned by an impressive copper cornice. The division of the tower into the base, shaft and capital shares the approach pioneered in Chicago by architects such as Louis Sullivan while restrained Beaux Arts detailing reflects New York’s then-preference for the beauty of classically-derived ornament. The fine copper bays at the upper four floors are especially notable for introducing a sense of modeling and texture as well as providing natural light and an impressive range of views across the Ladies’ Mile and beyond. A cutting-edge building then and now, 215 Park Avenue South rises from the site of the former Clarendon Hotel, where yet another breakthrough moment in American technology occurred: in 1854 Peter Cooper and Cyrus Field met with other investors at the hotel ballroom to raise money for the first trans-Atlantic telegraph cable, one of the greatest engineering triumphs of the 19th century.",Office,1403,9168,,Leasing (SL Green),Gary Rosen,gary.rosen@slgreen.com,(212) 216-1687,https://slgreen.com/properties/215-park-avenue-south/,2026-07-20T16:36:45+00:00,,,
SL Green,215 Park Avenue South,215 Park Avenue South,"215 Park Avenue South was designed by Maynicke & Franke, who at the time of its construction in 1914 were considered the pioneers of modern loft buildings in New York City. Located at the corner of 18th Street and Park Avenue South, it is perfectly situated between Union Square Park and Gramercy Park. This character-filled building is surrounded by some of Manhattan’s top restaurants, including Eleven Madison Park and Gramercy Tavern, and trendy boutique shops. Original bay windows on the upper floors offer dramatic views, while 215 Park Avenue South’s recent renovation includes an updated lobby, new elevators, new corridors, restrooms, and an ENERGY STAR label. A classic in every sense of the term, 215 Park Avenue South is Manhattan loft office space at its finest. Chief architect at Maynicke & Franke, the German-born American Robert Maynicke was one of the first designers in New York to address the new technologies of the elevator and its implications for mixed-use development in America – and indeed the world. A gifted draftsman, he was able to provide his clients with light-flooded interiors, open plans and flexible spaces made possible by new advances in steel and concrete support systems. His style was a deft mix of traditional and abstracted elements and the best of his buildings have clarity of form that puts them at the top of the architecture of their period. 215 Park Avenue South rises 20 stories and crowned by an impressive copper cornice. The division of the tower into the base, shaft and capital shares the approach pioneered in Chicago by architects such as Louis Sullivan while restrained Beaux Arts detailing reflects New York’s then-preference for the beauty of classically-derived ornament. The fine copper bays at the upper four floors are especially notable for introducing a sense of modeling and texture as well as providing natural light and an impressive range of views across the Ladies’ Mile and beyond. A cutting-edge building then and now, 215 Park Avenue South rises from the site of the former Clarendon Hotel, where yet another breakthrough moment in American technology occurred: in 1854 Peter Cooper and Cyrus Field met with other investors at the hotel ballroom to raise money for the first trans-Atlantic telegraph cable, one of the greatest engineering triumphs of the 19th century.",Office,2005,2842,,Leasing (SL Green),Gary Rosen,gary.rosen@slgreen.com,(212) 216-1687,https://slgreen.com/properties/215-park-avenue-south/,2026-07-20T16:36:45+00:00,,,
SL Green,220 East 42nd Street,220 East 42nd Street,"Just a block and a half from Grand Central Terminal, 220 East 42nd Street, also known as the Daily News Building, is a 37-story, Art-Deco skyscraper designed by Raymond Hood and John Mead Howells. Towering majestically above Midtown Manhattan, the building was originally the headquarters for The New York Daily News. In addition to being recognized by New York City’s landmark agency, the News Building was also designated as a National Historic Landmark in 1989. The world’s largest indoor globe, made famous by the original Superman television series and feature films, occupies the center of the dramatic lobby under a black glass-domed ceiling. The tower floors offer spectacular views of the East River and downtown Manhattan’s skyline. With its convenient proximity to Grand Central, landmark status, and exclusive high-end amenities, 220 East 42nd is a historic and covetable address. One of the most distinctive Art Deco buildings in America, 220 East 42nd was finished in 1930 by architects Hood and Howells, who also designed the iconic Tribune Tower in Chicago. The building rises as a monumental slab, with setbacks gathered closely about a single soaring mass. A great carved frieze surmounts the entrance, showing New Yorkers of the period rushing to work under the banner “He Made So Many of Them” while a titanic city piles up in the background. The result has been praised as one of the first free-standing modernistic skyscrapers in the world and one of the first tall buildings in New York to be designed without an ornamental spire. The interiors are just as dramatic, with black glass and colored marble creating a dynamic yet atmospheric inner chamber. The vast rotating globe, set partially into the floor, inspired the name and design of Clark Kent’s workplace, The Daily Planet in the original Superman comics. Meteorological equipment shows rainfall and temperatures, while clocks display the times in cities around the globe. Set into the marble floors are the distances from the lobby to places such as the North Pole and Gibraltar – a clever way of suggesting that New York was literally at the center of the world. With its superb location, architecture, amenities, views and convenience to Grand Central subway and Metro-North commutes, 220 East 42nd is poised to be the center of anyone’s world.",Office,410,22691,,Leasing (SL Green),Larry Swiger,larry.swiger@slgreen.com,(212) 216-1628,https://slgreen.com/properties/220-east-42nd-street/,2026-07-20T16:36:45+00:00,,,
SL Green,220 East 42nd Street,220 East 42nd Street,"Just a block and a half from Grand Central Terminal, 220 East 42nd Street, also known as the Daily News Building, is a 37-story, Art-Deco skyscraper designed by Raymond Hood and John Mead Howells. Towering majestically above Midtown Manhattan, the building was originally the headquarters for The New York Daily News. In addition to being recognized by New York City’s landmark agency, the News Building was also designated as a National Historic Landmark in 1989. The world’s largest indoor globe, made famous by the original Superman television series and feature films, occupies the center of the dramatic lobby under a black glass-domed ceiling. The tower floors offer spectacular views of the East River and downtown Manhattan’s skyline. With its convenient proximity to Grand Central, landmark status, and exclusive high-end amenities, 220 East 42nd is a historic and covetable address. One of the most distinctive Art Deco buildings in America, 220 East 42nd was finished in 1930 by architects Hood and Howells, who also designed the iconic Tribune Tower in Chicago. The building rises as a monumental slab, with setbacks gathered closely about a single soaring mass. A great carved frieze surmounts the entrance, showing New Yorkers of the period rushing to work under the banner “He Made So Many of Them” while a titanic city piles up in the background. The result has been praised as one of the first free-standing modernistic skyscrapers in the world and one of the first tall buildings in New York to be designed without an ornamental spire. The interiors are just as dramatic, with black glass and colored marble creating a dynamic yet atmospheric inner chamber. The vast rotating globe, set partially into the floor, inspired the name and design of Clark Kent’s workplace, The Daily Planet in the original Superman comics. Meteorological equipment shows rainfall and temperatures, while clocks display the times in cities around the globe. Set into the marble floors are the distances from the lobby to places such as the North Pole and Gibraltar – a clever way of suggesting that New York was literally at the center of the world. With its superb location, architecture, amenities, views and convenience to Grand Central subway and Metro-North commutes, 220 East 42nd is poised to be the center of anyone’s world.",Office,1306,13716,,Leasing (SL Green),Larry Swiger,larry.swiger@slgreen.com,(212) 216-1628,https://slgreen.com/properties/220-east-42nd-street/,2026-07-20T16:36:45+00:00,,,
SL Green,220 East 42nd Street,220 East 42nd Street,"Just a block and a half from Grand Central Terminal, 220 East 42nd Street, also known as the Daily News Building, is a 37-story, Art-Deco skyscraper designed by Raymond Hood and John Mead Howells. Towering majestically above Midtown Manhattan, the building was originally the headquarters for The New York Daily News. In addition to being recognized by New York City’s landmark agency, the News Building was also designated as a National Historic Landmark in 1989. The world’s largest indoor globe, made famous by the original Superman television series and feature films, occupies the center of the dramatic lobby under a black glass-domed ceiling. The tower floors offer spectacular views of the East River and downtown Manhattan’s skyline. With its convenient proximity to Grand Central, landmark status, and exclusive high-end amenities, 220 East 42nd is a historic and covetable address. One of the most distinctive Art Deco buildings in America, 220 East 42nd was finished in 1930 by architects Hood and Howells, who also designed the iconic Tribune Tower in Chicago. The building rises as a monumental slab, with setbacks gathered closely about a single soaring mass. A great carved frieze surmounts the entrance, showing New Yorkers of the period rushing to work under the banner “He Made So Many of Them” while a titanic city piles up in the background. The result has been praised as one of the first free-standing modernistic skyscrapers in the world and one of the first tall buildings in New York to be designed without an ornamental spire. The interiors are just as dramatic, with black glass and colored marble creating a dynamic yet atmospheric inner chamber. The vast rotating globe, set partially into the floor, inspired the name and design of Clark Kent’s workplace, The Daily Planet in the original Superman comics. Meteorological equipment shows rainfall and temperatures, while clocks display the times in cities around the globe. Set into the marble floors are the distances from the lobby to places such as the North Pole and Gibraltar – a clever way of suggesting that New York was literally at the center of the world. With its superb location, architecture, amenities, views and convenience to Grand Central subway and Metro-North commutes, 220 East 42nd is poised to be the center of anyone’s world.",Office,2204,6015,,Leasing (SL Green),Larry Swiger,larry.swiger@slgreen.com,(212) 216-1628,https://slgreen.com/properties/220-east-42nd-street/,2026-07-20T16:36:45+00:00,,,
SL Green,220 East 42nd Street,220 East 42nd Street,"Just a block and a half from Grand Central Terminal, 220 East 42nd Street, also known as the Daily News Building, is a 37-story, Art-Deco skyscraper designed by Raymond Hood and John Mead Howells. Towering majestically above Midtown Manhattan, the building was originally the headquarters for The New York Daily News. In addition to being recognized by New York City’s landmark agency, the News Building was also designated as a National Historic Landmark in 1989. The world’s largest indoor globe, made famous by the original Superman television series and feature films, occupies the center of the dramatic lobby under a black glass-domed ceiling. The tower floors offer spectacular views of the East River and downtown Manhattan’s skyline. With its convenient proximity to Grand Central, landmark status, and exclusive high-end amenities, 220 East 42nd is a historic and covetable address. One of the most distinctive Art Deco buildings in America, 220 East 42nd was finished in 1930 by architects Hood and Howells, who also designed the iconic Tribune Tower in Chicago. The building rises as a monumental slab, with setbacks gathered closely about a single soaring mass. A great carved frieze surmounts the entrance, showing New Yorkers of the period rushing to work under the banner “He Made So Many of Them” while a titanic city piles up in the background. The result has been praised as one of the first free-standing modernistic skyscrapers in the world and one of the first tall buildings in New York to be designed without an ornamental spire. The interiors are just as dramatic, with black glass and colored marble creating a dynamic yet atmospheric inner chamber. The vast rotating globe, set partially into the floor, inspired the name and design of Clark Kent’s workplace, The Daily Planet in the original Superman comics. Meteorological equipment shows rainfall and temperatures, while clocks display the times in cities around the globe. Set into the marble floors are the distances from the lobby to places such as the North Pole and Gibraltar – a clever way of suggesting that New York was literally at the center of the world. With its superb location, architecture, amenities, views and convenience to Grand Central subway and Metro-North commutes, 220 East 42nd is poised to be the center of anyone’s world.",Office,3000,7531,,Leasing (SL Green),Larry Swiger,larry.swiger@slgreen.com,(212) 216-1628,https://slgreen.com/properties/220-east-42nd-street/,2026-07-20T16:36:45+00:00,,,
SL Green,220 East 42nd Street,220 East 42nd Street,"Just a block and a half from Grand Central Terminal, 220 East 42nd Street, also known as the Daily News Building, is a 37-story, Art-Deco skyscraper designed by Raymond Hood and John Mead Howells. Towering majestically above Midtown Manhattan, the building was originally the headquarters for The New York Daily News. In addition to being recognized by New York City’s landmark agency, the News Building was also designated as a National Historic Landmark in 1989. The world’s largest indoor globe, made famous by the original Superman television series and feature films, occupies the center of the dramatic lobby under a black glass-domed ceiling. The tower floors offer spectacular views of the East River and downtown Manhattan’s skyline. With its convenient proximity to Grand Central, landmark status, and exclusive high-end amenities, 220 East 42nd is a historic and covetable address. One of the most distinctive Art Deco buildings in America, 220 East 42nd was finished in 1930 by architects Hood and Howells, who also designed the iconic Tribune Tower in Chicago. The building rises as a monumental slab, with setbacks gathered closely about a single soaring mass. A great carved frieze surmounts the entrance, showing New Yorkers of the period rushing to work under the banner “He Made So Many of Them” while a titanic city piles up in the background. The result has been praised as one of the first free-standing modernistic skyscrapers in the world and one of the first tall buildings in New York to be designed without an ornamental spire. The interiors are just as dramatic, with black glass and colored marble creating a dynamic yet atmospheric inner chamber. The vast rotating globe, set partially into the floor, inspired the name and design of Clark Kent’s workplace, The Daily Planet in the original Superman comics. Meteorological equipment shows rainfall and temperatures, while clocks display the times in cities around the globe. Set into the marble floors are the distances from the lobby to places such as the North Pole and Gibraltar – a clever way of suggesting that New York was literally at the center of the world. With its superb location, architecture, amenities, views and convenience to Grand Central subway and Metro-North commutes, 220 East 42nd is poised to be the center of anyone’s world.",Office,3010,2973,,Leasing (SL Green),Larry Swiger,larry.swiger@slgreen.com,(212) 216-1628,https://slgreen.com/properties/220-east-42nd-street/,2026-07-20T16:36:45+00:00,,,
SL Green,245 Park Avenue,245 Park Avenue,,,,,,Leasing (SL Green),,,,https://slgreen.com/properties/245-park-avenue/,2026-07-20T16:36:45+00:00,,,
SL Green,280 Park Avenue,280 Park Avenue,"Steps from Grand Central Terminal, 280 Park Avenue offers both a prestigious address and an unparalleled location. Spanning the entire block of Park Avenue from 48th to 49th Streets, this impressive building features large base floors with streetscape views and boutique tower floors with stunning 360-degree views of the Manhattan skyline. The building underwent a comprehensive redevelopment program led by the AKF Group that was completed in 2015. The lobby features 25-foot ceilings and connects to an interior atrium complete with a reflecting pool. Other building features include plazas with abundant green space, a floor-to-ceiling glass façade on the plaza building that creates double-height retail areas on both 48th and 49th Streets, and a world-class art program. The property is walking distance from the Palace, Intercontinental, W, and Hyatt hotels, and steps from prestigious restaurants such as Brasserie, and Casa Lever. In addition, the property is home to Fasano Restaurant, an elegant Northern Italian eatery operated by the Brazil-based Fasano Group. With these amenities and immediate access to Grand Central’s northwest passage, 280 Park Avenue is a true standout. Designed in 1962 by Emery Roth & Sons in conjunction with Shreve, Lamb & Harmon Associates, the architects of the Empire State Building, 280 Park Avenue represents a distinct take on the classic corporate aesthetic of Park Avenue. Featuring pre-cast concrete window panels that introduce an unexpectedly sinuous sense of texture, the building echoes the concurrent Brutalist style of the Pan Am Building by Marcel Breuer (1960-1963). The crisp façade creates a sense of lightness and verticality, in keeping with the more typical steel-and-glass constructions associated with Park Avenue buildings of the time. The spectacular new lobby, the work of noted architectural firm Kohn Pederson Fox Associates, introduces a fresh sense of spectacle while preserving the overall proportions. The principal designer for the building was Henry Dreyfuss, one of the 20th Century’s greatest industrial designers, and a student of Norman Bel Geddes, the renowned theatrical stylist, and man behind the “Streamline” style. Dreyfuss prized practicality and ergonomics, anthropometrics and associated factors: his works included designs for Polaroid, American Airlines and some of the most beautiful locomotives for the world-famous Twentieth Century Limited railway line, which departed from Grand Central just a few blocks south. His plan for 280 Park Avenue is indicative of his genius for clear, comprehensive and cutting-edge solutions. Like his many other standard-bearing creations, it never wearies the eye.",Office,Entire 22nd Floor- East Tower,8942,,Leasing (SL Green),Steven Durels,steven.durels@slgreen.com,(212) 216-1617,https://slgreen.com/properties/280-park-avenue/,2026-07-20T16:36:45+00:00,,,
SL Green,280 Park Avenue,280 Park Avenue,"Steps from Grand Central Terminal, 280 Park Avenue offers both a prestigious address and an unparalleled location. Spanning the entire block of Park Avenue from 48th to 49th Streets, this impressive building features large base floors with streetscape views and boutique tower floors with stunning 360-degree views of the Manhattan skyline. The building underwent a comprehensive redevelopment program led by the AKF Group that was completed in 2015. The lobby features 25-foot ceilings and connects to an interior atrium complete with a reflecting pool. Other building features include plazas with abundant green space, a floor-to-ceiling glass façade on the plaza building that creates double-height retail areas on both 48th and 49th Streets, and a world-class art program. The property is walking distance from the Palace, Intercontinental, W, and Hyatt hotels, and steps from prestigious restaurants such as Brasserie, and Casa Lever. In addition, the property is home to Fasano Restaurant, an elegant Northern Italian eatery operated by the Brazil-based Fasano Group. With these amenities and immediate access to Grand Central’s northwest passage, 280 Park Avenue is a true standout. Designed in 1962 by Emery Roth & Sons in conjunction with Shreve, Lamb & Harmon Associates, the architects of the Empire State Building, 280 Park Avenue represents a distinct take on the classic corporate aesthetic of Park Avenue. Featuring pre-cast concrete window panels that introduce an unexpectedly sinuous sense of texture, the building echoes the concurrent Brutalist style of the Pan Am Building by Marcel Breuer (1960-1963). The crisp façade creates a sense of lightness and verticality, in keeping with the more typical steel-and-glass constructions associated with Park Avenue buildings of the time. The spectacular new lobby, the work of noted architectural firm Kohn Pederson Fox Associates, introduces a fresh sense of spectacle while preserving the overall proportions. The principal designer for the building was Henry Dreyfuss, one of the 20th Century’s greatest industrial designers, and a student of Norman Bel Geddes, the renowned theatrical stylist, and man behind the “Streamline” style. Dreyfuss prized practicality and ergonomics, anthropometrics and associated factors: his works included designs for Polaroid, American Airlines and some of the most beautiful locomotives for the world-famous Twentieth Century Limited railway line, which departed from Grand Central just a few blocks south. His plan for 280 Park Avenue is indicative of his genius for clear, comprehensive and cutting-edge solutions. Like his many other standard-bearing creations, it never wearies the eye.",Office,Entire 29 Floor - East Tower,8941,,Leasing (SL Green),Steven Durels,steven.durels@slgreen.com,(212) 216-1617,https://slgreen.com/properties/280-park-avenue/,2026-07-20T16:36:45+00:00,,,
SL Green,280 Park Avenue,280 Park Avenue,"Steps from Grand Central Terminal, 280 Park Avenue offers both a prestigious address and an unparalleled location. Spanning the entire block of Park Avenue from 48th to 49th Streets, this impressive building features large base floors with streetscape views and boutique tower floors with stunning 360-degree views of the Manhattan skyline. The building underwent a comprehensive redevelopment program led by the AKF Group that was completed in 2015. The lobby features 25-foot ceilings and connects to an interior atrium complete with a reflecting pool. Other building features include plazas with abundant green space, a floor-to-ceiling glass façade on the plaza building that creates double-height retail areas on both 48th and 49th Streets, and a world-class art program. The property is walking distance from the Palace, Intercontinental, W, and Hyatt hotels, and steps from prestigious restaurants such as Brasserie, and Casa Lever. In addition, the property is home to Fasano Restaurant, an elegant Northern Italian eatery operated by the Brazil-based Fasano Group. With these amenities and immediate access to Grand Central’s northwest passage, 280 Park Avenue is a true standout. Designed in 1962 by Emery Roth & Sons in conjunction with Shreve, Lamb & Harmon Associates, the architects of the Empire State Building, 280 Park Avenue represents a distinct take on the classic corporate aesthetic of Park Avenue. Featuring pre-cast concrete window panels that introduce an unexpectedly sinuous sense of texture, the building echoes the concurrent Brutalist style of the Pan Am Building by Marcel Breuer (1960-1963). The crisp façade creates a sense of lightness and verticality, in keeping with the more typical steel-and-glass constructions associated with Park Avenue buildings of the time. The spectacular new lobby, the work of noted architectural firm Kohn Pederson Fox Associates, introduces a fresh sense of spectacle while preserving the overall proportions. The principal designer for the building was Henry Dreyfuss, one of the 20th Century’s greatest industrial designers, and a student of Norman Bel Geddes, the renowned theatrical stylist, and man behind the “Streamline” style. Dreyfuss prized practicality and ergonomics, anthropometrics and associated factors: his works included designs for Polaroid, American Airlines and some of the most beautiful locomotives for the world-famous Twentieth Century Limited railway line, which departed from Grand Central just a few blocks south. His plan for 280 Park Avenue is indicative of his genius for clear, comprehensive and cutting-edge solutions. Like his many other standard-bearing creations, it never wearies the eye.",Office,Part 35 - West Tower,4463,,Leasing (SL Green),Steven Durels,steven.durels@slgreen.com,(212) 216-1617,https://slgreen.com/properties/280-park-avenue/,2026-07-20T16:36:45+00:00,,,
SL Green,280 Park Avenue,280 Park Avenue,"Steps from Grand Central Terminal, 280 Park Avenue offers both a prestigious address and an unparalleled location. Spanning the entire block of Park Avenue from 48th to 49th Streets, this impressive building features large base floors with streetscape views and boutique tower floors with stunning 360-degree views of the Manhattan skyline. The building underwent a comprehensive redevelopment program led by the AKF Group that was completed in 2015. The lobby features 25-foot ceilings and connects to an interior atrium complete with a reflecting pool. Other building features include plazas with abundant green space, a floor-to-ceiling glass façade on the plaza building that creates double-height retail areas on both 48th and 49th Streets, and a world-class art program. The property is walking distance from the Palace, Intercontinental, W, and Hyatt hotels, and steps from prestigious restaurants such as Brasserie, and Casa Lever. In addition, the property is home to Fasano Restaurant, an elegant Northern Italian eatery operated by the Brazil-based Fasano Group. With these amenities and immediate access to Grand Central’s northwest passage, 280 Park Avenue is a true standout. Designed in 1962 by Emery Roth & Sons in conjunction with Shreve, Lamb & Harmon Associates, the architects of the Empire State Building, 280 Park Avenue represents a distinct take on the classic corporate aesthetic of Park Avenue. Featuring pre-cast concrete window panels that introduce an unexpectedly sinuous sense of texture, the building echoes the concurrent Brutalist style of the Pan Am Building by Marcel Breuer (1960-1963). The crisp façade creates a sense of lightness and verticality, in keeping with the more typical steel-and-glass constructions associated with Park Avenue buildings of the time. The spectacular new lobby, the work of noted architectural firm Kohn Pederson Fox Associates, introduces a fresh sense of spectacle while preserving the overall proportions. The principal designer for the building was Henry Dreyfuss, one of the 20th Century’s greatest industrial designers, and a student of Norman Bel Geddes, the renowned theatrical stylist, and man behind the “Streamline” style. Dreyfuss prized practicality and ergonomics, anthropometrics and associated factors: his works included designs for Polaroid, American Airlines and some of the most beautiful locomotives for the world-famous Twentieth Century Limited railway line, which departed from Grand Central just a few blocks south. His plan for 280 Park Avenue is indicative of his genius for clear, comprehensive and cutting-edge solutions. Like his many other standard-bearing creations, it never wearies the eye.",Office,Suite 4301- West Tower,8587,,Leasing (SL Green),Steven Durels,steven.durels@slgreen.com,(212) 216-1617,https://slgreen.com/properties/280-park-avenue/,2026-07-20T16:36:45+00:00,,,
SL Green,304 Park Avenue South,304 Park Avenue South,"304 Park Avenue South is a 12-story boutique office building located on the southwest corner of 23rd Street. The building is steps from the beautiful Madison Square Park and within walking distance of both Gramercy Park and Union Square. It is surrounded by some of the city’s most exceptional restaurants and features an abundance of neighborhood amenities, including subway access and abundant retail. The 6 subway line sits directly in front of the building with nearby access to the 4, 5, N, R, W, and F subway lines. The newly renovated entry, lobby, and elevators have a clean, modern edge aesthetic. 304 Park Avenue South is an excellent example of the work of Clinton & Russell, a prominent New York-based architectural firm responsible for numerous significant buildings throughout the city, including several projects for William Waldorf Astor, 1st Viscount Astor, heir to the prominent Colonial-era family. These included, what was at the time of its construction, the largest and most luxurious apartment building in the world, the Apthorp at Broadway and West 78th Street. 304 Park Avenue South shares that building’s delicate Renaissance-derived ornament and strong but lofty proportions. The first 11 stories of 304 Park Avenue South were completed in 1904. In 1916, a two-story penthouse (not visible from the street) was added for the artist Jules Guerin, whose works include the murals at the Lincoln Memorial, which were created in part at 304 Park Avenue South. In 1925, a unique development occurred, a second, adjacent penthouse added by the building’s then-owner Bill Kenny for his friend, Governor Al Smith, to use as a private office. A hang-out and nominal nightclub for Smith’s circle, it was known as the Tiger Room and featured appearances by numerous popular entertainers of the time, including Will Rogers. Governor Smith was instrumental in supporting the construction of the Empire State Building and watched the structure rise from this location in 1930-1931. 304 Park Avenue South features two penthouses which serve as office space for tenants, including international modeling firm IMG. The building itself was recognized for its architectural and historic significance and was entered in the National Register of Historic Places in 2005.",Office,Entire 7th Floor,18082,,Leasing (SL Green),Gary Rosen,gary.rosen@slgreen.com,(212) 216-1687,https://slgreen.com/properties/304-park-avenue-south/,2026-07-20T16:36:45+00:00,,,
SL Green,315 West 33rd Street,315 West 33rd Street,"315 West 33rd Street in the heart of the Penn Station neighborhood. The building offers standout office and retail opportunities designed for flexibility and prominence, with up to 93,700 RSF available and “building within a building” configurations that allow for a dedicated identity and private access for the office floors. Generous slab heights of 16’ and 20’ create expansive interiors that can be tailored for everything from creative offices and flagship retail to specialized uses such as medical practices, educational facilities, or other non-traditional tenants. Steps from Penn Station, 315 West 33rd Street offers unmatched connectivity with access to 14 subway lines, NJ Transit, the Long Island Rail Road, and Amtrak service at the new Moynihan Train Hall. This unparalleled transit hub makes commuting seamless for employees, clients, and customers alike. On-site parking further enhances convenience, while the surrounding neighborhood delivers a lively mix of retail, dining, and essential services. Tenants also benefit from the energy of a true live-work-play environment, with on-site residences at The Olivia and a movie theater enhancing the building’s appeal.",Office,Level 2 Suite,49004,,Leasing (SL Green),Larry Swiger,larry.swiger@slgreen.com,(212) 216-1628,https://slgreen.com/properties/313-west-33rd-street/,2026-07-20T16:36:45+00:00,,,
SL Green,315 West 33rd Street,315 West 33rd Street,"315 West 33rd Street in the heart of the Penn Station neighborhood. The building offers standout office and retail opportunities designed for flexibility and prominence, with up to 93,700 RSF available and “building within a building” configurations that allow for a dedicated identity and private access for the office floors. Generous slab heights of 16’ and 20’ create expansive interiors that can be tailored for everything from creative offices and flagship retail to specialized uses such as medical practices, educational facilities, or other non-traditional tenants. Steps from Penn Station, 315 West 33rd Street offers unmatched connectivity with access to 14 subway lines, NJ Transit, the Long Island Rail Road, and Amtrak service at the new Moynihan Train Hall. This unparalleled transit hub makes commuting seamless for employees, clients, and customers alike. On-site parking further enhances convenience, while the surrounding neighborhood delivers a lively mix of retail, dining, and essential services. Tenants also benefit from the energy of a true live-work-play environment, with on-site residences at The Olivia and a movie theater enhancing the building’s appeal.",Office,Lower Level Suite 1,45784,,Leasing (SL Green),Larry Swiger,larry.swiger@slgreen.com,(212) 216-1628,https://slgreen.com/properties/313-west-33rd-street/,2026-07-20T16:36:45+00:00,,,
SL Green,315 West 33rd Street,315 West 33rd Street,"315 West 33rd Street in the heart of the Penn Station neighborhood. The building offers standout office and retail opportunities designed for flexibility and prominence, with up to 93,700 RSF available and “building within a building” configurations that allow for a dedicated identity and private access for the office floors. Generous slab heights of 16’ and 20’ create expansive interiors that can be tailored for everything from creative offices and flagship retail to specialized uses such as medical practices, educational facilities, or other non-traditional tenants. Steps from Penn Station, 315 West 33rd Street offers unmatched connectivity with access to 14 subway lines, NJ Transit, the Long Island Rail Road, and Amtrak service at the new Moynihan Train Hall. This unparalleled transit hub makes commuting seamless for employees, clients, and customers alike. On-site parking further enhances convenience, while the surrounding neighborhood delivers a lively mix of retail, dining, and essential services. Tenants also benefit from the energy of a true live-work-play environment, with on-site residences at The Olivia and a movie theater enhancing the building’s appeal.",Office,Partial Ground Floor 1,2748,,Leasing (SL Green),Larry Swiger,larry.swiger@slgreen.com,(212) 216-1628,https://slgreen.com/properties/313-west-33rd-street/,2026-07-20T16:36:45+00:00,,,
SL Green,315 West 33rd Street,315 West 33rd Street,"315 West 33rd Street in the heart of the Penn Station neighborhood. The building offers standout office and retail opportunities designed for flexibility and prominence, with up to 93,700 RSF available and “building within a building” configurations that allow for a dedicated identity and private access for the office floors. Generous slab heights of 16’ and 20’ create expansive interiors that can be tailored for everything from creative offices and flagship retail to specialized uses such as medical practices, educational facilities, or other non-traditional tenants. Steps from Penn Station, 315 West 33rd Street offers unmatched connectivity with access to 14 subway lines, NJ Transit, the Long Island Rail Road, and Amtrak service at the new Moynihan Train Hall. This unparalleled transit hub makes commuting seamless for employees, clients, and customers alike. On-site parking further enhances convenience, while the surrounding neighborhood delivers a lively mix of retail, dining, and essential services. Tenants also benefit from the energy of a true live-work-play environment, with on-site residences at The Olivia and a movie theater enhancing the building’s appeal.",Office,Partial Ground Floor 2,2385,,Leasing (SL Green),Larry Swiger,larry.swiger@slgreen.com,(212) 216-1628,https://slgreen.com/properties/313-west-33rd-street/,2026-07-20T16:36:45+00:00,,,
SL Green,315 West 33rd Street,315 West 33rd Street,"315 West 33rd Street in the heart of the Penn Station neighborhood. The building offers standout office and retail opportunities designed for flexibility and prominence, with up to 93,700 RSF available and “building within a building” configurations that allow for a dedicated identity and private access for the office floors. Generous slab heights of 16’ and 20’ create expansive interiors that can be tailored for everything from creative offices and flagship retail to specialized uses such as medical practices, educational facilities, or other non-traditional tenants. Steps from Penn Station, 315 West 33rd Street offers unmatched connectivity with access to 14 subway lines, NJ Transit, the Long Island Rail Road, and Amtrak service at the new Moynihan Train Hall. This unparalleled transit hub makes commuting seamless for employees, clients, and customers alike. On-site parking further enhances convenience, while the surrounding neighborhood delivers a lively mix of retail, dining, and essential services. Tenants also benefit from the energy of a true live-work-play environment, with on-site residences at The Olivia and a movie theater enhancing the building’s appeal.",Office,Partial Ground Floor 3,993,,Leasing (SL Green),Larry Swiger,larry.swiger@slgreen.com,(212) 216-1628,https://slgreen.com/properties/313-west-33rd-street/,2026-07-20T16:36:45+00:00,,,
SL Green,420 Lexington Avenue,420 Lexington Avenue,"Located on Lexington Avenue at 43rd Street directly above Grand Central Terminal, 420 Lexington Avenue offers superior, Class-A office space in the heart of Manhattan, making it one of New York City’s most sought-after addresses. The 31-story, 1.5 million-square-foot tower, also known as the Graybar Building, was originally constructed in 1927 by the architectural firm Sloan & Robertson. It is a stellar example of Art Deco style and was once among the largest office buildings in the world. Today, its large floor plates and 32-passenger elevator cabs facilitate seamless movement throughout the building for tenants of all sizes. Tenants also enjoy the convenience and luxury of an on-site Equinox fitness club and direct access to Grand Central Terminal. Completed in 1927 as one of the last structures of “Terminal City,” 1654the master plan for the area surrounding Grand Central Terminal, 420 Lexington is a defining piece of architecture. A mélange of Babylonian and Byzantine motifs, the building’s severely cubist setback massing is enlivened by relief sculptures, tile and metalwork, including figures that flank the monumental entries bearing the symbols of the four elements of earth, water, air and fire. Interiors include elaborately polychromed ceilings and ornamental bronze grills, doors and fixtures as well as wall and floor mosaics. A fanciful touch is the metal rats that adorn the ship cable-like struts of the main entrance, a detailed architect John Sloane intended to strike a “maritime note” in keeping with Grand Central’s significance as a transportation hub. The building seamlessly merges into Grand Central Terminal via the Graybar Passage, a beautifully proportioned Romanesque hall of vaulted ceilings and bronze chandeliers that connects Lexington Avenue with the Terminals’ luminous Great Hall. A central nave is adorned with a large mural by the artist Edward Trumbull, also responsible for the murals that adorn the lobby of the adjacent Chrysler Building. Six Metro-North train platforms lead off from the Graybar Passage, making the building integral to commuting in the city. 420 Lexington was originally named after a major early tenant, the Graybar Electric Company, a communications and telephone firm who listed the building as their corporate headquarters from 1927 to 1982. SL Green acquired a long-term operating lease on the building in 1988 and initiated a major restoration of the structure by the architectural firm of Beyer Blinder Belle, which included construction of a new entrance canopy and storefronts. A superb realization of aesthetics, technology, modern amenities, services and systems, joined to one of the greatest locations in New York City, the Graybar Building was made an official NYC Landmark in 2016.",Office,331,2602,,Leasing (SL Green),Elaine Anazagasty,elaine.anazagasty@slgreen.com,(212) 216-1751,https://slgreen.com/properties/420-lexington-avenue/,2026-07-20T16:36:45+00:00,,,
SL Green,420 Lexington Avenue,420 Lexington Avenue,"Located on Lexington Avenue at 43rd Street directly above Grand Central Terminal, 420 Lexington Avenue offers superior, Class-A office space in the heart of Manhattan, making it one of New York City’s most sought-after addresses. The 31-story, 1.5 million-square-foot tower, also known as the Graybar Building, was originally constructed in 1927 by the architectural firm Sloan & Robertson. It is a stellar example of Art Deco style and was once among the largest office buildings in the world. Today, its large floor plates and 32-passenger elevator cabs facilitate seamless movement throughout the building for tenants of all sizes. Tenants also enjoy the convenience and luxury of an on-site Equinox fitness club and direct access to Grand Central Terminal. Completed in 1927 as one of the last structures of “Terminal City,” 1654the master plan for the area surrounding Grand Central Terminal, 420 Lexington is a defining piece of architecture. A mélange of Babylonian and Byzantine motifs, the building’s severely cubist setback massing is enlivened by relief sculptures, tile and metalwork, including figures that flank the monumental entries bearing the symbols of the four elements of earth, water, air and fire. Interiors include elaborately polychromed ceilings and ornamental bronze grills, doors and fixtures as well as wall and floor mosaics. A fanciful touch is the metal rats that adorn the ship cable-like struts of the main entrance, a detailed architect John Sloane intended to strike a “maritime note” in keeping with Grand Central’s significance as a transportation hub. The building seamlessly merges into Grand Central Terminal via the Graybar Passage, a beautifully proportioned Romanesque hall of vaulted ceilings and bronze chandeliers that connects Lexington Avenue with the Terminals’ luminous Great Hall. A central nave is adorned with a large mural by the artist Edward Trumbull, also responsible for the murals that adorn the lobby of the adjacent Chrysler Building. Six Metro-North train platforms lead off from the Graybar Passage, making the building integral to commuting in the city. 420 Lexington was originally named after a major early tenant, the Graybar Electric Company, a communications and telephone firm who listed the building as their corporate headquarters from 1927 to 1982. SL Green acquired a long-term operating lease on the building in 1988 and initiated a major restoration of the structure by the architectural firm of Beyer Blinder Belle, which included construction of a new entrance canopy and storefronts. A superb realization of aesthetics, technology, modern amenities, services and systems, joined to one of the greatest locations in New York City, the Graybar Building was made an official NYC Landmark in 2016.",Office,334,4787,,Leasing (SL Green),Elaine Anazagasty,elaine.anazagasty@slgreen.com,(212) 216-1751,https://slgreen.com/properties/420-lexington-avenue/,2026-07-20T16:36:45+00:00,,,
SL Green,420 Lexington Avenue,420 Lexington Avenue,"Located on Lexington Avenue at 43rd Street directly above Grand Central Terminal, 420 Lexington Avenue offers superior, Class-A office space in the heart of Manhattan, making it one of New York City’s most sought-after addresses. The 31-story, 1.5 million-square-foot tower, also known as the Graybar Building, was originally constructed in 1927 by the architectural firm Sloan & Robertson. It is a stellar example of Art Deco style and was once among the largest office buildings in the world. Today, its large floor plates and 32-passenger elevator cabs facilitate seamless movement throughout the building for tenants of all sizes. Tenants also enjoy the convenience and luxury of an on-site Equinox fitness club and direct access to Grand Central Terminal. Completed in 1927 as one of the last structures of “Terminal City,” 1654the master plan for the area surrounding Grand Central Terminal, 420 Lexington is a defining piece of architecture. A mélange of Babylonian and Byzantine motifs, the building’s severely cubist setback massing is enlivened by relief sculptures, tile and metalwork, including figures that flank the monumental entries bearing the symbols of the four elements of earth, water, air and fire. Interiors include elaborately polychromed ceilings and ornamental bronze grills, doors and fixtures as well as wall and floor mosaics. A fanciful touch is the metal rats that adorn the ship cable-like struts of the main entrance, a detailed architect John Sloane intended to strike a “maritime note” in keeping with Grand Central’s significance as a transportation hub. The building seamlessly merges into Grand Central Terminal via the Graybar Passage, a beautifully proportioned Romanesque hall of vaulted ceilings and bronze chandeliers that connects Lexington Avenue with the Terminals’ luminous Great Hall. A central nave is adorned with a large mural by the artist Edward Trumbull, also responsible for the murals that adorn the lobby of the adjacent Chrysler Building. Six Metro-North train platforms lead off from the Graybar Passage, making the building integral to commuting in the city. 420 Lexington was originally named after a major early tenant, the Graybar Electric Company, a communications and telephone firm who listed the building as their corporate headquarters from 1927 to 1982. SL Green acquired a long-term operating lease on the building in 1988 and initiated a major restoration of the structure by the architectural firm of Beyer Blinder Belle, which included construction of a new entrance canopy and storefronts. A superb realization of aesthetics, technology, modern amenities, services and systems, joined to one of the greatest locations in New York City, the Graybar Building was made an official NYC Landmark in 2016.",Office,345-46,10210,,Leasing (SL Green),Elaine Anazagasty,elaine.anazagasty@slgreen.com,(212) 216-1751,https://slgreen.com/properties/420-lexington-avenue/,2026-07-20T16:36:45+00:00,,,
SL Green,420 Lexington Avenue,420 Lexington Avenue,"Located on Lexington Avenue at 43rd Street directly above Grand Central Terminal, 420 Lexington Avenue offers superior, Class-A office space in the heart of Manhattan, making it one of New York City’s most sought-after addresses. The 31-story, 1.5 million-square-foot tower, also known as the Graybar Building, was originally constructed in 1927 by the architectural firm Sloan & Robertson. It is a stellar example of Art Deco style and was once among the largest office buildings in the world. Today, its large floor plates and 32-passenger elevator cabs facilitate seamless movement throughout the building for tenants of all sizes. Tenants also enjoy the convenience and luxury of an on-site Equinox fitness club and direct access to Grand Central Terminal. Completed in 1927 as one of the last structures of “Terminal City,” 1654the master plan for the area surrounding Grand Central Terminal, 420 Lexington is a defining piece of architecture. A mélange of Babylonian and Byzantine motifs, the building’s severely cubist setback massing is enlivened by relief sculptures, tile and metalwork, including figures that flank the monumental entries bearing the symbols of the four elements of earth, water, air and fire. Interiors include elaborately polychromed ceilings and ornamental bronze grills, doors and fixtures as well as wall and floor mosaics. A fanciful touch is the metal rats that adorn the ship cable-like struts of the main entrance, a detailed architect John Sloane intended to strike a “maritime note” in keeping with Grand Central’s significance as a transportation hub. The building seamlessly merges into Grand Central Terminal via the Graybar Passage, a beautifully proportioned Romanesque hall of vaulted ceilings and bronze chandeliers that connects Lexington Avenue with the Terminals’ luminous Great Hall. A central nave is adorned with a large mural by the artist Edward Trumbull, also responsible for the murals that adorn the lobby of the adjacent Chrysler Building. Six Metro-North train platforms lead off from the Graybar Passage, making the building integral to commuting in the city. 420 Lexington was originally named after a major early tenant, the Graybar Electric Company, a communications and telephone firm who listed the building as their corporate headquarters from 1927 to 1982. SL Green acquired a long-term operating lease on the building in 1988 and initiated a major restoration of the structure by the architectural firm of Beyer Blinder Belle, which included construction of a new entrance canopy and storefronts. A superb realization of aesthetics, technology, modern amenities, services and systems, joined to one of the greatest locations in New York City, the Graybar Building was made an official NYC Landmark in 2016.",Office,358-60,1545,,Leasing (SL Green),Elaine Anazagasty,elaine.anazagasty@slgreen.com,(212) 216-1751,https://slgreen.com/properties/420-lexington-avenue/,2026-07-20T16:36:45+00:00,,,
SL Green,420 Lexington Avenue,420 Lexington Avenue,"Located on Lexington Avenue at 43rd Street directly above Grand Central Terminal, 420 Lexington Avenue offers superior, Class-A office space in the heart of Manhattan, making it one of New York City’s most sought-after addresses. The 31-story, 1.5 million-square-foot tower, also known as the Graybar Building, was originally constructed in 1927 by the architectural firm Sloan & Robertson. It is a stellar example of Art Deco style and was once among the largest office buildings in the world. Today, its large floor plates and 32-passenger elevator cabs facilitate seamless movement throughout the building for tenants of all sizes. Tenants also enjoy the convenience and luxury of an on-site Equinox fitness club and direct access to Grand Central Terminal. Completed in 1927 as one of the last structures of “Terminal City,” 1654the master plan for the area surrounding Grand Central Terminal, 420 Lexington is a defining piece of architecture. A mélange of Babylonian and Byzantine motifs, the building’s severely cubist setback massing is enlivened by relief sculptures, tile and metalwork, including figures that flank the monumental entries bearing the symbols of the four elements of earth, water, air and fire. Interiors include elaborately polychromed ceilings and ornamental bronze grills, doors and fixtures as well as wall and floor mosaics. A fanciful touch is the metal rats that adorn the ship cable-like struts of the main entrance, a detailed architect John Sloane intended to strike a “maritime note” in keeping with Grand Central’s significance as a transportation hub. The building seamlessly merges into Grand Central Terminal via the Graybar Passage, a beautifully proportioned Romanesque hall of vaulted ceilings and bronze chandeliers that connects Lexington Avenue with the Terminals’ luminous Great Hall. A central nave is adorned with a large mural by the artist Edward Trumbull, also responsible for the murals that adorn the lobby of the adjacent Chrysler Building. Six Metro-North train platforms lead off from the Graybar Passage, making the building integral to commuting in the city. 420 Lexington was originally named after a major early tenant, the Graybar Electric Company, a communications and telephone firm who listed the building as their corporate headquarters from 1927 to 1982. SL Green acquired a long-term operating lease on the building in 1988 and initiated a major restoration of the structure by the architectural firm of Beyer Blinder Belle, which included construction of a new entrance canopy and storefronts. A superb realization of aesthetics, technology, modern amenities, services and systems, joined to one of the greatest locations in New York City, the Graybar Building was made an official NYC Landmark in 2016.",Office,400,1904,,Leasing (SL Green),Elaine Anazagasty,elaine.anazagasty@slgreen.com,(212) 216-1751,https://slgreen.com/properties/420-lexington-avenue/,2026-07-20T16:36:45+00:00,,,
SL Green,420 Lexington Avenue,420 Lexington Avenue,"Located on Lexington Avenue at 43rd Street directly above Grand Central Terminal, 420 Lexington Avenue offers superior, Class-A office space in the heart of Manhattan, making it one of New York City’s most sought-after addresses. The 31-story, 1.5 million-square-foot tower, also known as the Graybar Building, was originally constructed in 1927 by the architectural firm Sloan & Robertson. It is a stellar example of Art Deco style and was once among the largest office buildings in the world. Today, its large floor plates and 32-passenger elevator cabs facilitate seamless movement throughout the building for tenants of all sizes. Tenants also enjoy the convenience and luxury of an on-site Equinox fitness club and direct access to Grand Central Terminal. Completed in 1927 as one of the last structures of “Terminal City,” 1654the master plan for the area surrounding Grand Central Terminal, 420 Lexington is a defining piece of architecture. A mélange of Babylonian and Byzantine motifs, the building’s severely cubist setback massing is enlivened by relief sculptures, tile and metalwork, including figures that flank the monumental entries bearing the symbols of the four elements of earth, water, air and fire. Interiors include elaborately polychromed ceilings and ornamental bronze grills, doors and fixtures as well as wall and floor mosaics. A fanciful touch is the metal rats that adorn the ship cable-like struts of the main entrance, a detailed architect John Sloane intended to strike a “maritime note” in keeping with Grand Central’s significance as a transportation hub. The building seamlessly merges into Grand Central Terminal via the Graybar Passage, a beautifully proportioned Romanesque hall of vaulted ceilings and bronze chandeliers that connects Lexington Avenue with the Terminals’ luminous Great Hall. A central nave is adorned with a large mural by the artist Edward Trumbull, also responsible for the murals that adorn the lobby of the adjacent Chrysler Building. Six Metro-North train platforms lead off from the Graybar Passage, making the building integral to commuting in the city. 420 Lexington was originally named after a major early tenant, the Graybar Electric Company, a communications and telephone firm who listed the building as their corporate headquarters from 1927 to 1982. SL Green acquired a long-term operating lease on the building in 1988 and initiated a major restoration of the structure by the architectural firm of Beyer Blinder Belle, which included construction of a new entrance canopy and storefronts. A superb realization of aesthetics, technology, modern amenities, services and systems, joined to one of the greatest locations in New York City, the Graybar Building was made an official NYC Landmark in 2016.",Office,453,2028,,Leasing (SL Green),Elaine Anazagasty,elaine.anazagasty@slgreen.com,(212) 216-1751,https://slgreen.com/properties/420-lexington-avenue/,2026-07-20T16:36:45+00:00,,,
SL Green,420 Lexington Avenue,420 Lexington Avenue,"Located on Lexington Avenue at 43rd Street directly above Grand Central Terminal, 420 Lexington Avenue offers superior, Class-A office space in the heart of Manhattan, making it one of New York City’s most sought-after addresses. The 31-story, 1.5 million-square-foot tower, also known as the Graybar Building, was originally constructed in 1927 by the architectural firm Sloan & Robertson. It is a stellar example of Art Deco style and was once among the largest office buildings in the world. Today, its large floor plates and 32-passenger elevator cabs facilitate seamless movement throughout the building for tenants of all sizes. Tenants also enjoy the convenience and luxury of an on-site Equinox fitness club and direct access to Grand Central Terminal. Completed in 1927 as one of the last structures of “Terminal City,” 1654the master plan for the area surrounding Grand Central Terminal, 420 Lexington is a defining piece of architecture. A mélange of Babylonian and Byzantine motifs, the building’s severely cubist setback massing is enlivened by relief sculptures, tile and metalwork, including figures that flank the monumental entries bearing the symbols of the four elements of earth, water, air and fire. Interiors include elaborately polychromed ceilings and ornamental bronze grills, doors and fixtures as well as wall and floor mosaics. A fanciful touch is the metal rats that adorn the ship cable-like struts of the main entrance, a detailed architect John Sloane intended to strike a “maritime note” in keeping with Grand Central’s significance as a transportation hub. The building seamlessly merges into Grand Central Terminal via the Graybar Passage, a beautifully proportioned Romanesque hall of vaulted ceilings and bronze chandeliers that connects Lexington Avenue with the Terminals’ luminous Great Hall. A central nave is adorned with a large mural by the artist Edward Trumbull, also responsible for the murals that adorn the lobby of the adjacent Chrysler Building. Six Metro-North train platforms lead off from the Graybar Passage, making the building integral to commuting in the city. 420 Lexington was originally named after a major early tenant, the Graybar Electric Company, a communications and telephone firm who listed the building as their corporate headquarters from 1927 to 1982. SL Green acquired a long-term operating lease on the building in 1988 and initiated a major restoration of the structure by the architectural firm of Beyer Blinder Belle, which included construction of a new entrance canopy and storefronts. A superb realization of aesthetics, technology, modern amenities, services and systems, joined to one of the greatest locations in New York City, the Graybar Building was made an official NYC Landmark in 2016.",Office,622,2331,,Leasing (SL Green),Elaine Anazagasty,elaine.anazagasty@slgreen.com,(212) 216-1751,https://slgreen.com/properties/420-lexington-avenue/,2026-07-20T16:36:45+00:00,,,
SL Green,420 Lexington Avenue,420 Lexington Avenue,"Located on Lexington Avenue at 43rd Street directly above Grand Central Terminal, 420 Lexington Avenue offers superior, Class-A office space in the heart of Manhattan, making it one of New York City’s most sought-after addresses. The 31-story, 1.5 million-square-foot tower, also known as the Graybar Building, was originally constructed in 1927 by the architectural firm Sloan & Robertson. It is a stellar example of Art Deco style and was once among the largest office buildings in the world. Today, its large floor plates and 32-passenger elevator cabs facilitate seamless movement throughout the building for tenants of all sizes. Tenants also enjoy the convenience and luxury of an on-site Equinox fitness club and direct access to Grand Central Terminal. Completed in 1927 as one of the last structures of “Terminal City,” 1654the master plan for the area surrounding Grand Central Terminal, 420 Lexington is a defining piece of architecture. A mélange of Babylonian and Byzantine motifs, the building’s severely cubist setback massing is enlivened by relief sculptures, tile and metalwork, including figures that flank the monumental entries bearing the symbols of the four elements of earth, water, air and fire. Interiors include elaborately polychromed ceilings and ornamental bronze grills, doors and fixtures as well as wall and floor mosaics. A fanciful touch is the metal rats that adorn the ship cable-like struts of the main entrance, a detailed architect John Sloane intended to strike a “maritime note” in keeping with Grand Central’s significance as a transportation hub. The building seamlessly merges into Grand Central Terminal via the Graybar Passage, a beautifully proportioned Romanesque hall of vaulted ceilings and bronze chandeliers that connects Lexington Avenue with the Terminals’ luminous Great Hall. A central nave is adorned with a large mural by the artist Edward Trumbull, also responsible for the murals that adorn the lobby of the adjacent Chrysler Building. Six Metro-North train platforms lead off from the Graybar Passage, making the building integral to commuting in the city. 420 Lexington was originally named after a major early tenant, the Graybar Electric Company, a communications and telephone firm who listed the building as their corporate headquarters from 1927 to 1982. SL Green acquired a long-term operating lease on the building in 1988 and initiated a major restoration of the structure by the architectural firm of Beyer Blinder Belle, which included construction of a new entrance canopy and storefronts. A superb realization of aesthetics, technology, modern amenities, services and systems, joined to one of the greatest locations in New York City, the Graybar Building was made an official NYC Landmark in 2016.",Office,645,953,,Leasing (SL Green),Elaine Anazagasty,elaine.anazagasty@slgreen.com,(212) 216-1751,https://slgreen.com/properties/420-lexington-avenue/,2026-07-20T16:36:45+00:00,,,
SL Green,420 Lexington Avenue,420 Lexington Avenue,"Located on Lexington Avenue at 43rd Street directly above Grand Central Terminal, 420 Lexington Avenue offers superior, Class-A office space in the heart of Manhattan, making it one of New York City’s most sought-after addresses. The 31-story, 1.5 million-square-foot tower, also known as the Graybar Building, was originally constructed in 1927 by the architectural firm Sloan & Robertson. It is a stellar example of Art Deco style and was once among the largest office buildings in the world. Today, its large floor plates and 32-passenger elevator cabs facilitate seamless movement throughout the building for tenants of all sizes. Tenants also enjoy the convenience and luxury of an on-site Equinox fitness club and direct access to Grand Central Terminal. Completed in 1927 as one of the last structures of “Terminal City,” 1654the master plan for the area surrounding Grand Central Terminal, 420 Lexington is a defining piece of architecture. A mélange of Babylonian and Byzantine motifs, the building’s severely cubist setback massing is enlivened by relief sculptures, tile and metalwork, including figures that flank the monumental entries bearing the symbols of the four elements of earth, water, air and fire. Interiors include elaborately polychromed ceilings and ornamental bronze grills, doors and fixtures as well as wall and floor mosaics. A fanciful touch is the metal rats that adorn the ship cable-like struts of the main entrance, a detailed architect John Sloane intended to strike a “maritime note” in keeping with Grand Central’s significance as a transportation hub. The building seamlessly merges into Grand Central Terminal via the Graybar Passage, a beautifully proportioned Romanesque hall of vaulted ceilings and bronze chandeliers that connects Lexington Avenue with the Terminals’ luminous Great Hall. A central nave is adorned with a large mural by the artist Edward Trumbull, also responsible for the murals that adorn the lobby of the adjacent Chrysler Building. Six Metro-North train platforms lead off from the Graybar Passage, making the building integral to commuting in the city. 420 Lexington was originally named after a major early tenant, the Graybar Electric Company, a communications and telephone firm who listed the building as their corporate headquarters from 1927 to 1982. SL Green acquired a long-term operating lease on the building in 1988 and initiated a major restoration of the structure by the architectural firm of Beyer Blinder Belle, which included construction of a new entrance canopy and storefronts. A superb realization of aesthetics, technology, modern amenities, services and systems, joined to one of the greatest locations in New York City, the Graybar Building was made an official NYC Landmark in 2016.",Office,660,2081,,Leasing (SL Green),Elaine Anazagasty,elaine.anazagasty@slgreen.com,(212) 216-1751,https://slgreen.com/properties/420-lexington-avenue/,2026-07-20T16:36:45+00:00,,,
SL Green,420 Lexington Avenue,420 Lexington Avenue,"Located on Lexington Avenue at 43rd Street directly above Grand Central Terminal, 420 Lexington Avenue offers superior, Class-A office space in the heart of Manhattan, making it one of New York City’s most sought-after addresses. The 31-story, 1.5 million-square-foot tower, also known as the Graybar Building, was originally constructed in 1927 by the architectural firm Sloan & Robertson. It is a stellar example of Art Deco style and was once among the largest office buildings in the world. Today, its large floor plates and 32-passenger elevator cabs facilitate seamless movement throughout the building for tenants of all sizes. Tenants also enjoy the convenience and luxury of an on-site Equinox fitness club and direct access to Grand Central Terminal. Completed in 1927 as one of the last structures of “Terminal City,” 1654the master plan for the area surrounding Grand Central Terminal, 420 Lexington is a defining piece of architecture. A mélange of Babylonian and Byzantine motifs, the building’s severely cubist setback massing is enlivened by relief sculptures, tile and metalwork, including figures that flank the monumental entries bearing the symbols of the four elements of earth, water, air and fire. Interiors include elaborately polychromed ceilings and ornamental bronze grills, doors and fixtures as well as wall and floor mosaics. A fanciful touch is the metal rats that adorn the ship cable-like struts of the main entrance, a detailed architect John Sloane intended to strike a “maritime note” in keeping with Grand Central’s significance as a transportation hub. The building seamlessly merges into Grand Central Terminal via the Graybar Passage, a beautifully proportioned Romanesque hall of vaulted ceilings and bronze chandeliers that connects Lexington Avenue with the Terminals’ luminous Great Hall. A central nave is adorned with a large mural by the artist Edward Trumbull, also responsible for the murals that adorn the lobby of the adjacent Chrysler Building. Six Metro-North train platforms lead off from the Graybar Passage, making the building integral to commuting in the city. 420 Lexington was originally named after a major early tenant, the Graybar Electric Company, a communications and telephone firm who listed the building as their corporate headquarters from 1927 to 1982. SL Green acquired a long-term operating lease on the building in 1988 and initiated a major restoration of the structure by the architectural firm of Beyer Blinder Belle, which included construction of a new entrance canopy and storefronts. A superb realization of aesthetics, technology, modern amenities, services and systems, joined to one of the greatest locations in New York City, the Graybar Building was made an official NYC Landmark in 2016.",Office,720,6572,,Leasing (SL Green),Elaine Anazagasty,elaine.anazagasty@slgreen.com,(212) 216-1751,https://slgreen.com/properties/420-lexington-avenue/,2026-07-20T16:36:45+00:00,,,
SL Green,420 Lexington Avenue,420 Lexington Avenue,"Located on Lexington Avenue at 43rd Street directly above Grand Central Terminal, 420 Lexington Avenue offers superior, Class-A office space in the heart of Manhattan, making it one of New York City’s most sought-after addresses. The 31-story, 1.5 million-square-foot tower, also known as the Graybar Building, was originally constructed in 1927 by the architectural firm Sloan & Robertson. It is a stellar example of Art Deco style and was once among the largest office buildings in the world. Today, its large floor plates and 32-passenger elevator cabs facilitate seamless movement throughout the building for tenants of all sizes. Tenants also enjoy the convenience and luxury of an on-site Equinox fitness club and direct access to Grand Central Terminal. Completed in 1927 as one of the last structures of “Terminal City,” 1654the master plan for the area surrounding Grand Central Terminal, 420 Lexington is a defining piece of architecture. A mélange of Babylonian and Byzantine motifs, the building’s severely cubist setback massing is enlivened by relief sculptures, tile and metalwork, including figures that flank the monumental entries bearing the symbols of the four elements of earth, water, air and fire. Interiors include elaborately polychromed ceilings and ornamental bronze grills, doors and fixtures as well as wall and floor mosaics. A fanciful touch is the metal rats that adorn the ship cable-like struts of the main entrance, a detailed architect John Sloane intended to strike a “maritime note” in keeping with Grand Central’s significance as a transportation hub. The building seamlessly merges into Grand Central Terminal via the Graybar Passage, a beautifully proportioned Romanesque hall of vaulted ceilings and bronze chandeliers that connects Lexington Avenue with the Terminals’ luminous Great Hall. A central nave is adorned with a large mural by the artist Edward Trumbull, also responsible for the murals that adorn the lobby of the adjacent Chrysler Building. Six Metro-North train platforms lead off from the Graybar Passage, making the building integral to commuting in the city. 420 Lexington was originally named after a major early tenant, the Graybar Electric Company, a communications and telephone firm who listed the building as their corporate headquarters from 1927 to 1982. SL Green acquired a long-term operating lease on the building in 1988 and initiated a major restoration of the structure by the architectural firm of Beyer Blinder Belle, which included construction of a new entrance canopy and storefronts. A superb realization of aesthetics, technology, modern amenities, services and systems, joined to one of the greatest locations in New York City, the Graybar Building was made an official NYC Landmark in 2016.",Office,825,2734,,Leasing (SL Green),Elaine Anazagasty,elaine.anazagasty@slgreen.com,(212) 216-1751,https://slgreen.com/properties/420-lexington-avenue/,2026-07-20T16:36:45+00:00,,,
SL Green,420 Lexington Avenue,420 Lexington Avenue,"Located on Lexington Avenue at 43rd Street directly above Grand Central Terminal, 420 Lexington Avenue offers superior, Class-A office space in the heart of Manhattan, making it one of New York City’s most sought-after addresses. The 31-story, 1.5 million-square-foot tower, also known as the Graybar Building, was originally constructed in 1927 by the architectural firm Sloan & Robertson. It is a stellar example of Art Deco style and was once among the largest office buildings in the world. Today, its large floor plates and 32-passenger elevator cabs facilitate seamless movement throughout the building for tenants of all sizes. Tenants also enjoy the convenience and luxury of an on-site Equinox fitness club and direct access to Grand Central Terminal. Completed in 1927 as one of the last structures of “Terminal City,” 1654the master plan for the area surrounding Grand Central Terminal, 420 Lexington is a defining piece of architecture. A mélange of Babylonian and Byzantine motifs, the building’s severely cubist setback massing is enlivened by relief sculptures, tile and metalwork, including figures that flank the monumental entries bearing the symbols of the four elements of earth, water, air and fire. Interiors include elaborately polychromed ceilings and ornamental bronze grills, doors and fixtures as well as wall and floor mosaics. A fanciful touch is the metal rats that adorn the ship cable-like struts of the main entrance, a detailed architect John Sloane intended to strike a “maritime note” in keeping with Grand Central’s significance as a transportation hub. The building seamlessly merges into Grand Central Terminal via the Graybar Passage, a beautifully proportioned Romanesque hall of vaulted ceilings and bronze chandeliers that connects Lexington Avenue with the Terminals’ luminous Great Hall. A central nave is adorned with a large mural by the artist Edward Trumbull, also responsible for the murals that adorn the lobby of the adjacent Chrysler Building. Six Metro-North train platforms lead off from the Graybar Passage, making the building integral to commuting in the city. 420 Lexington was originally named after a major early tenant, the Graybar Electric Company, a communications and telephone firm who listed the building as their corporate headquarters from 1927 to 1982. SL Green acquired a long-term operating lease on the building in 1988 and initiated a major restoration of the structure by the architectural firm of Beyer Blinder Belle, which included construction of a new entrance canopy and storefronts. A superb realization of aesthetics, technology, modern amenities, services and systems, joined to one of the greatest locations in New York City, the Graybar Building was made an official NYC Landmark in 2016.",Office,845,2481,,Leasing (SL Green),Elaine Anazagasty,elaine.anazagasty@slgreen.com,(212) 216-1751,https://slgreen.com/properties/420-lexington-avenue/,2026-07-20T16:36:45+00:00,,,
SL Green,420 Lexington Avenue,420 Lexington Avenue,"Located on Lexington Avenue at 43rd Street directly above Grand Central Terminal, 420 Lexington Avenue offers superior, Class-A office space in the heart of Manhattan, making it one of New York City’s most sought-after addresses. The 31-story, 1.5 million-square-foot tower, also known as the Graybar Building, was originally constructed in 1927 by the architectural firm Sloan & Robertson. It is a stellar example of Art Deco style and was once among the largest office buildings in the world. Today, its large floor plates and 32-passenger elevator cabs facilitate seamless movement throughout the building for tenants of all sizes. Tenants also enjoy the convenience and luxury of an on-site Equinox fitness club and direct access to Grand Central Terminal. Completed in 1927 as one of the last structures of “Terminal City,” 1654the master plan for the area surrounding Grand Central Terminal, 420 Lexington is a defining piece of architecture. A mélange of Babylonian and Byzantine motifs, the building’s severely cubist setback massing is enlivened by relief sculptures, tile and metalwork, including figures that flank the monumental entries bearing the symbols of the four elements of earth, water, air and fire. Interiors include elaborately polychromed ceilings and ornamental bronze grills, doors and fixtures as well as wall and floor mosaics. A fanciful touch is the metal rats that adorn the ship cable-like struts of the main entrance, a detailed architect John Sloane intended to strike a “maritime note” in keeping with Grand Central’s significance as a transportation hub. The building seamlessly merges into Grand Central Terminal via the Graybar Passage, a beautifully proportioned Romanesque hall of vaulted ceilings and bronze chandeliers that connects Lexington Avenue with the Terminals’ luminous Great Hall. A central nave is adorned with a large mural by the artist Edward Trumbull, also responsible for the murals that adorn the lobby of the adjacent Chrysler Building. Six Metro-North train platforms lead off from the Graybar Passage, making the building integral to commuting in the city. 420 Lexington was originally named after a major early tenant, the Graybar Electric Company, a communications and telephone firm who listed the building as their corporate headquarters from 1927 to 1982. SL Green acquired a long-term operating lease on the building in 1988 and initiated a major restoration of the structure by the architectural firm of Beyer Blinder Belle, which included construction of a new entrance canopy and storefronts. A superb realization of aesthetics, technology, modern amenities, services and systems, joined to one of the greatest locations in New York City, the Graybar Building was made an official NYC Landmark in 2016.",Office,865,4259,,Leasing (SL Green),Elaine Anazagasty,elaine.anazagasty@slgreen.com,(212) 216-1751,https://slgreen.com/properties/420-lexington-avenue/,2026-07-20T16:36:45+00:00,,,
SL Green,420 Lexington Avenue,420 Lexington Avenue,"Located on Lexington Avenue at 43rd Street directly above Grand Central Terminal, 420 Lexington Avenue offers superior, Class-A office space in the heart of Manhattan, making it one of New York City’s most sought-after addresses. The 31-story, 1.5 million-square-foot tower, also known as the Graybar Building, was originally constructed in 1927 by the architectural firm Sloan & Robertson. It is a stellar example of Art Deco style and was once among the largest office buildings in the world. Today, its large floor plates and 32-passenger elevator cabs facilitate seamless movement throughout the building for tenants of all sizes. Tenants also enjoy the convenience and luxury of an on-site Equinox fitness club and direct access to Grand Central Terminal. Completed in 1927 as one of the last structures of “Terminal City,” 1654the master plan for the area surrounding Grand Central Terminal, 420 Lexington is a defining piece of architecture. A mélange of Babylonian and Byzantine motifs, the building’s severely cubist setback massing is enlivened by relief sculptures, tile and metalwork, including figures that flank the monumental entries bearing the symbols of the four elements of earth, water, air and fire. Interiors include elaborately polychromed ceilings and ornamental bronze grills, doors and fixtures as well as wall and floor mosaics. A fanciful touch is the metal rats that adorn the ship cable-like struts of the main entrance, a detailed architect John Sloane intended to strike a “maritime note” in keeping with Grand Central’s significance as a transportation hub. The building seamlessly merges into Grand Central Terminal via the Graybar Passage, a beautifully proportioned Romanesque hall of vaulted ceilings and bronze chandeliers that connects Lexington Avenue with the Terminals’ luminous Great Hall. A central nave is adorned with a large mural by the artist Edward Trumbull, also responsible for the murals that adorn the lobby of the adjacent Chrysler Building. Six Metro-North train platforms lead off from the Graybar Passage, making the building integral to commuting in the city. 420 Lexington was originally named after a major early tenant, the Graybar Electric Company, a communications and telephone firm who listed the building as their corporate headquarters from 1927 to 1982. SL Green acquired a long-term operating lease on the building in 1988 and initiated a major restoration of the structure by the architectural firm of Beyer Blinder Belle, which included construction of a new entrance canopy and storefronts. A superb realization of aesthetics, technology, modern amenities, services and systems, joined to one of the greatest locations in New York City, the Graybar Building was made an official NYC Landmark in 2016.",Office,902,6127,,Leasing (SL Green),Elaine Anazagasty,elaine.anazagasty@slgreen.com,(212) 216-1751,https://slgreen.com/properties/420-lexington-avenue/,2026-07-20T16:36:45+00:00,,,
SL Green,420 Lexington Avenue,420 Lexington Avenue,"Located on Lexington Avenue at 43rd Street directly above Grand Central Terminal, 420 Lexington Avenue offers superior, Class-A office space in the heart of Manhattan, making it one of New York City’s most sought-after addresses. The 31-story, 1.5 million-square-foot tower, also known as the Graybar Building, was originally constructed in 1927 by the architectural firm Sloan & Robertson. It is a stellar example of Art Deco style and was once among the largest office buildings in the world. Today, its large floor plates and 32-passenger elevator cabs facilitate seamless movement throughout the building for tenants of all sizes. Tenants also enjoy the convenience and luxury of an on-site Equinox fitness club and direct access to Grand Central Terminal. Completed in 1927 as one of the last structures of “Terminal City,” 1654the master plan for the area surrounding Grand Central Terminal, 420 Lexington is a defining piece of architecture. A mélange of Babylonian and Byzantine motifs, the building’s severely cubist setback massing is enlivened by relief sculptures, tile and metalwork, including figures that flank the monumental entries bearing the symbols of the four elements of earth, water, air and fire. Interiors include elaborately polychromed ceilings and ornamental bronze grills, doors and fixtures as well as wall and floor mosaics. A fanciful touch is the metal rats that adorn the ship cable-like struts of the main entrance, a detailed architect John Sloane intended to strike a “maritime note” in keeping with Grand Central’s significance as a transportation hub. The building seamlessly merges into Grand Central Terminal via the Graybar Passage, a beautifully proportioned Romanesque hall of vaulted ceilings and bronze chandeliers that connects Lexington Avenue with the Terminals’ luminous Great Hall. A central nave is adorned with a large mural by the artist Edward Trumbull, also responsible for the murals that adorn the lobby of the adjacent Chrysler Building. Six Metro-North train platforms lead off from the Graybar Passage, making the building integral to commuting in the city. 420 Lexington was originally named after a major early tenant, the Graybar Electric Company, a communications and telephone firm who listed the building as their corporate headquarters from 1927 to 1982. SL Green acquired a long-term operating lease on the building in 1988 and initiated a major restoration of the structure by the architectural firm of Beyer Blinder Belle, which included construction of a new entrance canopy and storefronts. A superb realization of aesthetics, technology, modern amenities, services and systems, joined to one of the greatest locations in New York City, the Graybar Building was made an official NYC Landmark in 2016.",Office,925,3232,,Leasing (SL Green),Elaine Anazagasty,elaine.anazagasty@slgreen.com,(212) 216-1751,https://slgreen.com/properties/420-lexington-avenue/,2026-07-20T16:36:45+00:00,,,
SL Green,420 Lexington Avenue,420 Lexington Avenue,"Located on Lexington Avenue at 43rd Street directly above Grand Central Terminal, 420 Lexington Avenue offers superior, Class-A office space in the heart of Manhattan, making it one of New York City’s most sought-after addresses. The 31-story, 1.5 million-square-foot tower, also known as the Graybar Building, was originally constructed in 1927 by the architectural firm Sloan & Robertson. It is a stellar example of Art Deco style and was once among the largest office buildings in the world. Today, its large floor plates and 32-passenger elevator cabs facilitate seamless movement throughout the building for tenants of all sizes. Tenants also enjoy the convenience and luxury of an on-site Equinox fitness club and direct access to Grand Central Terminal. Completed in 1927 as one of the last structures of “Terminal City,” 1654the master plan for the area surrounding Grand Central Terminal, 420 Lexington is a defining piece of architecture. A mélange of Babylonian and Byzantine motifs, the building’s severely cubist setback massing is enlivened by relief sculptures, tile and metalwork, including figures that flank the monumental entries bearing the symbols of the four elements of earth, water, air and fire. Interiors include elaborately polychromed ceilings and ornamental bronze grills, doors and fixtures as well as wall and floor mosaics. A fanciful touch is the metal rats that adorn the ship cable-like struts of the main entrance, a detailed architect John Sloane intended to strike a “maritime note” in keeping with Grand Central’s significance as a transportation hub. The building seamlessly merges into Grand Central Terminal via the Graybar Passage, a beautifully proportioned Romanesque hall of vaulted ceilings and bronze chandeliers that connects Lexington Avenue with the Terminals’ luminous Great Hall. A central nave is adorned with a large mural by the artist Edward Trumbull, also responsible for the murals that adorn the lobby of the adjacent Chrysler Building. Six Metro-North train platforms lead off from the Graybar Passage, making the building integral to commuting in the city. 420 Lexington was originally named after a major early tenant, the Graybar Electric Company, a communications and telephone firm who listed the building as their corporate headquarters from 1927 to 1982. SL Green acquired a long-term operating lease on the building in 1988 and initiated a major restoration of the structure by the architectural firm of Beyer Blinder Belle, which included construction of a new entrance canopy and storefronts. A superb realization of aesthetics, technology, modern amenities, services and systems, joined to one of the greatest locations in New York City, the Graybar Building was made an official NYC Landmark in 2016.",Office,940,2045,,Leasing (SL Green),Elaine Anazagasty,elaine.anazagasty@slgreen.com,(212) 216-1751,https://slgreen.com/properties/420-lexington-avenue/,2026-07-20T16:36:45+00:00,,,
SL Green,420 Lexington Avenue,420 Lexington Avenue,"Located on Lexington Avenue at 43rd Street directly above Grand Central Terminal, 420 Lexington Avenue offers superior, Class-A office space in the heart of Manhattan, making it one of New York City’s most sought-after addresses. The 31-story, 1.5 million-square-foot tower, also known as the Graybar Building, was originally constructed in 1927 by the architectural firm Sloan & Robertson. It is a stellar example of Art Deco style and was once among the largest office buildings in the world. Today, its large floor plates and 32-passenger elevator cabs facilitate seamless movement throughout the building for tenants of all sizes. Tenants also enjoy the convenience and luxury of an on-site Equinox fitness club and direct access to Grand Central Terminal. Completed in 1927 as one of the last structures of “Terminal City,” 1654the master plan for the area surrounding Grand Central Terminal, 420 Lexington is a defining piece of architecture. A mélange of Babylonian and Byzantine motifs, the building’s severely cubist setback massing is enlivened by relief sculptures, tile and metalwork, including figures that flank the monumental entries bearing the symbols of the four elements of earth, water, air and fire. Interiors include elaborately polychromed ceilings and ornamental bronze grills, doors and fixtures as well as wall and floor mosaics. A fanciful touch is the metal rats that adorn the ship cable-like struts of the main entrance, a detailed architect John Sloane intended to strike a “maritime note” in keeping with Grand Central’s significance as a transportation hub. The building seamlessly merges into Grand Central Terminal via the Graybar Passage, a beautifully proportioned Romanesque hall of vaulted ceilings and bronze chandeliers that connects Lexington Avenue with the Terminals’ luminous Great Hall. A central nave is adorned with a large mural by the artist Edward Trumbull, also responsible for the murals that adorn the lobby of the adjacent Chrysler Building. Six Metro-North train platforms lead off from the Graybar Passage, making the building integral to commuting in the city. 420 Lexington was originally named after a major early tenant, the Graybar Electric Company, a communications and telephone firm who listed the building as their corporate headquarters from 1927 to 1982. SL Green acquired a long-term operating lease on the building in 1988 and initiated a major restoration of the structure by the architectural firm of Beyer Blinder Belle, which included construction of a new entrance canopy and storefronts. A superb realization of aesthetics, technology, modern amenities, services and systems, joined to one of the greatest locations in New York City, the Graybar Building was made an official NYC Landmark in 2016.",Office,1620,2839,,Leasing (SL Green),Elaine Anazagasty,elaine.anazagasty@slgreen.com,(212) 216-1751,https://slgreen.com/properties/420-lexington-avenue/,2026-07-20T16:36:45+00:00,,,
SL Green,420 Lexington Avenue,420 Lexington Avenue,"Located on Lexington Avenue at 43rd Street directly above Grand Central Terminal, 420 Lexington Avenue offers superior, Class-A office space in the heart of Manhattan, making it one of New York City’s most sought-after addresses. The 31-story, 1.5 million-square-foot tower, also known as the Graybar Building, was originally constructed in 1927 by the architectural firm Sloan & Robertson. It is a stellar example of Art Deco style and was once among the largest office buildings in the world. Today, its large floor plates and 32-passenger elevator cabs facilitate seamless movement throughout the building for tenants of all sizes. Tenants also enjoy the convenience and luxury of an on-site Equinox fitness club and direct access to Grand Central Terminal. Completed in 1927 as one of the last structures of “Terminal City,” 1654the master plan for the area surrounding Grand Central Terminal, 420 Lexington is a defining piece of architecture. A mélange of Babylonian and Byzantine motifs, the building’s severely cubist setback massing is enlivened by relief sculptures, tile and metalwork, including figures that flank the monumental entries bearing the symbols of the four elements of earth, water, air and fire. Interiors include elaborately polychromed ceilings and ornamental bronze grills, doors and fixtures as well as wall and floor mosaics. A fanciful touch is the metal rats that adorn the ship cable-like struts of the main entrance, a detailed architect John Sloane intended to strike a “maritime note” in keeping with Grand Central’s significance as a transportation hub. The building seamlessly merges into Grand Central Terminal via the Graybar Passage, a beautifully proportioned Romanesque hall of vaulted ceilings and bronze chandeliers that connects Lexington Avenue with the Terminals’ luminous Great Hall. A central nave is adorned with a large mural by the artist Edward Trumbull, also responsible for the murals that adorn the lobby of the adjacent Chrysler Building. Six Metro-North train platforms lead off from the Graybar Passage, making the building integral to commuting in the city. 420 Lexington was originally named after a major early tenant, the Graybar Electric Company, a communications and telephone firm who listed the building as their corporate headquarters from 1927 to 1982. SL Green acquired a long-term operating lease on the building in 1988 and initiated a major restoration of the structure by the architectural firm of Beyer Blinder Belle, which included construction of a new entrance canopy and storefronts. A superb realization of aesthetics, technology, modern amenities, services and systems, joined to one of the greatest locations in New York City, the Graybar Building was made an official NYC Landmark in 2016.",Office,1628,1333,,Leasing (SL Green),Elaine Anazagasty,elaine.anazagasty@slgreen.com,(212) 216-1751,https://slgreen.com/properties/420-lexington-avenue/,2026-07-20T16:36:45+00:00,,,
SL Green,420 Lexington Avenue,420 Lexington Avenue,"Located on Lexington Avenue at 43rd Street directly above Grand Central Terminal, 420 Lexington Avenue offers superior, Class-A office space in the heart of Manhattan, making it one of New York City’s most sought-after addresses. The 31-story, 1.5 million-square-foot tower, also known as the Graybar Building, was originally constructed in 1927 by the architectural firm Sloan & Robertson. It is a stellar example of Art Deco style and was once among the largest office buildings in the world. Today, its large floor plates and 32-passenger elevator cabs facilitate seamless movement throughout the building for tenants of all sizes. Tenants also enjoy the convenience and luxury of an on-site Equinox fitness club and direct access to Grand Central Terminal. Completed in 1927 as one of the last structures of “Terminal City,” 1654the master plan for the area surrounding Grand Central Terminal, 420 Lexington is a defining piece of architecture. A mélange of Babylonian and Byzantine motifs, the building’s severely cubist setback massing is enlivened by relief sculptures, tile and metalwork, including figures that flank the monumental entries bearing the symbols of the four elements of earth, water, air and fire. Interiors include elaborately polychromed ceilings and ornamental bronze grills, doors and fixtures as well as wall and floor mosaics. A fanciful touch is the metal rats that adorn the ship cable-like struts of the main entrance, a detailed architect John Sloane intended to strike a “maritime note” in keeping with Grand Central’s significance as a transportation hub. The building seamlessly merges into Grand Central Terminal via the Graybar Passage, a beautifully proportioned Romanesque hall of vaulted ceilings and bronze chandeliers that connects Lexington Avenue with the Terminals’ luminous Great Hall. A central nave is adorned with a large mural by the artist Edward Trumbull, also responsible for the murals that adorn the lobby of the adjacent Chrysler Building. Six Metro-North train platforms lead off from the Graybar Passage, making the building integral to commuting in the city. 420 Lexington was originally named after a major early tenant, the Graybar Electric Company, a communications and telephone firm who listed the building as their corporate headquarters from 1927 to 1982. SL Green acquired a long-term operating lease on the building in 1988 and initiated a major restoration of the structure by the architectural firm of Beyer Blinder Belle, which included construction of a new entrance canopy and storefronts. A superb realization of aesthetics, technology, modern amenities, services and systems, joined to one of the greatest locations in New York City, the Graybar Building was made an official NYC Landmark in 2016.",Office,1656,955,,Leasing (SL Green),Elaine Anazagasty,elaine.anazagasty@slgreen.com,(212) 216-1751,https://slgreen.com/properties/420-lexington-avenue/,2026-07-20T16:36:45+00:00,,,
SL Green,420 Lexington Avenue,420 Lexington Avenue,"Located on Lexington Avenue at 43rd Street directly above Grand Central Terminal, 420 Lexington Avenue offers superior, Class-A office space in the heart of Manhattan, making it one of New York City’s most sought-after addresses. The 31-story, 1.5 million-square-foot tower, also known as the Graybar Building, was originally constructed in 1927 by the architectural firm Sloan & Robertson. It is a stellar example of Art Deco style and was once among the largest office buildings in the world. Today, its large floor plates and 32-passenger elevator cabs facilitate seamless movement throughout the building for tenants of all sizes. Tenants also enjoy the convenience and luxury of an on-site Equinox fitness club and direct access to Grand Central Terminal. Completed in 1927 as one of the last structures of “Terminal City,” 1654the master plan for the area surrounding Grand Central Terminal, 420 Lexington is a defining piece of architecture. A mélange of Babylonian and Byzantine motifs, the building’s severely cubist setback massing is enlivened by relief sculptures, tile and metalwork, including figures that flank the monumental entries bearing the symbols of the four elements of earth, water, air and fire. Interiors include elaborately polychromed ceilings and ornamental bronze grills, doors and fixtures as well as wall and floor mosaics. A fanciful touch is the metal rats that adorn the ship cable-like struts of the main entrance, a detailed architect John Sloane intended to strike a “maritime note” in keeping with Grand Central’s significance as a transportation hub. The building seamlessly merges into Grand Central Terminal via the Graybar Passage, a beautifully proportioned Romanesque hall of vaulted ceilings and bronze chandeliers that connects Lexington Avenue with the Terminals’ luminous Great Hall. A central nave is adorned with a large mural by the artist Edward Trumbull, also responsible for the murals that adorn the lobby of the adjacent Chrysler Building. Six Metro-North train platforms lead off from the Graybar Passage, making the building integral to commuting in the city. 420 Lexington was originally named after a major early tenant, the Graybar Electric Company, a communications and telephone firm who listed the building as their corporate headquarters from 1927 to 1982. SL Green acquired a long-term operating lease on the building in 1988 and initiated a major restoration of the structure by the architectural firm of Beyer Blinder Belle, which included construction of a new entrance canopy and storefronts. A superb realization of aesthetics, technology, modern amenities, services and systems, joined to one of the greatest locations in New York City, the Graybar Building was made an official NYC Landmark in 2016.",Office,1714,3587,,Leasing (SL Green),Elaine Anazagasty,elaine.anazagasty@slgreen.com,(212) 216-1751,https://slgreen.com/properties/420-lexington-avenue/,2026-07-20T16:36:45+00:00,,,
SL Green,420 Lexington Avenue,420 Lexington Avenue,"Located on Lexington Avenue at 43rd Street directly above Grand Central Terminal, 420 Lexington Avenue offers superior, Class-A office space in the heart of Manhattan, making it one of New York City’s most sought-after addresses. The 31-story, 1.5 million-square-foot tower, also known as the Graybar Building, was originally constructed in 1927 by the architectural firm Sloan & Robertson. It is a stellar example of Art Deco style and was once among the largest office buildings in the world. Today, its large floor plates and 32-passenger elevator cabs facilitate seamless movement throughout the building for tenants of all sizes. Tenants also enjoy the convenience and luxury of an on-site Equinox fitness club and direct access to Grand Central Terminal. Completed in 1927 as one of the last structures of “Terminal City,” 1654the master plan for the area surrounding Grand Central Terminal, 420 Lexington is a defining piece of architecture. A mélange of Babylonian and Byzantine motifs, the building’s severely cubist setback massing is enlivened by relief sculptures, tile and metalwork, including figures that flank the monumental entries bearing the symbols of the four elements of earth, water, air and fire. Interiors include elaborately polychromed ceilings and ornamental bronze grills, doors and fixtures as well as wall and floor mosaics. A fanciful touch is the metal rats that adorn the ship cable-like struts of the main entrance, a detailed architect John Sloane intended to strike a “maritime note” in keeping with Grand Central’s significance as a transportation hub. The building seamlessly merges into Grand Central Terminal via the Graybar Passage, a beautifully proportioned Romanesque hall of vaulted ceilings and bronze chandeliers that connects Lexington Avenue with the Terminals’ luminous Great Hall. A central nave is adorned with a large mural by the artist Edward Trumbull, also responsible for the murals that adorn the lobby of the adjacent Chrysler Building. Six Metro-North train platforms lead off from the Graybar Passage, making the building integral to commuting in the city. 420 Lexington was originally named after a major early tenant, the Graybar Electric Company, a communications and telephone firm who listed the building as their corporate headquarters from 1927 to 1982. SL Green acquired a long-term operating lease on the building in 1988 and initiated a major restoration of the structure by the architectural firm of Beyer Blinder Belle, which included construction of a new entrance canopy and storefronts. A superb realization of aesthetics, technology, modern amenities, services and systems, joined to one of the greatest locations in New York City, the Graybar Building was made an official NYC Landmark in 2016.",Office,1736,9833,,Leasing (SL Green),Elaine Anazagasty,elaine.anazagasty@slgreen.com,(212) 216-1751,https://slgreen.com/properties/420-lexington-avenue/,2026-07-20T16:36:45+00:00,,,
SL Green,420 Lexington Avenue,420 Lexington Avenue,"Located on Lexington Avenue at 43rd Street directly above Grand Central Terminal, 420 Lexington Avenue offers superior, Class-A office space in the heart of Manhattan, making it one of New York City’s most sought-after addresses. The 31-story, 1.5 million-square-foot tower, also known as the Graybar Building, was originally constructed in 1927 by the architectural firm Sloan & Robertson. It is a stellar example of Art Deco style and was once among the largest office buildings in the world. Today, its large floor plates and 32-passenger elevator cabs facilitate seamless movement throughout the building for tenants of all sizes. Tenants also enjoy the convenience and luxury of an on-site Equinox fitness club and direct access to Grand Central Terminal. Completed in 1927 as one of the last structures of “Terminal City,” 1654the master plan for the area surrounding Grand Central Terminal, 420 Lexington is a defining piece of architecture. A mélange of Babylonian and Byzantine motifs, the building’s severely cubist setback massing is enlivened by relief sculptures, tile and metalwork, including figures that flank the monumental entries bearing the symbols of the four elements of earth, water, air and fire. Interiors include elaborately polychromed ceilings and ornamental bronze grills, doors and fixtures as well as wall and floor mosaics. A fanciful touch is the metal rats that adorn the ship cable-like struts of the main entrance, a detailed architect John Sloane intended to strike a “maritime note” in keeping with Grand Central’s significance as a transportation hub. The building seamlessly merges into Grand Central Terminal via the Graybar Passage, a beautifully proportioned Romanesque hall of vaulted ceilings and bronze chandeliers that connects Lexington Avenue with the Terminals’ luminous Great Hall. A central nave is adorned with a large mural by the artist Edward Trumbull, also responsible for the murals that adorn the lobby of the adjacent Chrysler Building. Six Metro-North train platforms lead off from the Graybar Passage, making the building integral to commuting in the city. 420 Lexington was originally named after a major early tenant, the Graybar Electric Company, a communications and telephone firm who listed the building as their corporate headquarters from 1927 to 1982. SL Green acquired a long-term operating lease on the building in 1988 and initiated a major restoration of the structure by the architectural firm of Beyer Blinder Belle, which included construction of a new entrance canopy and storefronts. A superb realization of aesthetics, technology, modern amenities, services and systems, joined to one of the greatest locations in New York City, the Graybar Building was made an official NYC Landmark in 2016.",Office,1820,8285,,Leasing (SL Green),Elaine Anazagasty,elaine.anazagasty@slgreen.com,(212) 216-1751,https://slgreen.com/properties/420-lexington-avenue/,2026-07-20T16:36:45+00:00,,,
SL Green,420 Lexington Avenue,420 Lexington Avenue,"Located on Lexington Avenue at 43rd Street directly above Grand Central Terminal, 420 Lexington Avenue offers superior, Class-A office space in the heart of Manhattan, making it one of New York City’s most sought-after addresses. The 31-story, 1.5 million-square-foot tower, also known as the Graybar Building, was originally constructed in 1927 by the architectural firm Sloan & Robertson. It is a stellar example of Art Deco style and was once among the largest office buildings in the world. Today, its large floor plates and 32-passenger elevator cabs facilitate seamless movement throughout the building for tenants of all sizes. Tenants also enjoy the convenience and luxury of an on-site Equinox fitness club and direct access to Grand Central Terminal. Completed in 1927 as one of the last structures of “Terminal City,” 1654the master plan for the area surrounding Grand Central Terminal, 420 Lexington is a defining piece of architecture. A mélange of Babylonian and Byzantine motifs, the building’s severely cubist setback massing is enlivened by relief sculptures, tile and metalwork, including figures that flank the monumental entries bearing the symbols of the four elements of earth, water, air and fire. Interiors include elaborately polychromed ceilings and ornamental bronze grills, doors and fixtures as well as wall and floor mosaics. A fanciful touch is the metal rats that adorn the ship cable-like struts of the main entrance, a detailed architect John Sloane intended to strike a “maritime note” in keeping with Grand Central’s significance as a transportation hub. The building seamlessly merges into Grand Central Terminal via the Graybar Passage, a beautifully proportioned Romanesque hall of vaulted ceilings and bronze chandeliers that connects Lexington Avenue with the Terminals’ luminous Great Hall. A central nave is adorned with a large mural by the artist Edward Trumbull, also responsible for the murals that adorn the lobby of the adjacent Chrysler Building. Six Metro-North train platforms lead off from the Graybar Passage, making the building integral to commuting in the city. 420 Lexington was originally named after a major early tenant, the Graybar Electric Company, a communications and telephone firm who listed the building as their corporate headquarters from 1927 to 1982. SL Green acquired a long-term operating lease on the building in 1988 and initiated a major restoration of the structure by the architectural firm of Beyer Blinder Belle, which included construction of a new entrance canopy and storefronts. A superb realization of aesthetics, technology, modern amenities, services and systems, joined to one of the greatest locations in New York City, the Graybar Building was made an official NYC Landmark in 2016.",Office,2025,1029,,Leasing (SL Green),Elaine Anazagasty,elaine.anazagasty@slgreen.com,(212) 216-1751,https://slgreen.com/properties/420-lexington-avenue/,2026-07-20T16:36:45+00:00,,,
SL Green,420 Lexington Avenue,420 Lexington Avenue,"Located on Lexington Avenue at 43rd Street directly above Grand Central Terminal, 420 Lexington Avenue offers superior, Class-A office space in the heart of Manhattan, making it one of New York City’s most sought-after addresses. The 31-story, 1.5 million-square-foot tower, also known as the Graybar Building, was originally constructed in 1927 by the architectural firm Sloan & Robertson. It is a stellar example of Art Deco style and was once among the largest office buildings in the world. Today, its large floor plates and 32-passenger elevator cabs facilitate seamless movement throughout the building for tenants of all sizes. Tenants also enjoy the convenience and luxury of an on-site Equinox fitness club and direct access to Grand Central Terminal. Completed in 1927 as one of the last structures of “Terminal City,” 1654the master plan for the area surrounding Grand Central Terminal, 420 Lexington is a defining piece of architecture. A mélange of Babylonian and Byzantine motifs, the building’s severely cubist setback massing is enlivened by relief sculptures, tile and metalwork, including figures that flank the monumental entries bearing the symbols of the four elements of earth, water, air and fire. Interiors include elaborately polychromed ceilings and ornamental bronze grills, doors and fixtures as well as wall and floor mosaics. A fanciful touch is the metal rats that adorn the ship cable-like struts of the main entrance, a detailed architect John Sloane intended to strike a “maritime note” in keeping with Grand Central’s significance as a transportation hub. The building seamlessly merges into Grand Central Terminal via the Graybar Passage, a beautifully proportioned Romanesque hall of vaulted ceilings and bronze chandeliers that connects Lexington Avenue with the Terminals’ luminous Great Hall. A central nave is adorned with a large mural by the artist Edward Trumbull, also responsible for the murals that adorn the lobby of the adjacent Chrysler Building. Six Metro-North train platforms lead off from the Graybar Passage, making the building integral to commuting in the city. 420 Lexington was originally named after a major early tenant, the Graybar Electric Company, a communications and telephone firm who listed the building as their corporate headquarters from 1927 to 1982. SL Green acquired a long-term operating lease on the building in 1988 and initiated a major restoration of the structure by the architectural firm of Beyer Blinder Belle, which included construction of a new entrance canopy and storefronts. A superb realization of aesthetics, technology, modern amenities, services and systems, joined to one of the greatest locations in New York City, the Graybar Building was made an official NYC Landmark in 2016.",Office,2050,4113,,Leasing (SL Green),Elaine Anazagasty,elaine.anazagasty@slgreen.com,(212) 216-1751,https://slgreen.com/properties/420-lexington-avenue/,2026-07-20T16:36:45+00:00,,,
SL Green,420 Lexington Avenue,420 Lexington Avenue,"Located on Lexington Avenue at 43rd Street directly above Grand Central Terminal, 420 Lexington Avenue offers superior, Class-A office space in the heart of Manhattan, making it one of New York City’s most sought-after addresses. The 31-story, 1.5 million-square-foot tower, also known as the Graybar Building, was originally constructed in 1927 by the architectural firm Sloan & Robertson. It is a stellar example of Art Deco style and was once among the largest office buildings in the world. Today, its large floor plates and 32-passenger elevator cabs facilitate seamless movement throughout the building for tenants of all sizes. Tenants also enjoy the convenience and luxury of an on-site Equinox fitness club and direct access to Grand Central Terminal. Completed in 1927 as one of the last structures of “Terminal City,” 1654the master plan for the area surrounding Grand Central Terminal, 420 Lexington is a defining piece of architecture. A mélange of Babylonian and Byzantine motifs, the building’s severely cubist setback massing is enlivened by relief sculptures, tile and metalwork, including figures that flank the monumental entries bearing the symbols of the four elements of earth, water, air and fire. Interiors include elaborately polychromed ceilings and ornamental bronze grills, doors and fixtures as well as wall and floor mosaics. A fanciful touch is the metal rats that adorn the ship cable-like struts of the main entrance, a detailed architect John Sloane intended to strike a “maritime note” in keeping with Grand Central’s significance as a transportation hub. The building seamlessly merges into Grand Central Terminal via the Graybar Passage, a beautifully proportioned Romanesque hall of vaulted ceilings and bronze chandeliers that connects Lexington Avenue with the Terminals’ luminous Great Hall. A central nave is adorned with a large mural by the artist Edward Trumbull, also responsible for the murals that adorn the lobby of the adjacent Chrysler Building. Six Metro-North train platforms lead off from the Graybar Passage, making the building integral to commuting in the city. 420 Lexington was originally named after a major early tenant, the Graybar Electric Company, a communications and telephone firm who listed the building as their corporate headquarters from 1927 to 1982. SL Green acquired a long-term operating lease on the building in 1988 and initiated a major restoration of the structure by the architectural firm of Beyer Blinder Belle, which included construction of a new entrance canopy and storefronts. A superb realization of aesthetics, technology, modern amenities, services and systems, joined to one of the greatest locations in New York City, the Graybar Building was made an official NYC Landmark in 2016.",Office,2149,5461,,Leasing (SL Green),Elaine Anazagasty,elaine.anazagasty@slgreen.com,(212) 216-1751,https://slgreen.com/properties/420-lexington-avenue/,2026-07-20T16:36:45+00:00,,,
SL Green,420 Lexington Avenue,420 Lexington Avenue,"Located on Lexington Avenue at 43rd Street directly above Grand Central Terminal, 420 Lexington Avenue offers superior, Class-A office space in the heart of Manhattan, making it one of New York City’s most sought-after addresses. The 31-story, 1.5 million-square-foot tower, also known as the Graybar Building, was originally constructed in 1927 by the architectural firm Sloan & Robertson. It is a stellar example of Art Deco style and was once among the largest office buildings in the world. Today, its large floor plates and 32-passenger elevator cabs facilitate seamless movement throughout the building for tenants of all sizes. Tenants also enjoy the convenience and luxury of an on-site Equinox fitness club and direct access to Grand Central Terminal. Completed in 1927 as one of the last structures of “Terminal City,” 1654the master plan for the area surrounding Grand Central Terminal, 420 Lexington is a defining piece of architecture. A mélange of Babylonian and Byzantine motifs, the building’s severely cubist setback massing is enlivened by relief sculptures, tile and metalwork, including figures that flank the monumental entries bearing the symbols of the four elements of earth, water, air and fire. Interiors include elaborately polychromed ceilings and ornamental bronze grills, doors and fixtures as well as wall and floor mosaics. A fanciful touch is the metal rats that adorn the ship cable-like struts of the main entrance, a detailed architect John Sloane intended to strike a “maritime note” in keeping with Grand Central’s significance as a transportation hub. The building seamlessly merges into Grand Central Terminal via the Graybar Passage, a beautifully proportioned Romanesque hall of vaulted ceilings and bronze chandeliers that connects Lexington Avenue with the Terminals’ luminous Great Hall. A central nave is adorned with a large mural by the artist Edward Trumbull, also responsible for the murals that adorn the lobby of the adjacent Chrysler Building. Six Metro-North train platforms lead off from the Graybar Passage, making the building integral to commuting in the city. 420 Lexington was originally named after a major early tenant, the Graybar Electric Company, a communications and telephone firm who listed the building as their corporate headquarters from 1927 to 1982. SL Green acquired a long-term operating lease on the building in 1988 and initiated a major restoration of the structure by the architectural firm of Beyer Blinder Belle, which included construction of a new entrance canopy and storefronts. A superb realization of aesthetics, technology, modern amenities, services and systems, joined to one of the greatest locations in New York City, the Graybar Building was made an official NYC Landmark in 2016.",Office,2225,12507,,Leasing (SL Green),Elaine Anazagasty,elaine.anazagasty@slgreen.com,(212) 216-1751,https://slgreen.com/properties/420-lexington-avenue/,2026-07-20T16:36:45+00:00,,,
SL Green,420 Lexington Avenue,420 Lexington Avenue,"Located on Lexington Avenue at 43rd Street directly above Grand Central Terminal, 420 Lexington Avenue offers superior, Class-A office space in the heart of Manhattan, making it one of New York City’s most sought-after addresses. The 31-story, 1.5 million-square-foot tower, also known as the Graybar Building, was originally constructed in 1927 by the architectural firm Sloan & Robertson. It is a stellar example of Art Deco style and was once among the largest office buildings in the world. Today, its large floor plates and 32-passenger elevator cabs facilitate seamless movement throughout the building for tenants of all sizes. Tenants also enjoy the convenience and luxury of an on-site Equinox fitness club and direct access to Grand Central Terminal. Completed in 1927 as one of the last structures of “Terminal City,” 1654the master plan for the area surrounding Grand Central Terminal, 420 Lexington is a defining piece of architecture. A mélange of Babylonian and Byzantine motifs, the building’s severely cubist setback massing is enlivened by relief sculptures, tile and metalwork, including figures that flank the monumental entries bearing the symbols of the four elements of earth, water, air and fire. Interiors include elaborately polychromed ceilings and ornamental bronze grills, doors and fixtures as well as wall and floor mosaics. A fanciful touch is the metal rats that adorn the ship cable-like struts of the main entrance, a detailed architect John Sloane intended to strike a “maritime note” in keeping with Grand Central’s significance as a transportation hub. The building seamlessly merges into Grand Central Terminal via the Graybar Passage, a beautifully proportioned Romanesque hall of vaulted ceilings and bronze chandeliers that connects Lexington Avenue with the Terminals’ luminous Great Hall. A central nave is adorned with a large mural by the artist Edward Trumbull, also responsible for the murals that adorn the lobby of the adjacent Chrysler Building. Six Metro-North train platforms lead off from the Graybar Passage, making the building integral to commuting in the city. 420 Lexington was originally named after a major early tenant, the Graybar Electric Company, a communications and telephone firm who listed the building as their corporate headquarters from 1927 to 1982. SL Green acquired a long-term operating lease on the building in 1988 and initiated a major restoration of the structure by the architectural firm of Beyer Blinder Belle, which included construction of a new entrance canopy and storefronts. A superb realization of aesthetics, technology, modern amenities, services and systems, joined to one of the greatest locations in New York City, the Graybar Building was made an official NYC Landmark in 2016.",Office,2235,2151,,Leasing (SL Green),Elaine Anazagasty,elaine.anazagasty@slgreen.com,(212) 216-1751,https://slgreen.com/properties/420-lexington-avenue/,2026-07-20T16:36:45+00:00,,,
SL Green,420 Lexington Avenue,420 Lexington Avenue,"Located on Lexington Avenue at 43rd Street directly above Grand Central Terminal, 420 Lexington Avenue offers superior, Class-A office space in the heart of Manhattan, making it one of New York City’s most sought-after addresses. The 31-story, 1.5 million-square-foot tower, also known as the Graybar Building, was originally constructed in 1927 by the architectural firm Sloan & Robertson. It is a stellar example of Art Deco style and was once among the largest office buildings in the world. Today, its large floor plates and 32-passenger elevator cabs facilitate seamless movement throughout the building for tenants of all sizes. Tenants also enjoy the convenience and luxury of an on-site Equinox fitness club and direct access to Grand Central Terminal. Completed in 1927 as one of the last structures of “Terminal City,” 1654the master plan for the area surrounding Grand Central Terminal, 420 Lexington is a defining piece of architecture. A mélange of Babylonian and Byzantine motifs, the building’s severely cubist setback massing is enlivened by relief sculptures, tile and metalwork, including figures that flank the monumental entries bearing the symbols of the four elements of earth, water, air and fire. Interiors include elaborately polychromed ceilings and ornamental bronze grills, doors and fixtures as well as wall and floor mosaics. A fanciful touch is the metal rats that adorn the ship cable-like struts of the main entrance, a detailed architect John Sloane intended to strike a “maritime note” in keeping with Grand Central’s significance as a transportation hub. The building seamlessly merges into Grand Central Terminal via the Graybar Passage, a beautifully proportioned Romanesque hall of vaulted ceilings and bronze chandeliers that connects Lexington Avenue with the Terminals’ luminous Great Hall. A central nave is adorned with a large mural by the artist Edward Trumbull, also responsible for the murals that adorn the lobby of the adjacent Chrysler Building. Six Metro-North train platforms lead off from the Graybar Passage, making the building integral to commuting in the city. 420 Lexington was originally named after a major early tenant, the Graybar Electric Company, a communications and telephone firm who listed the building as their corporate headquarters from 1927 to 1982. SL Green acquired a long-term operating lease on the building in 1988 and initiated a major restoration of the structure by the architectural firm of Beyer Blinder Belle, which included construction of a new entrance canopy and storefronts. A superb realization of aesthetics, technology, modern amenities, services and systems, joined to one of the greatest locations in New York City, the Graybar Building was made an official NYC Landmark in 2016.",Office,2300,2478,,Leasing (SL Green),Elaine Anazagasty,elaine.anazagasty@slgreen.com,(212) 216-1751,https://slgreen.com/properties/420-lexington-avenue/,2026-07-20T16:36:45+00:00,,,
SL Green,420 Lexington Avenue,420 Lexington Avenue,"Located on Lexington Avenue at 43rd Street directly above Grand Central Terminal, 420 Lexington Avenue offers superior, Class-A office space in the heart of Manhattan, making it one of New York City’s most sought-after addresses. The 31-story, 1.5 million-square-foot tower, also known as the Graybar Building, was originally constructed in 1927 by the architectural firm Sloan & Robertson. It is a stellar example of Art Deco style and was once among the largest office buildings in the world. Today, its large floor plates and 32-passenger elevator cabs facilitate seamless movement throughout the building for tenants of all sizes. Tenants also enjoy the convenience and luxury of an on-site Equinox fitness club and direct access to Grand Central Terminal. Completed in 1927 as one of the last structures of “Terminal City,” 1654the master plan for the area surrounding Grand Central Terminal, 420 Lexington is a defining piece of architecture. A mélange of Babylonian and Byzantine motifs, the building’s severely cubist setback massing is enlivened by relief sculptures, tile and metalwork, including figures that flank the monumental entries bearing the symbols of the four elements of earth, water, air and fire. Interiors include elaborately polychromed ceilings and ornamental bronze grills, doors and fixtures as well as wall and floor mosaics. A fanciful touch is the metal rats that adorn the ship cable-like struts of the main entrance, a detailed architect John Sloane intended to strike a “maritime note” in keeping with Grand Central’s significance as a transportation hub. The building seamlessly merges into Grand Central Terminal via the Graybar Passage, a beautifully proportioned Romanesque hall of vaulted ceilings and bronze chandeliers that connects Lexington Avenue with the Terminals’ luminous Great Hall. A central nave is adorned with a large mural by the artist Edward Trumbull, also responsible for the murals that adorn the lobby of the adjacent Chrysler Building. Six Metro-North train platforms lead off from the Graybar Passage, making the building integral to commuting in the city. 420 Lexington was originally named after a major early tenant, the Graybar Electric Company, a communications and telephone firm who listed the building as their corporate headquarters from 1927 to 1982. SL Green acquired a long-term operating lease on the building in 1988 and initiated a major restoration of the structure by the architectural firm of Beyer Blinder Belle, which included construction of a new entrance canopy and storefronts. A superb realization of aesthetics, technology, modern amenities, services and systems, joined to one of the greatest locations in New York City, the Graybar Building was made an official NYC Landmark in 2016.",Office,2335,10710,,Leasing (SL Green),Elaine Anazagasty,elaine.anazagasty@slgreen.com,(212) 216-1751,https://slgreen.com/properties/420-lexington-avenue/,2026-07-20T16:36:45+00:00,,,
SL Green,420 Lexington Avenue,420 Lexington Avenue,"Located on Lexington Avenue at 43rd Street directly above Grand Central Terminal, 420 Lexington Avenue offers superior, Class-A office space in the heart of Manhattan, making it one of New York City’s most sought-after addresses. The 31-story, 1.5 million-square-foot tower, also known as the Graybar Building, was originally constructed in 1927 by the architectural firm Sloan & Robertson. It is a stellar example of Art Deco style and was once among the largest office buildings in the world. Today, its large floor plates and 32-passenger elevator cabs facilitate seamless movement throughout the building for tenants of all sizes. Tenants also enjoy the convenience and luxury of an on-site Equinox fitness club and direct access to Grand Central Terminal. Completed in 1927 as one of the last structures of “Terminal City,” 1654the master plan for the area surrounding Grand Central Terminal, 420 Lexington is a defining piece of architecture. A mélange of Babylonian and Byzantine motifs, the building’s severely cubist setback massing is enlivened by relief sculptures, tile and metalwork, including figures that flank the monumental entries bearing the symbols of the four elements of earth, water, air and fire. Interiors include elaborately polychromed ceilings and ornamental bronze grills, doors and fixtures as well as wall and floor mosaics. A fanciful touch is the metal rats that adorn the ship cable-like struts of the main entrance, a detailed architect John Sloane intended to strike a “maritime note” in keeping with Grand Central’s significance as a transportation hub. The building seamlessly merges into Grand Central Terminal via the Graybar Passage, a beautifully proportioned Romanesque hall of vaulted ceilings and bronze chandeliers that connects Lexington Avenue with the Terminals’ luminous Great Hall. A central nave is adorned with a large mural by the artist Edward Trumbull, also responsible for the murals that adorn the lobby of the adjacent Chrysler Building. Six Metro-North train platforms lead off from the Graybar Passage, making the building integral to commuting in the city. 420 Lexington was originally named after a major early tenant, the Graybar Electric Company, a communications and telephone firm who listed the building as their corporate headquarters from 1927 to 1982. SL Green acquired a long-term operating lease on the building in 1988 and initiated a major restoration of the structure by the architectural firm of Beyer Blinder Belle, which included construction of a new entrance canopy and storefronts. A superb realization of aesthetics, technology, modern amenities, services and systems, joined to one of the greatest locations in New York City, the Graybar Building was made an official NYC Landmark in 2016.",Office,2429,13492,,Leasing (SL Green),Elaine Anazagasty,elaine.anazagasty@slgreen.com,(212) 216-1751,https://slgreen.com/properties/420-lexington-avenue/,2026-07-20T16:36:45+00:00,,,
SL Green,420 Lexington Avenue,420 Lexington Avenue,"Located on Lexington Avenue at 43rd Street directly above Grand Central Terminal, 420 Lexington Avenue offers superior, Class-A office space in the heart of Manhattan, making it one of New York City’s most sought-after addresses. The 31-story, 1.5 million-square-foot tower, also known as the Graybar Building, was originally constructed in 1927 by the architectural firm Sloan & Robertson. It is a stellar example of Art Deco style and was once among the largest office buildings in the world. Today, its large floor plates and 32-passenger elevator cabs facilitate seamless movement throughout the building for tenants of all sizes. Tenants also enjoy the convenience and luxury of an on-site Equinox fitness club and direct access to Grand Central Terminal. Completed in 1927 as one of the last structures of “Terminal City,” 1654the master plan for the area surrounding Grand Central Terminal, 420 Lexington is a defining piece of architecture. A mélange of Babylonian and Byzantine motifs, the building’s severely cubist setback massing is enlivened by relief sculptures, tile and metalwork, including figures that flank the monumental entries bearing the symbols of the four elements of earth, water, air and fire. Interiors include elaborately polychromed ceilings and ornamental bronze grills, doors and fixtures as well as wall and floor mosaics. A fanciful touch is the metal rats that adorn the ship cable-like struts of the main entrance, a detailed architect John Sloane intended to strike a “maritime note” in keeping with Grand Central’s significance as a transportation hub. The building seamlessly merges into Grand Central Terminal via the Graybar Passage, a beautifully proportioned Romanesque hall of vaulted ceilings and bronze chandeliers that connects Lexington Avenue with the Terminals’ luminous Great Hall. A central nave is adorned with a large mural by the artist Edward Trumbull, also responsible for the murals that adorn the lobby of the adjacent Chrysler Building. Six Metro-North train platforms lead off from the Graybar Passage, making the building integral to commuting in the city. 420 Lexington was originally named after a major early tenant, the Graybar Electric Company, a communications and telephone firm who listed the building as their corporate headquarters from 1927 to 1982. SL Green acquired a long-term operating lease on the building in 1988 and initiated a major restoration of the structure by the architectural firm of Beyer Blinder Belle, which included construction of a new entrance canopy and storefronts. A superb realization of aesthetics, technology, modern amenities, services and systems, joined to one of the greatest locations in New York City, the Graybar Building was made an official NYC Landmark in 2016.",Office,2456,514,,Leasing (SL Green),Elaine Anazagasty,elaine.anazagasty@slgreen.com,(212) 216-1751,https://slgreen.com/properties/420-lexington-avenue/,2026-07-20T16:36:45+00:00,,,
SL Green,420 Lexington Avenue,420 Lexington Avenue,"Located on Lexington Avenue at 43rd Street directly above Grand Central Terminal, 420 Lexington Avenue offers superior, Class-A office space in the heart of Manhattan, making it one of New York City’s most sought-after addresses. The 31-story, 1.5 million-square-foot tower, also known as the Graybar Building, was originally constructed in 1927 by the architectural firm Sloan & Robertson. It is a stellar example of Art Deco style and was once among the largest office buildings in the world. Today, its large floor plates and 32-passenger elevator cabs facilitate seamless movement throughout the building for tenants of all sizes. Tenants also enjoy the convenience and luxury of an on-site Equinox fitness club and direct access to Grand Central Terminal. Completed in 1927 as one of the last structures of “Terminal City,” 1654the master plan for the area surrounding Grand Central Terminal, 420 Lexington is a defining piece of architecture. A mélange of Babylonian and Byzantine motifs, the building’s severely cubist setback massing is enlivened by relief sculptures, tile and metalwork, including figures that flank the monumental entries bearing the symbols of the four elements of earth, water, air and fire. Interiors include elaborately polychromed ceilings and ornamental bronze grills, doors and fixtures as well as wall and floor mosaics. A fanciful touch is the metal rats that adorn the ship cable-like struts of the main entrance, a detailed architect John Sloane intended to strike a “maritime note” in keeping with Grand Central’s significance as a transportation hub. The building seamlessly merges into Grand Central Terminal via the Graybar Passage, a beautifully proportioned Romanesque hall of vaulted ceilings and bronze chandeliers that connects Lexington Avenue with the Terminals’ luminous Great Hall. A central nave is adorned with a large mural by the artist Edward Trumbull, also responsible for the murals that adorn the lobby of the adjacent Chrysler Building. Six Metro-North train platforms lead off from the Graybar Passage, making the building integral to commuting in the city. 420 Lexington was originally named after a major early tenant, the Graybar Electric Company, a communications and telephone firm who listed the building as their corporate headquarters from 1927 to 1982. SL Green acquired a long-term operating lease on the building in 1988 and initiated a major restoration of the structure by the architectural firm of Beyer Blinder Belle, which included construction of a new entrance canopy and storefronts. A superb realization of aesthetics, technology, modern amenities, services and systems, joined to one of the greatest locations in New York City, the Graybar Building was made an official NYC Landmark in 2016.",Office,2516,2802,,Leasing (SL Green),Elaine Anazagasty,elaine.anazagasty@slgreen.com,(212) 216-1751,https://slgreen.com/properties/420-lexington-avenue/,2026-07-20T16:36:45+00:00,,,
SL Green,420 Lexington Avenue,420 Lexington Avenue,"Located on Lexington Avenue at 43rd Street directly above Grand Central Terminal, 420 Lexington Avenue offers superior, Class-A office space in the heart of Manhattan, making it one of New York City’s most sought-after addresses. The 31-story, 1.5 million-square-foot tower, also known as the Graybar Building, was originally constructed in 1927 by the architectural firm Sloan & Robertson. It is a stellar example of Art Deco style and was once among the largest office buildings in the world. Today, its large floor plates and 32-passenger elevator cabs facilitate seamless movement throughout the building for tenants of all sizes. Tenants also enjoy the convenience and luxury of an on-site Equinox fitness club and direct access to Grand Central Terminal. Completed in 1927 as one of the last structures of “Terminal City,” 1654the master plan for the area surrounding Grand Central Terminal, 420 Lexington is a defining piece of architecture. A mélange of Babylonian and Byzantine motifs, the building’s severely cubist setback massing is enlivened by relief sculptures, tile and metalwork, including figures that flank the monumental entries bearing the symbols of the four elements of earth, water, air and fire. Interiors include elaborately polychromed ceilings and ornamental bronze grills, doors and fixtures as well as wall and floor mosaics. A fanciful touch is the metal rats that adorn the ship cable-like struts of the main entrance, a detailed architect John Sloane intended to strike a “maritime note” in keeping with Grand Central’s significance as a transportation hub. The building seamlessly merges into Grand Central Terminal via the Graybar Passage, a beautifully proportioned Romanesque hall of vaulted ceilings and bronze chandeliers that connects Lexington Avenue with the Terminals’ luminous Great Hall. A central nave is adorned with a large mural by the artist Edward Trumbull, also responsible for the murals that adorn the lobby of the adjacent Chrysler Building. Six Metro-North train platforms lead off from the Graybar Passage, making the building integral to commuting in the city. 420 Lexington was originally named after a major early tenant, the Graybar Electric Company, a communications and telephone firm who listed the building as their corporate headquarters from 1927 to 1982. SL Green acquired a long-term operating lease on the building in 1988 and initiated a major restoration of the structure by the architectural firm of Beyer Blinder Belle, which included construction of a new entrance canopy and storefronts. A superb realization of aesthetics, technology, modern amenities, services and systems, joined to one of the greatest locations in New York City, the Graybar Building was made an official NYC Landmark in 2016.",Office,2633,1811,,Leasing (SL Green),Elaine Anazagasty,elaine.anazagasty@slgreen.com,(212) 216-1751,https://slgreen.com/properties/420-lexington-avenue/,2026-07-20T16:36:45+00:00,,,
SL Green,420 Lexington Avenue,420 Lexington Avenue,"Located on Lexington Avenue at 43rd Street directly above Grand Central Terminal, 420 Lexington Avenue offers superior, Class-A office space in the heart of Manhattan, making it one of New York City’s most sought-after addresses. The 31-story, 1.5 million-square-foot tower, also known as the Graybar Building, was originally constructed in 1927 by the architectural firm Sloan & Robertson. It is a stellar example of Art Deco style and was once among the largest office buildings in the world. Today, its large floor plates and 32-passenger elevator cabs facilitate seamless movement throughout the building for tenants of all sizes. Tenants also enjoy the convenience and luxury of an on-site Equinox fitness club and direct access to Grand Central Terminal. Completed in 1927 as one of the last structures of “Terminal City,” 1654the master plan for the area surrounding Grand Central Terminal, 420 Lexington is a defining piece of architecture. A mélange of Babylonian and Byzantine motifs, the building’s severely cubist setback massing is enlivened by relief sculptures, tile and metalwork, including figures that flank the monumental entries bearing the symbols of the four elements of earth, water, air and fire. Interiors include elaborately polychromed ceilings and ornamental bronze grills, doors and fixtures as well as wall and floor mosaics. A fanciful touch is the metal rats that adorn the ship cable-like struts of the main entrance, a detailed architect John Sloane intended to strike a “maritime note” in keeping with Grand Central’s significance as a transportation hub. The building seamlessly merges into Grand Central Terminal via the Graybar Passage, a beautifully proportioned Romanesque hall of vaulted ceilings and bronze chandeliers that connects Lexington Avenue with the Terminals’ luminous Great Hall. A central nave is adorned with a large mural by the artist Edward Trumbull, also responsible for the murals that adorn the lobby of the adjacent Chrysler Building. Six Metro-North train platforms lead off from the Graybar Passage, making the building integral to commuting in the city. 420 Lexington was originally named after a major early tenant, the Graybar Electric Company, a communications and telephone firm who listed the building as their corporate headquarters from 1927 to 1982. SL Green acquired a long-term operating lease on the building in 1988 and initiated a major restoration of the structure by the architectural firm of Beyer Blinder Belle, which included construction of a new entrance canopy and storefronts. A superb realization of aesthetics, technology, modern amenities, services and systems, joined to one of the greatest locations in New York City, the Graybar Building was made an official NYC Landmark in 2016.",Office,2656,2026,,Leasing (SL Green),Elaine Anazagasty,elaine.anazagasty@slgreen.com,(212) 216-1751,https://slgreen.com/properties/420-lexington-avenue/,2026-07-20T16:36:45+00:00,,,
SL Green,420 Lexington Avenue,420 Lexington Avenue,"Located on Lexington Avenue at 43rd Street directly above Grand Central Terminal, 420 Lexington Avenue offers superior, Class-A office space in the heart of Manhattan, making it one of New York City’s most sought-after addresses. The 31-story, 1.5 million-square-foot tower, also known as the Graybar Building, was originally constructed in 1927 by the architectural firm Sloan & Robertson. It is a stellar example of Art Deco style and was once among the largest office buildings in the world. Today, its large floor plates and 32-passenger elevator cabs facilitate seamless movement throughout the building for tenants of all sizes. Tenants also enjoy the convenience and luxury of an on-site Equinox fitness club and direct access to Grand Central Terminal. Completed in 1927 as one of the last structures of “Terminal City,” 1654the master plan for the area surrounding Grand Central Terminal, 420 Lexington is a defining piece of architecture. A mélange of Babylonian and Byzantine motifs, the building’s severely cubist setback massing is enlivened by relief sculptures, tile and metalwork, including figures that flank the monumental entries bearing the symbols of the four elements of earth, water, air and fire. Interiors include elaborately polychromed ceilings and ornamental bronze grills, doors and fixtures as well as wall and floor mosaics. A fanciful touch is the metal rats that adorn the ship cable-like struts of the main entrance, a detailed architect John Sloane intended to strike a “maritime note” in keeping with Grand Central’s significance as a transportation hub. The building seamlessly merges into Grand Central Terminal via the Graybar Passage, a beautifully proportioned Romanesque hall of vaulted ceilings and bronze chandeliers that connects Lexington Avenue with the Terminals’ luminous Great Hall. A central nave is adorned with a large mural by the artist Edward Trumbull, also responsible for the murals that adorn the lobby of the adjacent Chrysler Building. Six Metro-North train platforms lead off from the Graybar Passage, making the building integral to commuting in the city. 420 Lexington was originally named after a major early tenant, the Graybar Electric Company, a communications and telephone firm who listed the building as their corporate headquarters from 1927 to 1982. SL Green acquired a long-term operating lease on the building in 1988 and initiated a major restoration of the structure by the architectural firm of Beyer Blinder Belle, which included construction of a new entrance canopy and storefronts. A superb realization of aesthetics, technology, modern amenities, services and systems, joined to one of the greatest locations in New York City, the Graybar Building was made an official NYC Landmark in 2016.",Office,2811-14,3278,,Leasing (SL Green),Elaine Anazagasty,elaine.anazagasty@slgreen.com,(212) 216-1751,https://slgreen.com/properties/420-lexington-avenue/,2026-07-20T16:36:45+00:00,,,
SL Green,420 Lexington Avenue,420 Lexington Avenue,"Located on Lexington Avenue at 43rd Street directly above Grand Central Terminal, 420 Lexington Avenue offers superior, Class-A office space in the heart of Manhattan, making it one of New York City’s most sought-after addresses. The 31-story, 1.5 million-square-foot tower, also known as the Graybar Building, was originally constructed in 1927 by the architectural firm Sloan & Robertson. It is a stellar example of Art Deco style and was once among the largest office buildings in the world. Today, its large floor plates and 32-passenger elevator cabs facilitate seamless movement throughout the building for tenants of all sizes. Tenants also enjoy the convenience and luxury of an on-site Equinox fitness club and direct access to Grand Central Terminal. Completed in 1927 as one of the last structures of “Terminal City,” 1654the master plan for the area surrounding Grand Central Terminal, 420 Lexington is a defining piece of architecture. A mélange of Babylonian and Byzantine motifs, the building’s severely cubist setback massing is enlivened by relief sculptures, tile and metalwork, including figures that flank the monumental entries bearing the symbols of the four elements of earth, water, air and fire. Interiors include elaborately polychromed ceilings and ornamental bronze grills, doors and fixtures as well as wall and floor mosaics. A fanciful touch is the metal rats that adorn the ship cable-like struts of the main entrance, a detailed architect John Sloane intended to strike a “maritime note” in keeping with Grand Central’s significance as a transportation hub. The building seamlessly merges into Grand Central Terminal via the Graybar Passage, a beautifully proportioned Romanesque hall of vaulted ceilings and bronze chandeliers that connects Lexington Avenue with the Terminals’ luminous Great Hall. A central nave is adorned with a large mural by the artist Edward Trumbull, also responsible for the murals that adorn the lobby of the adjacent Chrysler Building. Six Metro-North train platforms lead off from the Graybar Passage, making the building integral to commuting in the city. 420 Lexington was originally named after a major early tenant, the Graybar Electric Company, a communications and telephone firm who listed the building as their corporate headquarters from 1927 to 1982. SL Green acquired a long-term operating lease on the building in 1988 and initiated a major restoration of the structure by the architectural firm of Beyer Blinder Belle, which included construction of a new entrance canopy and storefronts. A superb realization of aesthetics, technology, modern amenities, services and systems, joined to one of the greatest locations in New York City, the Graybar Building was made an official NYC Landmark in 2016.",Office,2832,1485,,Leasing (SL Green),Elaine Anazagasty,elaine.anazagasty@slgreen.com,(212) 216-1751,https://slgreen.com/properties/420-lexington-avenue/,2026-07-20T16:36:45+00:00,,,
SL Green,420 Lexington Avenue,420 Lexington Avenue,"Located on Lexington Avenue at 43rd Street directly above Grand Central Terminal, 420 Lexington Avenue offers superior, Class-A office space in the heart of Manhattan, making it one of New York City’s most sought-after addresses. The 31-story, 1.5 million-square-foot tower, also known as the Graybar Building, was originally constructed in 1927 by the architectural firm Sloan & Robertson. It is a stellar example of Art Deco style and was once among the largest office buildings in the world. Today, its large floor plates and 32-passenger elevator cabs facilitate seamless movement throughout the building for tenants of all sizes. Tenants also enjoy the convenience and luxury of an on-site Equinox fitness club and direct access to Grand Central Terminal. Completed in 1927 as one of the last structures of “Terminal City,” 1654the master plan for the area surrounding Grand Central Terminal, 420 Lexington is a defining piece of architecture. A mélange of Babylonian and Byzantine motifs, the building’s severely cubist setback massing is enlivened by relief sculptures, tile and metalwork, including figures that flank the monumental entries bearing the symbols of the four elements of earth, water, air and fire. Interiors include elaborately polychromed ceilings and ornamental bronze grills, doors and fixtures as well as wall and floor mosaics. A fanciful touch is the metal rats that adorn the ship cable-like struts of the main entrance, a detailed architect John Sloane intended to strike a “maritime note” in keeping with Grand Central’s significance as a transportation hub. The building seamlessly merges into Grand Central Terminal via the Graybar Passage, a beautifully proportioned Romanesque hall of vaulted ceilings and bronze chandeliers that connects Lexington Avenue with the Terminals’ luminous Great Hall. A central nave is adorned with a large mural by the artist Edward Trumbull, also responsible for the murals that adorn the lobby of the adjacent Chrysler Building. Six Metro-North train platforms lead off from the Graybar Passage, making the building integral to commuting in the city. 420 Lexington was originally named after a major early tenant, the Graybar Electric Company, a communications and telephone firm who listed the building as their corporate headquarters from 1927 to 1982. SL Green acquired a long-term operating lease on the building in 1988 and initiated a major restoration of the structure by the architectural firm of Beyer Blinder Belle, which included construction of a new entrance canopy and storefronts. A superb realization of aesthetics, technology, modern amenities, services and systems, joined to one of the greatest locations in New York City, the Graybar Building was made an official NYC Landmark in 2016.",Office,2848,5427,,Leasing (SL Green),Elaine Anazagasty,elaine.anazagasty@slgreen.com,(212) 216-1751,https://slgreen.com/properties/420-lexington-avenue/,2026-07-20T16:36:45+00:00,,,
SL Green,450 Park Avenue,450 Park Avenue,"Luxury office connects people and commerce on Park Avenue. An architectural landmark designed by Emery Roth & Sons, 450 Park Avenue provides luxury office and retail space on Manhattan’s most prominent corner. Customers covet the boutique atmosphere at 57th and Park Avenue — the gateway to every corner of the city and beyond. Featuring exceptional service and amenities, this trophy asset offers far-reaching views framed by the building’s sweeping signature curvilinear windows.",Office,Entire 5th Floor,10392,,Leasing (SL Green),Howard Tenenbaum,howard.tenenbaum@slgreen.com,(212) 216-1685,https://slgreen.com/properties/450-park-avenue/,2026-07-20T16:36:45+00:00,,,
SL Green,450 Park Avenue,450 Park Avenue,"Luxury office connects people and commerce on Park Avenue. An architectural landmark designed by Emery Roth & Sons, 450 Park Avenue provides luxury office and retail space on Manhattan’s most prominent corner. Customers covet the boutique atmosphere at 57th and Park Avenue — the gateway to every corner of the city and beyond. Featuring exceptional service and amenities, this trophy asset offers far-reaching views framed by the building’s sweeping signature curvilinear windows.",Office,Entire 6th Floor,10392,,Leasing (SL Green),Howard Tenenbaum,howard.tenenbaum@slgreen.com,(212) 216-1685,https://slgreen.com/properties/450-park-avenue/,2026-07-20T16:36:45+00:00,,,
SL Green,450 Park Avenue,450 Park Avenue,"Luxury office connects people and commerce on Park Avenue. An architectural landmark designed by Emery Roth & Sons, 450 Park Avenue provides luxury office and retail space on Manhattan’s most prominent corner. Customers covet the boutique atmosphere at 57th and Park Avenue — the gateway to every corner of the city and beyond. Featuring exceptional service and amenities, this trophy asset offers far-reaching views framed by the building’s sweeping signature curvilinear windows.",Office,Entire 7th Floor,10392,,Leasing (SL Green),Howard Tenenbaum,howard.tenenbaum@slgreen.com,(212) 216-1685,https://slgreen.com/properties/450-park-avenue/,2026-07-20T16:36:45+00:00,,,
SL Green,450 Park Avenue,450 Park Avenue,"Luxury office connects people and commerce on Park Avenue. An architectural landmark designed by Emery Roth & Sons, 450 Park Avenue provides luxury office and retail space on Manhattan’s most prominent corner. Customers covet the boutique atmosphere at 57th and Park Avenue — the gateway to every corner of the city and beyond. Featuring exceptional service and amenities, this trophy asset offers far-reaching views framed by the building’s sweeping signature curvilinear windows.",Office,Entire 8th Floor,10392,,Leasing (SL Green),Howard Tenenbaum,howard.tenenbaum@slgreen.com,(212) 216-1685,https://slgreen.com/properties/450-park-avenue/,2026-07-20T16:36:45+00:00,,,
SL Green,450 Park Avenue,450 Park Avenue,"Luxury office connects people and commerce on Park Avenue. An architectural landmark designed by Emery Roth & Sons, 450 Park Avenue provides luxury office and retail space on Manhattan’s most prominent corner. Customers covet the boutique atmosphere at 57th and Park Avenue — the gateway to every corner of the city and beyond. Featuring exceptional service and amenities, this trophy asset offers far-reaching views framed by the building’s sweeping signature curvilinear windows.",Office,Entire 9th Floor,10392,,Leasing (SL Green),Howard Tenenbaum,howard.tenenbaum@slgreen.com,(212) 216-1685,https://slgreen.com/properties/450-park-avenue/,2026-07-20T16:36:45+00:00,,,
SL Green,450 Park Avenue,450 Park Avenue,"Luxury office connects people and commerce on Park Avenue. An architectural landmark designed by Emery Roth & Sons, 450 Park Avenue provides luxury office and retail space on Manhattan’s most prominent corner. Customers covet the boutique atmosphere at 57th and Park Avenue — the gateway to every corner of the city and beyond. Featuring exceptional service and amenities, this trophy asset offers far-reaching views framed by the building’s sweeping signature curvilinear windows.",Office,Entire 10th Floor,10392,,Leasing (SL Green),Howard Tenenbaum,howard.tenenbaum@slgreen.com,(212) 216-1685,https://slgreen.com/properties/450-park-avenue/,2026-07-20T16:36:45+00:00,,,
SL Green,450 Park Avenue,450 Park Avenue,"Luxury office connects people and commerce on Park Avenue. An architectural landmark designed by Emery Roth & Sons, 450 Park Avenue provides luxury office and retail space on Manhattan’s most prominent corner. Customers covet the boutique atmosphere at 57th and Park Avenue — the gateway to every corner of the city and beyond. Featuring exceptional service and amenities, this trophy asset offers far-reaching views framed by the building’s sweeping signature curvilinear windows.",Office,,62352,,Leasing (SL Green),Howard Tenenbaum,howard.tenenbaum@slgreen.com,(212) 216-1685,https://slgreen.com/properties/450-park-avenue/,2026-07-20T16:36:45+00:00,,,
SL Green,461 Fifth Avenue,461 Fifth Avenue,"Located on Fifth Avenue directly across from the New York Public Library and overlooking Bryant Park, 461 Fifth Avenue offers a truly stunning setting for firms seeking a full-floor presence in a boutique office building. Designed by world-renowned architects Skidmore, Owings & Merrill, the building’s elegant architectural form respects the great tradition and stature of Fifth Avenue buildings while making its own dramatic contemporary statement. A full renovation was completed in 2018, which includes a soaring new marble and stone entrance plaza that makes a powerful statement day or night, with dramatic lighting and signature artwork. The new expansive marble and wood lobby, and all new elevators enhance the efficiency and the welcoming experience for all tenants and their guests. With column-free tower floors and ultra-efficient side core floor plates, 461 Fifth offers absolute flexibility in office fit-out. Within walking distance of both Grand Central Terminal and Penn Station, the property also received a Building Owners and Managers Association (BOMA) Award. 461 Fifth Avenue is the perfect statement address for any business. One of the most important Postmodern buildings in New York, 461 Fifth Avenue was the creation of Raul de Armas, the Cuban-born American architect, during his years with Skidmore, Owings & Merrill. Now a principal and co-founder of the firm Moed, de Armas & Shannon, de Armas has designed major office buildings around the world with 461 Fifth as one of his triumphs. His design for the building incorporates the classic setback structure of a tower rising from a thoughtfully detailed base. A curved bay addresses the entrance corner while unique cross-braces incorporating a stylized pediment element frame the tower, echoing both cast iron and Beaux Arts designs elsewhere in the city. Pre-cast concrete lends the appearance of limestone and the whole is capped off by a green copper mansard roof. The result is a synthesis of Classical and Expressionistic influences and a design that feels at once traditional and futuristic. In addition to its architectural excellence, 461 Fifth Avenue is one of the first major buildings to be erected after WWII on Fifth Avenue below 42nd Street. Completed in 1988, the year that Bryant Park began a four-year restoration, the tower is credited with stimulating construction in the area and helping reinvent the district as a desirable office location. As an ever-growing number of excellent dining and shopping options surround Bryant Park the timeless design of 461 Fifth remains a striking presence overlooking one of the city’s most desirable districts.",Office,Entire 11th Floor,6097,,Leasing (SL Green),Larry Swiger,larry.swiger@slgreen.com,(212) 216-1628,https://slgreen.com/properties/461-fifth-avenue/,2026-07-20T16:36:45+00:00,,,
SL Green,461 Fifth Avenue,461 Fifth Avenue,"Located on Fifth Avenue directly across from the New York Public Library and overlooking Bryant Park, 461 Fifth Avenue offers a truly stunning setting for firms seeking a full-floor presence in a boutique office building. Designed by world-renowned architects Skidmore, Owings & Merrill, the building’s elegant architectural form respects the great tradition and stature of Fifth Avenue buildings while making its own dramatic contemporary statement. A full renovation was completed in 2018, which includes a soaring new marble and stone entrance plaza that makes a powerful statement day or night, with dramatic lighting and signature artwork. The new expansive marble and wood lobby, and all new elevators enhance the efficiency and the welcoming experience for all tenants and their guests. With column-free tower floors and ultra-efficient side core floor plates, 461 Fifth offers absolute flexibility in office fit-out. Within walking distance of both Grand Central Terminal and Penn Station, the property also received a Building Owners and Managers Association (BOMA) Award. 461 Fifth Avenue is the perfect statement address for any business. One of the most important Postmodern buildings in New York, 461 Fifth Avenue was the creation of Raul de Armas, the Cuban-born American architect, during his years with Skidmore, Owings & Merrill. Now a principal and co-founder of the firm Moed, de Armas & Shannon, de Armas has designed major office buildings around the world with 461 Fifth as one of his triumphs. His design for the building incorporates the classic setback structure of a tower rising from a thoughtfully detailed base. A curved bay addresses the entrance corner while unique cross-braces incorporating a stylized pediment element frame the tower, echoing both cast iron and Beaux Arts designs elsewhere in the city. Pre-cast concrete lends the appearance of limestone and the whole is capped off by a green copper mansard roof. The result is a synthesis of Classical and Expressionistic influences and a design that feels at once traditional and futuristic. In addition to its architectural excellence, 461 Fifth Avenue is one of the first major buildings to be erected after WWII on Fifth Avenue below 42nd Street. Completed in 1988, the year that Bryant Park began a four-year restoration, the tower is credited with stimulating construction in the area and helping reinvent the district as a desirable office location. As an ever-growing number of excellent dining and shopping options surround Bryant Park the timeless design of 461 Fifth remains a striking presence overlooking one of the city’s most desirable districts.",Office,Entire 20th Floor,6933,,Leasing (SL Green),Larry Swiger,larry.swiger@slgreen.com,(212) 216-1628,https://slgreen.com/properties/461-fifth-avenue/,2026-07-20T16:36:45+00:00,,,
SL Green,461 Fifth Avenue,461 Fifth Avenue,"Located on Fifth Avenue directly across from the New York Public Library and overlooking Bryant Park, 461 Fifth Avenue offers a truly stunning setting for firms seeking a full-floor presence in a boutique office building. Designed by world-renowned architects Skidmore, Owings & Merrill, the building’s elegant architectural form respects the great tradition and stature of Fifth Avenue buildings while making its own dramatic contemporary statement. A full renovation was completed in 2018, which includes a soaring new marble and stone entrance plaza that makes a powerful statement day or night, with dramatic lighting and signature artwork. The new expansive marble and wood lobby, and all new elevators enhance the efficiency and the welcoming experience for all tenants and their guests. With column-free tower floors and ultra-efficient side core floor plates, 461 Fifth offers absolute flexibility in office fit-out. Within walking distance of both Grand Central Terminal and Penn Station, the property also received a Building Owners and Managers Association (BOMA) Award. 461 Fifth Avenue is the perfect statement address for any business. One of the most important Postmodern buildings in New York, 461 Fifth Avenue was the creation of Raul de Armas, the Cuban-born American architect, during his years with Skidmore, Owings & Merrill. Now a principal and co-founder of the firm Moed, de Armas & Shannon, de Armas has designed major office buildings around the world with 461 Fifth as one of his triumphs. His design for the building incorporates the classic setback structure of a tower rising from a thoughtfully detailed base. A curved bay addresses the entrance corner while unique cross-braces incorporating a stylized pediment element frame the tower, echoing both cast iron and Beaux Arts designs elsewhere in the city. Pre-cast concrete lends the appearance of limestone and the whole is capped off by a green copper mansard roof. The result is a synthesis of Classical and Expressionistic influences and a design that feels at once traditional and futuristic. In addition to its architectural excellence, 461 Fifth Avenue is one of the first major buildings to be erected after WWII on Fifth Avenue below 42nd Street. Completed in 1988, the year that Bryant Park began a four-year restoration, the tower is credited with stimulating construction in the area and helping reinvent the district as a desirable office location. As an ever-growing number of excellent dining and shopping options surround Bryant Park the timeless design of 461 Fifth remains a striking presence overlooking one of the city’s most desirable districts.",Office,Entire 25th Floor,6882,,Leasing (SL Green),Larry Swiger,larry.swiger@slgreen.com,(212) 216-1628,https://slgreen.com/properties/461-fifth-avenue/,2026-07-20T16:36:45+00:00,,,
SL Green,485 Lexington Avenue,485 Lexington Avenue,"Situated on a full block front along Lexington Avenue, 485 Lexington Avenue stands 32 stories above 46th and 47th Streets. The property is located steps away from the northern access to Grand Central Terminal and provides unparalleled access to a vast array of subway, bus, Metro-North, and train lines. The building’s large, efficient base floors are complemented by boutique tower floors that offer dramatic views of the Manhattan skyline. 485 Lexington also features an abundance of amenities, including extended HVAC hours and a 100-car on-site parking garage. New amenities in the building includes Bright Horizons and Form 50 Fitness, in addition to the neighborhood’s exclusive dining and shopping options. An example of the Mid-Century International style, 485 Lexington was completed in 1956, making it one of the first of the ground-breaking curtain-wall structures that had begun to line Park and Lexington Avenues in the postwar period. Designed by Emery Roth & Sons, 485 Lexington was renovated in 2007 by Vidaris, Inc. An elegant lobby references the exterior’s steel and glass aesthetic, giving the entrance a sense of airiness that matches the structure’s handsome overall proportions.",Office,Ground,2084,,Leasing (SL Green),George Marcogliese,george.marcogliese@slgreen.com,(212) 216-1741,https://slgreen.com/properties/485-lexington-avenue/,2026-07-20T16:36:45+00:00,,,
SL Green,485 Lexington Avenue,485 Lexington Avenue,"Situated on a full block front along Lexington Avenue, 485 Lexington Avenue stands 32 stories above 46th and 47th Streets. The property is located steps away from the northern access to Grand Central Terminal and provides unparalleled access to a vast array of subway, bus, Metro-North, and train lines. The building’s large, efficient base floors are complemented by boutique tower floors that offer dramatic views of the Manhattan skyline. 485 Lexington also features an abundance of amenities, including extended HVAC hours and a 100-car on-site parking garage. New amenities in the building includes Bright Horizons and Form 50 Fitness, in addition to the neighborhood’s exclusive dining and shopping options. An example of the Mid-Century International style, 485 Lexington was completed in 1956, making it one of the first of the ground-breaking curtain-wall structures that had begun to line Park and Lexington Avenues in the postwar period. Designed by Emery Roth & Sons, 485 Lexington was renovated in 2007 by Vidaris, Inc. An elegant lobby references the exterior’s steel and glass aesthetic, giving the entrance a sense of airiness that matches the structure’s handsome overall proportions.",Office,Entire 2nd Floor,54199,,Leasing (SL Green),George Marcogliese,george.marcogliese@slgreen.com,(212) 216-1741,https://slgreen.com/properties/485-lexington-avenue/,2026-07-20T16:36:45+00:00,,,
SL Green,485 Lexington Avenue,485 Lexington Avenue,"Situated on a full block front along Lexington Avenue, 485 Lexington Avenue stands 32 stories above 46th and 47th Streets. The property is located steps away from the northern access to Grand Central Terminal and provides unparalleled access to a vast array of subway, bus, Metro-North, and train lines. The building’s large, efficient base floors are complemented by boutique tower floors that offer dramatic views of the Manhattan skyline. 485 Lexington also features an abundance of amenities, including extended HVAC hours and a 100-car on-site parking garage. New amenities in the building includes Bright Horizons and Form 50 Fitness, in addition to the neighborhood’s exclusive dining and shopping options. An example of the Mid-Century International style, 485 Lexington was completed in 1956, making it one of the first of the ground-breaking curtain-wall structures that had begun to line Park and Lexington Avenues in the postwar period. Designed by Emery Roth & Sons, 485 Lexington was renovated in 2007 by Vidaris, Inc. An elegant lobby references the exterior’s steel and glass aesthetic, giving the entrance a sense of airiness that matches the structure’s handsome overall proportions.",Office,300,33176,,Leasing (SL Green),George Marcogliese,george.marcogliese@slgreen.com,(212) 216-1741,https://slgreen.com/properties/485-lexington-avenue/,2026-07-20T16:36:45+00:00,,,
SL Green,485 Lexington Avenue,485 Lexington Avenue,"Situated on a full block front along Lexington Avenue, 485 Lexington Avenue stands 32 stories above 46th and 47th Streets. The property is located steps away from the northern access to Grand Central Terminal and provides unparalleled access to a vast array of subway, bus, Metro-North, and train lines. The building’s large, efficient base floors are complemented by boutique tower floors that offer dramatic views of the Manhattan skyline. 485 Lexington also features an abundance of amenities, including extended HVAC hours and a 100-car on-site parking garage. New amenities in the building includes Bright Horizons and Form 50 Fitness, in addition to the neighborhood’s exclusive dining and shopping options. An example of the Mid-Century International style, 485 Lexington was completed in 1956, making it one of the first of the ground-breaking curtain-wall structures that had begun to line Park and Lexington Avenues in the postwar period. Designed by Emery Roth & Sons, 485 Lexington was renovated in 2007 by Vidaris, Inc. An elegant lobby references the exterior’s steel and glass aesthetic, giving the entrance a sense of airiness that matches the structure’s handsome overall proportions.",Office,Entire 5th Floor,44545,,Leasing (SL Green),George Marcogliese,george.marcogliese@slgreen.com,(212) 216-1741,https://slgreen.com/properties/485-lexington-avenue/,2026-07-20T16:36:45+00:00,,,
SL Green,485 Lexington Avenue,485 Lexington Avenue,"Situated on a full block front along Lexington Avenue, 485 Lexington Avenue stands 32 stories above 46th and 47th Streets. The property is located steps away from the northern access to Grand Central Terminal and provides unparalleled access to a vast array of subway, bus, Metro-North, and train lines. The building’s large, efficient base floors are complemented by boutique tower floors that offer dramatic views of the Manhattan skyline. 485 Lexington also features an abundance of amenities, including extended HVAC hours and a 100-car on-site parking garage. New amenities in the building includes Bright Horizons and Form 50 Fitness, in addition to the neighborhood’s exclusive dining and shopping options. An example of the Mid-Century International style, 485 Lexington was completed in 1956, making it one of the first of the ground-breaking curtain-wall structures that had begun to line Park and Lexington Avenues in the postwar period. Designed by Emery Roth & Sons, 485 Lexington was renovated in 2007 by Vidaris, Inc. An elegant lobby references the exterior’s steel and glass aesthetic, giving the entrance a sense of airiness that matches the structure’s handsome overall proportions.",Office,Entire 6th Floor,44493,,Leasing (SL Green),George Marcogliese,george.marcogliese@slgreen.com,(212) 216-1741,https://slgreen.com/properties/485-lexington-avenue/,2026-07-20T16:36:45+00:00,,,
SL Green,485 Lexington Avenue,485 Lexington Avenue,"Situated on a full block front along Lexington Avenue, 485 Lexington Avenue stands 32 stories above 46th and 47th Streets. The property is located steps away from the northern access to Grand Central Terminal and provides unparalleled access to a vast array of subway, bus, Metro-North, and train lines. The building’s large, efficient base floors are complemented by boutique tower floors that offer dramatic views of the Manhattan skyline. 485 Lexington also features an abundance of amenities, including extended HVAC hours and a 100-car on-site parking garage. New amenities in the building includes Bright Horizons and Form 50 Fitness, in addition to the neighborhood’s exclusive dining and shopping options. An example of the Mid-Century International style, 485 Lexington was completed in 1956, making it one of the first of the ground-breaking curtain-wall structures that had begun to line Park and Lexington Avenues in the postwar period. Designed by Emery Roth & Sons, 485 Lexington was renovated in 2007 by Vidaris, Inc. An elegant lobby references the exterior’s steel and glass aesthetic, giving the entrance a sense of airiness that matches the structure’s handsome overall proportions.",Office,Entire 23rd Floor,14206,,Leasing (SL Green),George Marcogliese,george.marcogliese@slgreen.com,(212) 216-1741,https://slgreen.com/properties/485-lexington-avenue/,2026-07-20T16:36:45+00:00,,,
SL Green,485 Lexington Avenue,485 Lexington Avenue,"Situated on a full block front along Lexington Avenue, 485 Lexington Avenue stands 32 stories above 46th and 47th Streets. The property is located steps away from the northern access to Grand Central Terminal and provides unparalleled access to a vast array of subway, bus, Metro-North, and train lines. The building’s large, efficient base floors are complemented by boutique tower floors that offer dramatic views of the Manhattan skyline. 485 Lexington also features an abundance of amenities, including extended HVAC hours and a 100-car on-site parking garage. New amenities in the building includes Bright Horizons and Form 50 Fitness, in addition to the neighborhood’s exclusive dining and shopping options. An example of the Mid-Century International style, 485 Lexington was completed in 1956, making it one of the first of the ground-breaking curtain-wall structures that had begun to line Park and Lexington Avenues in the postwar period. Designed by Emery Roth & Sons, 485 Lexington was renovated in 2007 by Vidaris, Inc. An elegant lobby references the exterior’s steel and glass aesthetic, giving the entrance a sense of airiness that matches the structure’s handsome overall proportions.",Office,Entire 24th Floor,14206,,Leasing (SL Green),George Marcogliese,george.marcogliese@slgreen.com,(212) 216-1741,https://slgreen.com/properties/485-lexington-avenue/,2026-07-20T16:36:45+00:00,,,
SL Green,485 Lexington Avenue,485 Lexington Avenue,"Situated on a full block front along Lexington Avenue, 485 Lexington Avenue stands 32 stories above 46th and 47th Streets. The property is located steps away from the northern access to Grand Central Terminal and provides unparalleled access to a vast array of subway, bus, Metro-North, and train lines. The building’s large, efficient base floors are complemented by boutique tower floors that offer dramatic views of the Manhattan skyline. 485 Lexington also features an abundance of amenities, including extended HVAC hours and a 100-car on-site parking garage. New amenities in the building includes Bright Horizons and Form 50 Fitness, in addition to the neighborhood’s exclusive dining and shopping options. An example of the Mid-Century International style, 485 Lexington was completed in 1956, making it one of the first of the ground-breaking curtain-wall structures that had begun to line Park and Lexington Avenues in the postwar period. Designed by Emery Roth & Sons, 485 Lexington was renovated in 2007 by Vidaris, Inc. An elegant lobby references the exterior’s steel and glass aesthetic, giving the entrance a sense of airiness that matches the structure’s handsome overall proportions.",Office,Entire 31st Floor,14078,,Leasing (SL Green),George Marcogliese,george.marcogliese@slgreen.com,(212) 216-1741,https://slgreen.com/properties/485-lexington-avenue/,2026-07-20T16:36:45+00:00,,,
SL Green,485 Lexington Avenue,485 Lexington Avenue,"Situated on a full block front along Lexington Avenue, 485 Lexington Avenue stands 32 stories above 46th and 47th Streets. The property is located steps away from the northern access to Grand Central Terminal and provides unparalleled access to a vast array of subway, bus, Metro-North, and train lines. The building’s large, efficient base floors are complemented by boutique tower floors that offer dramatic views of the Manhattan skyline. 485 Lexington also features an abundance of amenities, including extended HVAC hours and a 100-car on-site parking garage. New amenities in the building includes Bright Horizons and Form 50 Fitness, in addition to the neighborhood’s exclusive dining and shopping options. An example of the Mid-Century International style, 485 Lexington was completed in 1956, making it one of the first of the ground-breaking curtain-wall structures that had begun to line Park and Lexington Avenues in the postwar period. Designed by Emery Roth & Sons, 485 Lexington was renovated in 2007 by Vidaris, Inc. An elegant lobby references the exterior’s steel and glass aesthetic, giving the entrance a sense of airiness that matches the structure’s handsome overall proportions.",Office,Entire 32nd Floor,8811,,Leasing (SL Green),George Marcogliese,george.marcogliese@slgreen.com,(212) 216-1741,https://slgreen.com/properties/485-lexington-avenue/,2026-07-20T16:36:45+00:00,,,
SL Green,485 Lexington Avenue,485 Lexington Avenue,"Situated on a full block front along Lexington Avenue, 485 Lexington Avenue stands 32 stories above 46th and 47th Streets. The property is located steps away from the northern access to Grand Central Terminal and provides unparalleled access to a vast array of subway, bus, Metro-North, and train lines. The building’s large, efficient base floors are complemented by boutique tower floors that offer dramatic views of the Manhattan skyline. 485 Lexington also features an abundance of amenities, including extended HVAC hours and a 100-car on-site parking garage. New amenities in the building includes Bright Horizons and Form 50 Fitness, in addition to the neighborhood’s exclusive dining and shopping options. An example of the Mid-Century International style, 485 Lexington was completed in 1956, making it one of the first of the ground-breaking curtain-wall structures that had begun to line Park and Lexington Avenues in the postwar period. Designed by Emery Roth & Sons, 485 Lexington was renovated in 2007 by Vidaris, Inc. An elegant lobby references the exterior’s steel and glass aesthetic, giving the entrance a sense of airiness that matches the structure’s handsome overall proportions.",Office,,22889,,Leasing (SL Green),George Marcogliese,george.marcogliese@slgreen.com,(212) 216-1741,https://slgreen.com/properties/485-lexington-avenue/,2026-07-20T16:36:45+00:00,,,
SL Green,500 Park Avenue,500 Park Avenue,"500 Park Avenue, also known as the iconic Pepsi-Cola Building, stands as a beacon of architectural excellence and prestige at the southwest corner of East 59th Street and Park Avenue. Originally constructed between 1958 and 1960 to serve as the headquarters for the Pepsi-Cola Company, the building was designed by Gordon Bunshaft and Natalie de Blois of Skidmore, Owings & Merrill (SOM). This landmarked building is celebrated for its timeless design and prime location. Situated just two blocks from Central Park, it provides unparalleled access to several major subway lines, including the N, R, W, 4, 5, and 6 trains. Its proximity to luxury retail, renowned restaurants, and world-class hotels enhances the appeal. Esteemed dining establishments such as Avra and Tao Uptown, and iconic accommodations like The Four Seasons, The Plaza, and The St. Regis, are all just steps away. The building features 24/7 lobby attendant service, ensuring a secure and seamless experience. Further elevating its appeal is the presence of emergency generator capacity, a crucial feature for uninterrupted business operations. Tenants at 500 Park Avenue enjoy access to a high-end roster of neighboring businesses and an exclusive on-site amenity: a 55-seat presentation or theatre-style facility. This versatile space is ideal for town hall meetings, presentations, and collaborative gatherings, making it a standout feature for companies seeking to foster engagement and innovation. Backed by strong institutional, long-term ownership, 500 Park Avenue delivers a blend of historical significance and modern sophistication, making it a premier destination for discerning tenants who value both prestige and functionality.",,,,,Leasing (SL Green),Gary Rosen,gary.rosen@slgreen.com,(212) 216-1687,https://slgreen.com/properties/500-park-avenue/,2026-07-20T16:36:45+00:00,,,
SL Green,555 West 57th Street,555 West 57th Street,"Located between 10th and 11th Avenues, 555 West 57th Street offers the ideal place for a corporate headquarters with commanding panoramic views of the Hudson River and the Manhattan skyline. The 20-story building has been modernized from top to bottom with newly completed entrances, an outdoor plaza area, hallways, and bathrooms. A striking new linear fin system has been added to the base floors of the building by BMW, which holds both retail and office space within the building. Close to Columbus Circle, Lincoln Center, and major transportation hubs, 555 West 57th Street is in the heart of one of the West Side’s most dynamic neighborhoods. 555 West 57th was designed in 1973 by the firm of Eggers & Higgins, successors to the famed architectural practice of John Russell Pope; after Pope’s death, the firm was responsible for the completion of his key late works, including the Jefferson Memorial and the original building of the National Gallery in Washington DC. They also outfitted two of the most magnificent ocean liners of the 20th Century, the SS America and the SS United States, the latter still extant in Philadelphia and the focus of a restoration plan. The building was known as the Ford Motors Building because the car manufacturer occupied a spacious showroom on the ground floor that’s now occupied by BMW. An elegant cubistic structure that grows taller as the street descends to the west, 555 West 57th is a serene and understated classic of postwar international architecture.",Office,Entire 5th Floor,55503,,Leasing (SL Green),Larry Swiger,larry.swiger@slgreen.com,(212) 216-1628,https://slgreen.com/properties/555-west-57th-street/,2026-07-20T16:36:45+00:00,,,
SL Green,555 West 57th Street,555 West 57th Street,"Located between 10th and 11th Avenues, 555 West 57th Street offers the ideal place for a corporate headquarters with commanding panoramic views of the Hudson River and the Manhattan skyline. The 20-story building has been modernized from top to bottom with newly completed entrances, an outdoor plaza area, hallways, and bathrooms. A striking new linear fin system has been added to the base floors of the building by BMW, which holds both retail and office space within the building. Close to Columbus Circle, Lincoln Center, and major transportation hubs, 555 West 57th Street is in the heart of one of the West Side’s most dynamic neighborhoods. 555 West 57th was designed in 1973 by the firm of Eggers & Higgins, successors to the famed architectural practice of John Russell Pope; after Pope’s death, the firm was responsible for the completion of his key late works, including the Jefferson Memorial and the original building of the National Gallery in Washington DC. They also outfitted two of the most magnificent ocean liners of the 20th Century, the SS America and the SS United States, the latter still extant in Philadelphia and the focus of a restoration plan. The building was known as the Ford Motors Building because the car manufacturer occupied a spacious showroom on the ground floor that’s now occupied by BMW. An elegant cubistic structure that grows taller as the street descends to the west, 555 West 57th is a serene and understated classic of postwar international architecture.",Office,800A,36893,,Leasing (SL Green),Larry Swiger,larry.swiger@slgreen.com,(212) 216-1628,https://slgreen.com/properties/555-west-57th-street/,2026-07-20T16:36:45+00:00,,,
SL Green,555 West 57th Street,555 West 57th Street,"Located between 10th and 11th Avenues, 555 West 57th Street offers the ideal place for a corporate headquarters with commanding panoramic views of the Hudson River and the Manhattan skyline. The 20-story building has been modernized from top to bottom with newly completed entrances, an outdoor plaza area, hallways, and bathrooms. A striking new linear fin system has been added to the base floors of the building by BMW, which holds both retail and office space within the building. Close to Columbus Circle, Lincoln Center, and major transportation hubs, 555 West 57th Street is in the heart of one of the West Side’s most dynamic neighborhoods. 555 West 57th was designed in 1973 by the firm of Eggers & Higgins, successors to the famed architectural practice of John Russell Pope; after Pope’s death, the firm was responsible for the completion of his key late works, including the Jefferson Memorial and the original building of the National Gallery in Washington DC. They also outfitted two of the most magnificent ocean liners of the 20th Century, the SS America and the SS United States, the latter still extant in Philadelphia and the focus of a restoration plan. The building was known as the Ford Motors Building because the car manufacturer occupied a spacious showroom on the ground floor that’s now occupied by BMW. An elegant cubistic structure that grows taller as the street descends to the west, 555 West 57th is a serene and understated classic of postwar international architecture.",Office,800B,19820,,Leasing (SL Green),Larry Swiger,larry.swiger@slgreen.com,(212) 216-1628,https://slgreen.com/properties/555-west-57th-street/,2026-07-20T16:36:45+00:00,,,
SL Green,555 West 57th Street,555 West 57th Street,"Located between 10th and 11th Avenues, 555 West 57th Street offers the ideal place for a corporate headquarters with commanding panoramic views of the Hudson River and the Manhattan skyline. The 20-story building has been modernized from top to bottom with newly completed entrances, an outdoor plaza area, hallways, and bathrooms. A striking new linear fin system has been added to the base floors of the building by BMW, which holds both retail and office space within the building. Close to Columbus Circle, Lincoln Center, and major transportation hubs, 555 West 57th Street is in the heart of one of the West Side’s most dynamic neighborhoods. 555 West 57th was designed in 1973 by the firm of Eggers & Higgins, successors to the famed architectural practice of John Russell Pope; after Pope’s death, the firm was responsible for the completion of his key late works, including the Jefferson Memorial and the original building of the National Gallery in Washington DC. They also outfitted two of the most magnificent ocean liners of the 20th Century, the SS America and the SS United States, the latter still extant in Philadelphia and the focus of a restoration plan. The building was known as the Ford Motors Building because the car manufacturer occupied a spacious showroom on the ground floor that’s now occupied by BMW. An elegant cubistic structure that grows taller as the street descends to the west, 555 West 57th is a serene and understated classic of postwar international architecture.",Office,Entire 9th Floor,54693,,Leasing (SL Green),Larry Swiger,larry.swiger@slgreen.com,(212) 216-1628,https://slgreen.com/properties/555-west-57th-street/,2026-07-20T16:36:45+00:00,,,
SL Green,555 West 57th Street,555 West 57th Street,"Located between 10th and 11th Avenues, 555 West 57th Street offers the ideal place for a corporate headquarters with commanding panoramic views of the Hudson River and the Manhattan skyline. The 20-story building has been modernized from top to bottom with newly completed entrances, an outdoor plaza area, hallways, and bathrooms. A striking new linear fin system has been added to the base floors of the building by BMW, which holds both retail and office space within the building. Close to Columbus Circle, Lincoln Center, and major transportation hubs, 555 West 57th Street is in the heart of one of the West Side’s most dynamic neighborhoods. 555 West 57th was designed in 1973 by the firm of Eggers & Higgins, successors to the famed architectural practice of John Russell Pope; after Pope’s death, the firm was responsible for the completion of his key late works, including the Jefferson Memorial and the original building of the National Gallery in Washington DC. They also outfitted two of the most magnificent ocean liners of the 20th Century, the SS America and the SS United States, the latter still extant in Philadelphia and the focus of a restoration plan. The building was known as the Ford Motors Building because the car manufacturer occupied a spacious showroom on the ground floor that’s now occupied by BMW. An elegant cubistic structure that grows taller as the street descends to the west, 555 West 57th is a serene and understated classic of postwar international architecture.",Office,1002,22243,,Leasing (SL Green),Larry Swiger,larry.swiger@slgreen.com,(212) 216-1628,https://slgreen.com/properties/555-west-57th-street/,2026-07-20T16:36:45+00:00,,,
SL Green,555 West 57th Street,555 West 57th Street,"Located between 10th and 11th Avenues, 555 West 57th Street offers the ideal place for a corporate headquarters with commanding panoramic views of the Hudson River and the Manhattan skyline. The 20-story building has been modernized from top to bottom with newly completed entrances, an outdoor plaza area, hallways, and bathrooms. A striking new linear fin system has been added to the base floors of the building by BMW, which holds both retail and office space within the building. Close to Columbus Circle, Lincoln Center, and major transportation hubs, 555 West 57th Street is in the heart of one of the West Side’s most dynamic neighborhoods. 555 West 57th was designed in 1973 by the firm of Eggers & Higgins, successors to the famed architectural practice of John Russell Pope; after Pope’s death, the firm was responsible for the completion of his key late works, including the Jefferson Memorial and the original building of the National Gallery in Washington DC. They also outfitted two of the most magnificent ocean liners of the 20th Century, the SS America and the SS United States, the latter still extant in Philadelphia and the focus of a restoration plan. The building was known as the Ford Motors Building because the car manufacturer occupied a spacious showroom on the ground floor that’s now occupied by BMW. An elegant cubistic structure that grows taller as the street descends to the west, 555 West 57th is a serene and understated classic of postwar international architecture.",Office,1101A,14019,,Leasing (SL Green),Larry Swiger,larry.swiger@slgreen.com,(212) 216-1628,https://slgreen.com/properties/555-west-57th-street/,2026-07-20T16:36:45+00:00,,,
SL Green,555 West 57th Street,555 West 57th Street,"Located between 10th and 11th Avenues, 555 West 57th Street offers the ideal place for a corporate headquarters with commanding panoramic views of the Hudson River and the Manhattan skyline. The 20-story building has been modernized from top to bottom with newly completed entrances, an outdoor plaza area, hallways, and bathrooms. A striking new linear fin system has been added to the base floors of the building by BMW, which holds both retail and office space within the building. Close to Columbus Circle, Lincoln Center, and major transportation hubs, 555 West 57th Street is in the heart of one of the West Side’s most dynamic neighborhoods. 555 West 57th was designed in 1973 by the firm of Eggers & Higgins, successors to the famed architectural practice of John Russell Pope; after Pope’s death, the firm was responsible for the completion of his key late works, including the Jefferson Memorial and the original building of the National Gallery in Washington DC. They also outfitted two of the most magnificent ocean liners of the 20th Century, the SS America and the SS United States, the latter still extant in Philadelphia and the focus of a restoration plan. The building was known as the Ford Motors Building because the car manufacturer occupied a spacious showroom on the ground floor that’s now occupied by BMW. An elegant cubistic structure that grows taller as the street descends to the west, 555 West 57th is a serene and understated classic of postwar international architecture.",Office,1300,36177,,Leasing (SL Green),Larry Swiger,larry.swiger@slgreen.com,(212) 216-1628,https://slgreen.com/properties/555-west-57th-street/,2026-07-20T16:36:45+00:00,,,
SL Green,555 West 57th Street,555 West 57th Street,"Located between 10th and 11th Avenues, 555 West 57th Street offers the ideal place for a corporate headquarters with commanding panoramic views of the Hudson River and the Manhattan skyline. The 20-story building has been modernized from top to bottom with newly completed entrances, an outdoor plaza area, hallways, and bathrooms. A striking new linear fin system has been added to the base floors of the building by BMW, which holds both retail and office space within the building. Close to Columbus Circle, Lincoln Center, and major transportation hubs, 555 West 57th Street is in the heart of one of the West Side’s most dynamic neighborhoods. 555 West 57th was designed in 1973 by the firm of Eggers & Higgins, successors to the famed architectural practice of John Russell Pope; after Pope’s death, the firm was responsible for the completion of his key late works, including the Jefferson Memorial and the original building of the National Gallery in Washington DC. They also outfitted two of the most magnificent ocean liners of the 20th Century, the SS America and the SS United States, the latter still extant in Philadelphia and the focus of a restoration plan. The building was known as the Ford Motors Building because the car manufacturer occupied a spacious showroom on the ground floor that’s now occupied by BMW. An elegant cubistic structure that grows taller as the street descends to the west, 555 West 57th is a serene and understated classic of postwar international architecture.",Office,1327,7532,,Leasing (SL Green),Larry Swiger,larry.swiger@slgreen.com,(212) 216-1628,https://slgreen.com/properties/555-west-57th-street/,2026-07-20T16:36:45+00:00,,,
SL Green,555 West 57th Street,555 West 57th Street,"Located between 10th and 11th Avenues, 555 West 57th Street offers the ideal place for a corporate headquarters with commanding panoramic views of the Hudson River and the Manhattan skyline. The 20-story building has been modernized from top to bottom with newly completed entrances, an outdoor plaza area, hallways, and bathrooms. A striking new linear fin system has been added to the base floors of the building by BMW, which holds both retail and office space within the building. Close to Columbus Circle, Lincoln Center, and major transportation hubs, 555 West 57th Street is in the heart of one of the West Side’s most dynamic neighborhoods. 555 West 57th was designed in 1973 by the firm of Eggers & Higgins, successors to the famed architectural practice of John Russell Pope; after Pope’s death, the firm was responsible for the completion of his key late works, including the Jefferson Memorial and the original building of the National Gallery in Washington DC. They also outfitted two of the most magnificent ocean liners of the 20th Century, the SS America and the SS United States, the latter still extant in Philadelphia and the focus of a restoration plan. The building was known as the Ford Motors Building because the car manufacturer occupied a spacious showroom on the ground floor that’s now occupied by BMW. An elegant cubistic structure that grows taller as the street descends to the west, 555 West 57th is a serene and understated classic of postwar international architecture.",Office,Entire 17th Floor,57438,,Leasing (SL Green),Larry Swiger,larry.swiger@slgreen.com,(212) 216-1628,https://slgreen.com/properties/555-west-57th-street/,2026-07-20T16:36:45+00:00,,,
SL Green,555 West 57th Street,555 West 57th Street,"Located between 10th and 11th Avenues, 555 West 57th Street offers the ideal place for a corporate headquarters with commanding panoramic views of the Hudson River and the Manhattan skyline. The 20-story building has been modernized from top to bottom with newly completed entrances, an outdoor plaza area, hallways, and bathrooms. A striking new linear fin system has been added to the base floors of the building by BMW, which holds both retail and office space within the building. Close to Columbus Circle, Lincoln Center, and major transportation hubs, 555 West 57th Street is in the heart of one of the West Side’s most dynamic neighborhoods. 555 West 57th was designed in 1973 by the firm of Eggers & Higgins, successors to the famed architectural practice of John Russell Pope; after Pope’s death, the firm was responsible for the completion of his key late works, including the Jefferson Memorial and the original building of the National Gallery in Washington DC. They also outfitted two of the most magnificent ocean liners of the 20th Century, the SS America and the SS United States, the latter still extant in Philadelphia and the focus of a restoration plan. The building was known as the Ford Motors Building because the car manufacturer occupied a spacious showroom on the ground floor that’s now occupied by BMW. An elegant cubistic structure that grows taller as the street descends to the west, 555 West 57th is a serene and understated classic of postwar international architecture.",Office,Entire 18th Floor,57438,,Leasing (SL Green),Larry Swiger,larry.swiger@slgreen.com,(212) 216-1628,https://slgreen.com/properties/555-west-57th-street/,2026-07-20T16:36:45+00:00,,,
SL Green,555 West 57th Street,555 West 57th Street,"Located between 10th and 11th Avenues, 555 West 57th Street offers the ideal place for a corporate headquarters with commanding panoramic views of the Hudson River and the Manhattan skyline. The 20-story building has been modernized from top to bottom with newly completed entrances, an outdoor plaza area, hallways, and bathrooms. A striking new linear fin system has been added to the base floors of the building by BMW, which holds both retail and office space within the building. Close to Columbus Circle, Lincoln Center, and major transportation hubs, 555 West 57th Street is in the heart of one of the West Side’s most dynamic neighborhoods. 555 West 57th was designed in 1973 by the firm of Eggers & Higgins, successors to the famed architectural practice of John Russell Pope; after Pope’s death, the firm was responsible for the completion of his key late works, including the Jefferson Memorial and the original building of the National Gallery in Washington DC. They also outfitted two of the most magnificent ocean liners of the 20th Century, the SS America and the SS United States, the latter still extant in Philadelphia and the focus of a restoration plan. The building was known as the Ford Motors Building because the car manufacturer occupied a spacious showroom on the ground floor that’s now occupied by BMW. An elegant cubistic structure that grows taller as the street descends to the west, 555 West 57th is a serene and understated classic of postwar international architecture.",Office,Entire 19th Floor,57438,,Leasing (SL Green),Larry Swiger,larry.swiger@slgreen.com,(212) 216-1628,https://slgreen.com/properties/555-west-57th-street/,2026-07-20T16:36:45+00:00,,,
SL Green,555 West 57th Street,555 West 57th Street,"Located between 10th and 11th Avenues, 555 West 57th Street offers the ideal place for a corporate headquarters with commanding panoramic views of the Hudson River and the Manhattan skyline. The 20-story building has been modernized from top to bottom with newly completed entrances, an outdoor plaza area, hallways, and bathrooms. A striking new linear fin system has been added to the base floors of the building by BMW, which holds both retail and office space within the building. Close to Columbus Circle, Lincoln Center, and major transportation hubs, 555 West 57th Street is in the heart of one of the West Side’s most dynamic neighborhoods. 555 West 57th was designed in 1973 by the firm of Eggers & Higgins, successors to the famed architectural practice of John Russell Pope; after Pope’s death, the firm was responsible for the completion of his key late works, including the Jefferson Memorial and the original building of the National Gallery in Washington DC. They also outfitted two of the most magnificent ocean liners of the 20th Century, the SS America and the SS United States, the latter still extant in Philadelphia and the focus of a restoration plan. The building was known as the Ford Motors Building because the car manufacturer occupied a spacious showroom on the ground floor that’s now occupied by BMW. An elegant cubistic structure that grows taller as the street descends to the west, 555 West 57th is a serene and understated classic of postwar international architecture.",Office,,56713,,Leasing (SL Green),Larry Swiger,larry.swiger@slgreen.com,(212) 216-1628,https://slgreen.com/properties/555-west-57th-street/,2026-07-20T16:36:45+00:00,,,
SL Green,555 West 57th Street,555 West 57th Street,"Located between 10th and 11th Avenues, 555 West 57th Street offers the ideal place for a corporate headquarters with commanding panoramic views of the Hudson River and the Manhattan skyline. The 20-story building has been modernized from top to bottom with newly completed entrances, an outdoor plaza area, hallways, and bathrooms. A striking new linear fin system has been added to the base floors of the building by BMW, which holds both retail and office space within the building. Close to Columbus Circle, Lincoln Center, and major transportation hubs, 555 West 57th Street is in the heart of one of the West Side’s most dynamic neighborhoods. 555 West 57th was designed in 1973 by the firm of Eggers & Higgins, successors to the famed architectural practice of John Russell Pope; after Pope’s death, the firm was responsible for the completion of his key late works, including the Jefferson Memorial and the original building of the National Gallery in Washington DC. They also outfitted two of the most magnificent ocean liners of the 20th Century, the SS America and the SS United States, the latter still extant in Philadelphia and the focus of a restoration plan. The building was known as the Ford Motors Building because the car manufacturer occupied a spacious showroom on the ground floor that’s now occupied by BMW. An elegant cubistic structure that grows taller as the street descends to the west, 555 West 57th is a serene and understated classic of postwar international architecture.",Office,,76936,,Leasing (SL Green),Larry Swiger,larry.swiger@slgreen.com,(212) 216-1628,https://slgreen.com/properties/555-west-57th-street/,2026-07-20T16:36:45+00:00,,,
SL Green,555 West 57th Street,555 West 57th Street,"Located between 10th and 11th Avenues, 555 West 57th Street offers the ideal place for a corporate headquarters with commanding panoramic views of the Hudson River and the Manhattan skyline. The 20-story building has been modernized from top to bottom with newly completed entrances, an outdoor plaza area, hallways, and bathrooms. A striking new linear fin system has been added to the base floors of the building by BMW, which holds both retail and office space within the building. Close to Columbus Circle, Lincoln Center, and major transportation hubs, 555 West 57th Street is in the heart of one of the West Side’s most dynamic neighborhoods. 555 West 57th was designed in 1973 by the firm of Eggers & Higgins, successors to the famed architectural practice of John Russell Pope; after Pope’s death, the firm was responsible for the completion of his key late works, including the Jefferson Memorial and the original building of the National Gallery in Washington DC. They also outfitted two of the most magnificent ocean liners of the 20th Century, the SS America and the SS United States, the latter still extant in Philadelphia and the focus of a restoration plan. The building was known as the Ford Motors Building because the car manufacturer occupied a spacious showroom on the ground floor that’s now occupied by BMW. An elegant cubistic structure that grows taller as the street descends to the west, 555 West 57th is a serene and understated classic of postwar international architecture.",Office,,172314,,Leasing (SL Green),Larry Swiger,larry.swiger@slgreen.com,(212) 216-1628,https://slgreen.com/properties/555-west-57th-street/,2026-07-20T16:36:45+00:00,,,
SL Green,65 East 55th Street,65 East 55th Street,"Park Avenue Tower occupies one of Midtown’s premier addresses in the Plaza District, just steps from Grand Central Terminal’s northern entrance and moments from Central Park. Here, exceptional connectivity converges with elevated workspace, surrounded by world-class retail, fine dining and luxury hotels. A refreshed lobby and outdoor plaza welcome you from the moment you arrive. Inside, modern pre-built spaces deliver both flexibility and polish. The building’s refined amenities are designed for the demands of the modern workday: a wellness and fitness center to keep you energized, executive conference rooms with full catering services for client meetings that impress, and lounge seating throughout where you can recharge, collaborate, or absorb the dynamic energy of Midtown at its finest.",Office,2050,11140,,Leasing (SL Green),Howard Tenenbaum,howard.tenenbaum@slgreen.com,(212) 216-1685,https://slgreen.com/properties/65-east-55th-street/,2026-07-20T16:36:45+00:00,,,
SL Green,65 East 55th Street,65 East 55th Street,"Park Avenue Tower occupies one of Midtown’s premier addresses in the Plaza District, just steps from Grand Central Terminal’s northern entrance and moments from Central Park. Here, exceptional connectivity converges with elevated workspace, surrounded by world-class retail, fine dining and luxury hotels. A refreshed lobby and outdoor plaza welcome you from the moment you arrive. Inside, modern pre-built spaces deliver both flexibility and polish. The building’s refined amenities are designed for the demands of the modern workday: a wellness and fitness center to keep you energized, executive conference rooms with full catering services for client meetings that impress, and lounge seating throughout where you can recharge, collaborate, or absorb the dynamic energy of Midtown at its finest.",Office,2115,4571,,Leasing (SL Green),Howard Tenenbaum,howard.tenenbaum@slgreen.com,(212) 216-1685,https://slgreen.com/properties/65-east-55th-street/,2026-07-20T16:36:45+00:00,,,
SL Green,65 East 55th Street,65 East 55th Street,"Park Avenue Tower occupies one of Midtown’s premier addresses in the Plaza District, just steps from Grand Central Terminal’s northern entrance and moments from Central Park. Here, exceptional connectivity converges with elevated workspace, surrounded by world-class retail, fine dining and luxury hotels. A refreshed lobby and outdoor plaza welcome you from the moment you arrive. Inside, modern pre-built spaces deliver both flexibility and polish. The building’s refined amenities are designed for the demands of the modern workday: a wellness and fitness center to keep you energized, executive conference rooms with full catering services for client meetings that impress, and lounge seating throughout where you can recharge, collaborate, or absorb the dynamic energy of Midtown at its finest.",Office,Entire 22nd Floor,16855,,Leasing (SL Green),Howard Tenenbaum,howard.tenenbaum@slgreen.com,(212) 216-1685,https://slgreen.com/properties/65-east-55th-street/,2026-07-20T16:36:45+00:00,,,
SL Green,65 East 55th Street,65 East 55th Street,"Park Avenue Tower occupies one of Midtown’s premier addresses in the Plaza District, just steps from Grand Central Terminal’s northern entrance and moments from Central Park. Here, exceptional connectivity converges with elevated workspace, surrounded by world-class retail, fine dining and luxury hotels. A refreshed lobby and outdoor plaza welcome you from the moment you arrive. Inside, modern pre-built spaces deliver both flexibility and polish. The building’s refined amenities are designed for the demands of the modern workday: a wellness and fitness center to keep you energized, executive conference rooms with full catering services for client meetings that impress, and lounge seating throughout where you can recharge, collaborate, or absorb the dynamic energy of Midtown at its finest.",Office,3504,3153,,Leasing (SL Green),Howard Tenenbaum,howard.tenenbaum@slgreen.com,(212) 216-1685,https://slgreen.com/properties/65-east-55th-street/,2026-07-20T16:36:45+00:00,,,
SL Green,711 Third Avenue,711 Third Avenue,"711 Third Avenue is situated between 44th and 45th Streets, one block east of Grand Central Terminal. Designed by William Lescaze & Associates, this classic mid-century modern building features a celebrated original mosaic mural designed by the famous Abstract Expressionist Hans Hofmann, installed when the building was constructed in 1956. 711 Third Avenue was raised to contemporary office standards in 2010 with a gallery-style lobby that showcases Greek Thassos white marble and grey-blue de Savoi marble. New elevator cabs, windows, corridors, and restrooms round out the elegant renovation. The building also includes a three-level 165-car parking garage with access on 44th and 45th Streets. 711 Third Avenue received the ENERGY STAR label which designates it as one of the most efficient buildings nationwide. 711 Third Avenue is an important work by the architecture firm William Lescaze, a major figure in early Modernist architecture in America. Swiss-born, Lescaze’s first major commission was the celebrated PSFS Building for the Philadelphia Savings Fund Society, which he designed in 1932 in partnership with Philadelphia architect George Howe and was considered the first true International Style skyscraper in the world. Created for the developer and art collector William Kaufman, 711 Third Avenue was the first major postwar project on Third Avenue and was one of several that Kaufman would construct along what was then seen as a seedy district, overshadowed by the infamous Third Avenue elevated railway. Kaufman was so confident that Third Avenue would become a major office corridor he began construction of 711 Third before the elevated railway was demolished. Treated by Lescaze as an extraordinary stacked cubist sculpture, the base of the building features horizontal bands of ribbon windows and brickwork while the upper stories are set back from the main base and are finished in elegant charcoal-gray brick. The lobby’s mosaic mural is by Hans Hoffman, a German-born American artist whose work both prefigured and influenced Abstract Expressionism. Characteristic of Hoffman’s belief in color, form and texture, the boldly conceived work sheathes the elevator banks in a dazzling array of reds, blues, greens and yellows, one of Hoffman’s few designs in this medium and at this scale. SL Green restored 711 Third Avenue, returning it to its origin point as the premiere skyscraper on Third Avenue and one of Midtown’s architectural gems.",Office,Entire 6th Floor,49731,,Leasing (SL Green),Gary Rosen,gary.rosen@slgreen.com,(212) 216-1687,https://slgreen.com/properties/711-third-avenue/,2026-07-20T16:36:45+00:00,,,
SL Green,711 Third Avenue,711 Third Avenue,"711 Third Avenue is situated between 44th and 45th Streets, one block east of Grand Central Terminal. Designed by William Lescaze & Associates, this classic mid-century modern building features a celebrated original mosaic mural designed by the famous Abstract Expressionist Hans Hofmann, installed when the building was constructed in 1956. 711 Third Avenue was raised to contemporary office standards in 2010 with a gallery-style lobby that showcases Greek Thassos white marble and grey-blue de Savoi marble. New elevator cabs, windows, corridors, and restrooms round out the elegant renovation. The building also includes a three-level 165-car parking garage with access on 44th and 45th Streets. 711 Third Avenue received the ENERGY STAR label which designates it as one of the most efficient buildings nationwide. 711 Third Avenue is an important work by the architecture firm William Lescaze, a major figure in early Modernist architecture in America. Swiss-born, Lescaze’s first major commission was the celebrated PSFS Building for the Philadelphia Savings Fund Society, which he designed in 1932 in partnership with Philadelphia architect George Howe and was considered the first true International Style skyscraper in the world. Created for the developer and art collector William Kaufman, 711 Third Avenue was the first major postwar project on Third Avenue and was one of several that Kaufman would construct along what was then seen as a seedy district, overshadowed by the infamous Third Avenue elevated railway. Kaufman was so confident that Third Avenue would become a major office corridor he began construction of 711 Third before the elevated railway was demolished. Treated by Lescaze as an extraordinary stacked cubist sculpture, the base of the building features horizontal bands of ribbon windows and brickwork while the upper stories are set back from the main base and are finished in elegant charcoal-gray brick. The lobby’s mosaic mural is by Hans Hoffman, a German-born American artist whose work both prefigured and influenced Abstract Expressionism. Characteristic of Hoffman’s belief in color, form and texture, the boldly conceived work sheathes the elevator banks in a dazzling array of reds, blues, greens and yellows, one of Hoffman’s few designs in this medium and at this scale. SL Green restored 711 Third Avenue, returning it to its origin point as the premiere skyscraper on Third Avenue and one of Midtown’s architectural gems.",Office,705,12860,,Leasing (SL Green),Gary Rosen,gary.rosen@slgreen.com,(212) 216-1687,https://slgreen.com/properties/711-third-avenue/,2026-07-20T16:36:45+00:00,,,
SL Green,711 Third Avenue,711 Third Avenue,"711 Third Avenue is situated between 44th and 45th Streets, one block east of Grand Central Terminal. Designed by William Lescaze & Associates, this classic mid-century modern building features a celebrated original mosaic mural designed by the famous Abstract Expressionist Hans Hofmann, installed when the building was constructed in 1956. 711 Third Avenue was raised to contemporary office standards in 2010 with a gallery-style lobby that showcases Greek Thassos white marble and grey-blue de Savoi marble. New elevator cabs, windows, corridors, and restrooms round out the elegant renovation. The building also includes a three-level 165-car parking garage with access on 44th and 45th Streets. 711 Third Avenue received the ENERGY STAR label which designates it as one of the most efficient buildings nationwide. 711 Third Avenue is an important work by the architecture firm William Lescaze, a major figure in early Modernist architecture in America. Swiss-born, Lescaze’s first major commission was the celebrated PSFS Building for the Philadelphia Savings Fund Society, which he designed in 1932 in partnership with Philadelphia architect George Howe and was considered the first true International Style skyscraper in the world. Created for the developer and art collector William Kaufman, 711 Third Avenue was the first major postwar project on Third Avenue and was one of several that Kaufman would construct along what was then seen as a seedy district, overshadowed by the infamous Third Avenue elevated railway. Kaufman was so confident that Third Avenue would become a major office corridor he began construction of 711 Third before the elevated railway was demolished. Treated by Lescaze as an extraordinary stacked cubist sculpture, the base of the building features horizontal bands of ribbon windows and brickwork while the upper stories are set back from the main base and are finished in elegant charcoal-gray brick. The lobby’s mosaic mural is by Hans Hoffman, a German-born American artist whose work both prefigured and influenced Abstract Expressionism. Characteristic of Hoffman’s belief in color, form and texture, the boldly conceived work sheathes the elevator banks in a dazzling array of reds, blues, greens and yellows, one of Hoffman’s few designs in this medium and at this scale. SL Green restored 711 Third Avenue, returning it to its origin point as the premiere skyscraper on Third Avenue and one of Midtown’s architectural gems.",Office,1501,5443,,Leasing (SL Green),Gary Rosen,gary.rosen@slgreen.com,(212) 216-1687,https://slgreen.com/properties/711-third-avenue/,2026-07-20T16:36:45+00:00,,,
SL Green,711 Third Avenue,711 Third Avenue,"711 Third Avenue is situated between 44th and 45th Streets, one block east of Grand Central Terminal. Designed by William Lescaze & Associates, this classic mid-century modern building features a celebrated original mosaic mural designed by the famous Abstract Expressionist Hans Hofmann, installed when the building was constructed in 1956. 711 Third Avenue was raised to contemporary office standards in 2010 with a gallery-style lobby that showcases Greek Thassos white marble and grey-blue de Savoi marble. New elevator cabs, windows, corridors, and restrooms round out the elegant renovation. The building also includes a three-level 165-car parking garage with access on 44th and 45th Streets. 711 Third Avenue received the ENERGY STAR label which designates it as one of the most efficient buildings nationwide. 711 Third Avenue is an important work by the architecture firm William Lescaze, a major figure in early Modernist architecture in America. Swiss-born, Lescaze’s first major commission was the celebrated PSFS Building for the Philadelphia Savings Fund Society, which he designed in 1932 in partnership with Philadelphia architect George Howe and was considered the first true International Style skyscraper in the world. Created for the developer and art collector William Kaufman, 711 Third Avenue was the first major postwar project on Third Avenue and was one of several that Kaufman would construct along what was then seen as a seedy district, overshadowed by the infamous Third Avenue elevated railway. Kaufman was so confident that Third Avenue would become a major office corridor he began construction of 711 Third before the elevated railway was demolished. Treated by Lescaze as an extraordinary stacked cubist sculpture, the base of the building features horizontal bands of ribbon windows and brickwork while the upper stories are set back from the main base and are finished in elegant charcoal-gray brick. The lobby’s mosaic mural is by Hans Hoffman, a German-born American artist whose work both prefigured and influenced Abstract Expressionism. Characteristic of Hoffman’s belief in color, form and texture, the boldly conceived work sheathes the elevator banks in a dazzling array of reds, blues, greens and yellows, one of Hoffman’s few designs in this medium and at this scale. SL Green restored 711 Third Avenue, returning it to its origin point as the premiere skyscraper on Third Avenue and one of Midtown’s architectural gems.",Office,,62591,,Leasing (SL Green),Gary Rosen,gary.rosen@slgreen.com,(212) 216-1687,https://slgreen.com/properties/711-third-avenue/,2026-07-20T16:36:45+00:00,,,
SL Green,750 Third Avenue,750 Third Avenue,"750 Third Avenue is a 35-story tower that spans a full block front of Third Avenue between 46th and 47th Streets. Constructed in 1958 by distinguished architectural firm Emery Roth & Sons, the building showcases a four-story atrium entrance composed of marble and granite. Premium boutique tower floors feature views of the East River. The expansive base floors are capable of accommodating tenants across multiple service line. 750 Third Avenue also features an abundance of amenities, including Saturday HVAC hours and a 100-car on-site parking garage. The building’s proximity to Grand Central Terminal provides access to multiple subway lines, Metro North and Long Island Railroad, making it one of the most convenient locations in the city. 750 Third Avenue was at the cutting edge of New York City architecture when it debuted in 1958 and remains an excellent example of the mid-century corporate modernism that was popular on Park Avenue north of Grand Central. Taking its cues from other designs of the period, 750 Third Avenue stands as an object in space with its various setbacks introducing a cascading effect, while the upward sweep of the vertical steel beams makes the building’s mass appear to dematerialize. Prior to the 1950s, Third Avenue was dominated by the famed IRT Third Avenue Line – better known as the Third Avenue El. Closed and dismantled on Third Avenue by 1955, the removal of the El stimulated the reinvention of the district and the coming of designs like the one used for 750 Third Avenue, featuring abundant sunlight and views of the street.",,,,,Leasing (SL Green),David Kaufman,david.kaufman@slgreen.com,(212) 356-4104,https://slgreen.com/properties/750-third-avenue/,2026-07-20T16:36:45+00:00,,,
SL Green,800 Third Avenue,800 Third Avenue,"800 Third Avenue is a 41-story glass and steel office tower located between 49th and 50th Streets on the east side of Midtown Manhattan, located just steps from Grand Central Terminal and the 4, 5, 6, E, and M subway lines. The boutique tower features sweeping Manhattan and East River views and attracts an impressive tenant roster including Renaissance Technologies and Van Wagner Communications. 800 Third was designed by Emery Roth & Sons. Completed in 1972, it epitomizes the International style developed during the postwar period and features a handsome arcaded entrance, an ample setback from the street and a customized sidewalk that serves as a plaza. The building was originally known as the North American Plywood Building. In addition to the neighborhood’s many conveniences, the famed steakhouse Smith & Wollensky is located across the street, having opened just five years after 800 Third in 1977.",Office,901,8447,,Leasing (SL Green),Larry Swiger,larry.swiger@slgreen.com,(212) 216-1628,https://slgreen.com/properties/800-third-avenue/,2026-07-20T16:36:45+00:00,,,
SL Green,800 Third Avenue,800 Third Avenue,"800 Third Avenue is a 41-story glass and steel office tower located between 49th and 50th Streets on the east side of Midtown Manhattan, located just steps from Grand Central Terminal and the 4, 5, 6, E, and M subway lines. The boutique tower features sweeping Manhattan and East River views and attracts an impressive tenant roster including Renaissance Technologies and Van Wagner Communications. 800 Third was designed by Emery Roth & Sons. Completed in 1972, it epitomizes the International style developed during the postwar period and features a handsome arcaded entrance, an ample setback from the street and a customized sidewalk that serves as a plaza. The building was originally known as the North American Plywood Building. In addition to the neighborhood’s many conveniences, the famed steakhouse Smith & Wollensky is located across the street, having opened just five years after 800 Third in 1977.",Office,Entire 10th Floor,20010,,Leasing (SL Green),Larry Swiger,larry.swiger@slgreen.com,(212) 216-1628,https://slgreen.com/properties/800-third-avenue/,2026-07-20T16:36:45+00:00,,,
SL Green,800 Third Avenue,800 Third Avenue,"800 Third Avenue is a 41-story glass and steel office tower located between 49th and 50th Streets on the east side of Midtown Manhattan, located just steps from Grand Central Terminal and the 4, 5, 6, E, and M subway lines. The boutique tower features sweeping Manhattan and East River views and attracts an impressive tenant roster including Renaissance Technologies and Van Wagner Communications. 800 Third was designed by Emery Roth & Sons. Completed in 1972, it epitomizes the International style developed during the postwar period and features a handsome arcaded entrance, an ample setback from the street and a customized sidewalk that serves as a plaza. The building was originally known as the North American Plywood Building. In addition to the neighborhood’s many conveniences, the famed steakhouse Smith & Wollensky is located across the street, having opened just five years after 800 Third in 1977.",Office,Entire 11th Floor,20010,,Leasing (SL Green),Larry Swiger,larry.swiger@slgreen.com,(212) 216-1628,https://slgreen.com/properties/800-third-avenue/,2026-07-20T16:36:45+00:00,,,
SL Green,800 Third Avenue,800 Third Avenue,"800 Third Avenue is a 41-story glass and steel office tower located between 49th and 50th Streets on the east side of Midtown Manhattan, located just steps from Grand Central Terminal and the 4, 5, 6, E, and M subway lines. The boutique tower features sweeping Manhattan and East River views and attracts an impressive tenant roster including Renaissance Technologies and Van Wagner Communications. 800 Third was designed by Emery Roth & Sons. Completed in 1972, it epitomizes the International style developed during the postwar period and features a handsome arcaded entrance, an ample setback from the street and a customized sidewalk that serves as a plaza. The building was originally known as the North American Plywood Building. In addition to the neighborhood’s many conveniences, the famed steakhouse Smith & Wollensky is located across the street, having opened just five years after 800 Third in 1977.",Office,1520,3525,,Leasing (SL Green),Larry Swiger,larry.swiger@slgreen.com,(212) 216-1628,https://slgreen.com/properties/800-third-avenue/,2026-07-20T16:36:45+00:00,,,
SL Green,800 Third Avenue,800 Third Avenue,"800 Third Avenue is a 41-story glass and steel office tower located between 49th and 50th Streets on the east side of Midtown Manhattan, located just steps from Grand Central Terminal and the 4, 5, 6, E, and M subway lines. The boutique tower features sweeping Manhattan and East River views and attracts an impressive tenant roster including Renaissance Technologies and Van Wagner Communications. 800 Third was designed by Emery Roth & Sons. Completed in 1972, it epitomizes the International style developed during the postwar period and features a handsome arcaded entrance, an ample setback from the street and a customized sidewalk that serves as a plaza. The building was originally known as the North American Plywood Building. In addition to the neighborhood’s many conveniences, the famed steakhouse Smith & Wollensky is located across the street, having opened just five years after 800 Third in 1977.",Office,1701,4017,,Leasing (SL Green),Larry Swiger,larry.swiger@slgreen.com,(212) 216-1628,https://slgreen.com/properties/800-third-avenue/,2026-07-20T16:36:45+00:00,,,
SL Green,800 Third Avenue,800 Third Avenue,"800 Third Avenue is a 41-story glass and steel office tower located between 49th and 50th Streets on the east side of Midtown Manhattan, located just steps from Grand Central Terminal and the 4, 5, 6, E, and M subway lines. The boutique tower features sweeping Manhattan and East River views and attracts an impressive tenant roster including Renaissance Technologies and Van Wagner Communications. 800 Third was designed by Emery Roth & Sons. Completed in 1972, it epitomizes the International style developed during the postwar period and features a handsome arcaded entrance, an ample setback from the street and a customized sidewalk that serves as a plaza. The building was originally known as the North American Plywood Building. In addition to the neighborhood’s many conveniences, the famed steakhouse Smith & Wollensky is located across the street, having opened just five years after 800 Third in 1977.",Office,2303,1791,,Leasing (SL Green),Larry Swiger,larry.swiger@slgreen.com,(212) 216-1628,https://slgreen.com/properties/800-third-avenue/,2026-07-20T16:36:45+00:00,,,
SL Green,800 Third Avenue,800 Third Avenue,"800 Third Avenue is a 41-story glass and steel office tower located between 49th and 50th Streets on the east side of Midtown Manhattan, located just steps from Grand Central Terminal and the 4, 5, 6, E, and M subway lines. The boutique tower features sweeping Manhattan and East River views and attracts an impressive tenant roster including Renaissance Technologies and Van Wagner Communications. 800 Third was designed by Emery Roth & Sons. Completed in 1972, it epitomizes the International style developed during the postwar period and features a handsome arcaded entrance, an ample setback from the street and a customized sidewalk that serves as a plaza. The building was originally known as the North American Plywood Building. In addition to the neighborhood’s many conveniences, the famed steakhouse Smith & Wollensky is located across the street, having opened just five years after 800 Third in 1977.",Office,2603,4968,,Leasing (SL Green),Larry Swiger,larry.swiger@slgreen.com,(212) 216-1628,https://slgreen.com/properties/800-third-avenue/,2026-07-20T16:36:45+00:00,,,
SL Green,800 Third Avenue,800 Third Avenue,"800 Third Avenue is a 41-story glass and steel office tower located between 49th and 50th Streets on the east side of Midtown Manhattan, located just steps from Grand Central Terminal and the 4, 5, 6, E, and M subway lines. The boutique tower features sweeping Manhattan and East River views and attracts an impressive tenant roster including Renaissance Technologies and Van Wagner Communications. 800 Third was designed by Emery Roth & Sons. Completed in 1972, it epitomizes the International style developed during the postwar period and features a handsome arcaded entrance, an ample setback from the street and a customized sidewalk that serves as a plaza. The building was originally known as the North American Plywood Building. In addition to the neighborhood’s many conveniences, the famed steakhouse Smith & Wollensky is located across the street, having opened just five years after 800 Third in 1977.",Office,2700,5294,,Leasing (SL Green),Larry Swiger,larry.swiger@slgreen.com,(212) 216-1628,https://slgreen.com/properties/800-third-avenue/,2026-07-20T16:36:45+00:00,,,
SL Green,800 Third Avenue,800 Third Avenue,"800 Third Avenue is a 41-story glass and steel office tower located between 49th and 50th Streets on the east side of Midtown Manhattan, located just steps from Grand Central Terminal and the 4, 5, 6, E, and M subway lines. The boutique tower features sweeping Manhattan and East River views and attracts an impressive tenant roster including Renaissance Technologies and Van Wagner Communications. 800 Third was designed by Emery Roth & Sons. Completed in 1972, it epitomizes the International style developed during the postwar period and features a handsome arcaded entrance, an ample setback from the street and a customized sidewalk that serves as a plaza. The building was originally known as the North American Plywood Building. In addition to the neighborhood’s many conveniences, the famed steakhouse Smith & Wollensky is located across the street, having opened just five years after 800 Third in 1977.",Office,3000,5624,,Leasing (SL Green),Larry Swiger,larry.swiger@slgreen.com,(212) 216-1628,https://slgreen.com/properties/800-third-avenue/,2026-07-20T16:36:45+00:00,,,
SL Green,800 Third Avenue,800 Third Avenue,"800 Third Avenue is a 41-story glass and steel office tower located between 49th and 50th Streets on the east side of Midtown Manhattan, located just steps from Grand Central Terminal and the 4, 5, 6, E, and M subway lines. The boutique tower features sweeping Manhattan and East River views and attracts an impressive tenant roster including Renaissance Technologies and Van Wagner Communications. 800 Third was designed by Emery Roth & Sons. Completed in 1972, it epitomizes the International style developed during the postwar period and features a handsome arcaded entrance, an ample setback from the street and a customized sidewalk that serves as a plaza. The building was originally known as the North American Plywood Building. In addition to the neighborhood’s many conveniences, the famed steakhouse Smith & Wollensky is located across the street, having opened just five years after 800 Third in 1977.",Office,3010,6236,,Leasing (SL Green),Larry Swiger,larry.swiger@slgreen.com,(212) 216-1628,https://slgreen.com/properties/800-third-avenue/,2026-07-20T16:36:45+00:00,,,
SL Green,800 Third Avenue,800 Third Avenue,"800 Third Avenue is a 41-story glass and steel office tower located between 49th and 50th Streets on the east side of Midtown Manhattan, located just steps from Grand Central Terminal and the 4, 5, 6, E, and M subway lines. The boutique tower features sweeping Manhattan and East River views and attracts an impressive tenant roster including Renaissance Technologies and Van Wagner Communications. 800 Third was designed by Emery Roth & Sons. Completed in 1972, it epitomizes the International style developed during the postwar period and features a handsome arcaded entrance, an ample setback from the street and a customized sidewalk that serves as a plaza. The building was originally known as the North American Plywood Building. In addition to the neighborhood’s many conveniences, the famed steakhouse Smith & Wollensky is located across the street, having opened just five years after 800 Third in 1977.",Office,3102,6754,,Leasing (SL Green),Larry Swiger,larry.swiger@slgreen.com,(212) 216-1628,https://slgreen.com/properties/800-third-avenue/,2026-07-20T16:36:45+00:00,,,
SL Green,800 Third Avenue,800 Third Avenue,"800 Third Avenue is a 41-story glass and steel office tower located between 49th and 50th Streets on the east side of Midtown Manhattan, located just steps from Grand Central Terminal and the 4, 5, 6, E, and M subway lines. The boutique tower features sweeping Manhattan and East River views and attracts an impressive tenant roster including Renaissance Technologies and Van Wagner Communications. 800 Third was designed by Emery Roth & Sons. Completed in 1972, it epitomizes the International style developed during the postwar period and features a handsome arcaded entrance, an ample setback from the street and a customized sidewalk that serves as a plaza. The building was originally known as the North American Plywood Building. In addition to the neighborhood’s many conveniences, the famed steakhouse Smith & Wollensky is located across the street, having opened just five years after 800 Third in 1977.",Office,Entire 32nd Floor,11860,,Leasing (SL Green),Larry Swiger,larry.swiger@slgreen.com,(212) 216-1628,https://slgreen.com/properties/800-third-avenue/,2026-07-20T16:36:45+00:00,,,
SL Green,800 Third Avenue,800 Third Avenue,"800 Third Avenue is a 41-story glass and steel office tower located between 49th and 50th Streets on the east side of Midtown Manhattan, located just steps from Grand Central Terminal and the 4, 5, 6, E, and M subway lines. The boutique tower features sweeping Manhattan and East River views and attracts an impressive tenant roster including Renaissance Technologies and Van Wagner Communications. 800 Third was designed by Emery Roth & Sons. Completed in 1972, it epitomizes the International style developed during the postwar period and features a handsome arcaded entrance, an ample setback from the street and a customized sidewalk that serves as a plaza. The building was originally known as the North American Plywood Building. In addition to the neighborhood’s many conveniences, the famed steakhouse Smith & Wollensky is located across the street, having opened just five years after 800 Third in 1977.",Office,Entire 33rd Floor,11860,,Leasing (SL Green),Larry Swiger,larry.swiger@slgreen.com,(212) 216-1628,https://slgreen.com/properties/800-third-avenue/,2026-07-20T16:36:45+00:00,,,
SL Green,800 Third Avenue,800 Third Avenue,"800 Third Avenue is a 41-story glass and steel office tower located between 49th and 50th Streets on the east side of Midtown Manhattan, located just steps from Grand Central Terminal and the 4, 5, 6, E, and M subway lines. The boutique tower features sweeping Manhattan and East River views and attracts an impressive tenant roster including Renaissance Technologies and Van Wagner Communications. 800 Third was designed by Emery Roth & Sons. Completed in 1972, it epitomizes the International style developed during the postwar period and features a handsome arcaded entrance, an ample setback from the street and a customized sidewalk that serves as a plaza. The building was originally known as the North American Plywood Building. In addition to the neighborhood’s many conveniences, the famed steakhouse Smith & Wollensky is located across the street, having opened just five years after 800 Third in 1977.",Office,Entire 34th Floor,11860,,Leasing (SL Green),Larry Swiger,larry.swiger@slgreen.com,(212) 216-1628,https://slgreen.com/properties/800-third-avenue/,2026-07-20T16:36:45+00:00,,,
SL Green,800 Third Avenue,800 Third Avenue,"800 Third Avenue is a 41-story glass and steel office tower located between 49th and 50th Streets on the east side of Midtown Manhattan, located just steps from Grand Central Terminal and the 4, 5, 6, E, and M subway lines. The boutique tower features sweeping Manhattan and East River views and attracts an impressive tenant roster including Renaissance Technologies and Van Wagner Communications. 800 Third was designed by Emery Roth & Sons. Completed in 1972, it epitomizes the International style developed during the postwar period and features a handsome arcaded entrance, an ample setback from the street and a customized sidewalk that serves as a plaza. The building was originally known as the North American Plywood Building. In addition to the neighborhood’s many conveniences, the famed steakhouse Smith & Wollensky is located across the street, having opened just five years after 800 Third in 1977.",Office,3601,6772,,Leasing (SL Green),Larry Swiger,larry.swiger@slgreen.com,(212) 216-1628,https://slgreen.com/properties/800-third-avenue/,2026-07-20T16:36:45+00:00,,,
SL Green,800 Third Avenue,800 Third Avenue,"800 Third Avenue is a 41-story glass and steel office tower located between 49th and 50th Streets on the east side of Midtown Manhattan, located just steps from Grand Central Terminal and the 4, 5, 6, E, and M subway lines. The boutique tower features sweeping Manhattan and East River views and attracts an impressive tenant roster including Renaissance Technologies and Van Wagner Communications. 800 Third was designed by Emery Roth & Sons. Completed in 1972, it epitomizes the International style developed during the postwar period and features a handsome arcaded entrance, an ample setback from the street and a customized sidewalk that serves as a plaza. The building was originally known as the North American Plywood Building. In addition to the neighborhood’s many conveniences, the famed steakhouse Smith & Wollensky is located across the street, having opened just five years after 800 Third in 1977.",Office,3602,4616,,Leasing (SL Green),Larry Swiger,larry.swiger@slgreen.com,(212) 216-1628,https://slgreen.com/properties/800-third-avenue/,2026-07-20T16:36:45+00:00,,,
SL Green,800 Third Avenue,800 Third Avenue,"800 Third Avenue is a 41-story glass and steel office tower located between 49th and 50th Streets on the east side of Midtown Manhattan, located just steps from Grand Central Terminal and the 4, 5, 6, E, and M subway lines. The boutique tower features sweeping Manhattan and East River views and attracts an impressive tenant roster including Renaissance Technologies and Van Wagner Communications. 800 Third was designed by Emery Roth & Sons. Completed in 1972, it epitomizes the International style developed during the postwar period and features a handsome arcaded entrance, an ample setback from the street and a customized sidewalk that serves as a plaza. The building was originally known as the North American Plywood Building. In addition to the neighborhood’s many conveniences, the famed steakhouse Smith & Wollensky is located across the street, having opened just five years after 800 Third in 1977.",Office,,75600,,Leasing (SL Green),Larry Swiger,larry.swiger@slgreen.com,(212) 216-1628,https://slgreen.com/properties/800-third-avenue/,2026-07-20T16:36:45+00:00,,,
SL Green,800 Third Avenue,800 Third Avenue,"800 Third Avenue is a 41-story glass and steel office tower located between 49th and 50th Streets on the east side of Midtown Manhattan, located just steps from Grand Central Terminal and the 4, 5, 6, E, and M subway lines. The boutique tower features sweeping Manhattan and East River views and attracts an impressive tenant roster including Renaissance Technologies and Van Wagner Communications. 800 Third was designed by Emery Roth & Sons. Completed in 1972, it epitomizes the International style developed during the postwar period and features a handsome arcaded entrance, an ample setback from the street and a customized sidewalk that serves as a plaza. The building was originally known as the North American Plywood Building. In addition to the neighborhood’s many conveniences, the famed steakhouse Smith & Wollensky is located across the street, having opened just five years after 800 Third in 1977.",Office,,11388,,Leasing (SL Green),Larry Swiger,larry.swiger@slgreen.com,(212) 216-1628,https://slgreen.com/properties/800-third-avenue/,2026-07-20T16:36:45+00:00,,,
SL Green,810 Seventh Avenue,810 Seventh Avenue,"810 Seventh Avenue offers exemplary Class A office space with spectacular Central Park and Hudson River views. The building is centrally situated between Times Square, the Plaza District, Columbus Circle, and Central Park, with such landmarks as Carnegie Hall and the Museum of Modern Art blocks away. The neighborhood also features parks, premier retail and dining, and is easily accessible to nine subway lines and six bus routes. 810 Seventh Avenue also boasts a sleek new lobby, tower floors that accommodate six corner offices, highly efficient side core floor plates for flexible layouts, a 200+ on-site parking garage, and recently modernized destination dispatch elevators, corridors, and bathrooms. Additionally, the building is Wired Certified Platinum, and there is on-site catering and a conference center available through Convene. With such amenities, 810 Seventh Avenue is a significant cut above the rest. An elegant example of the international style, 810 Seventh Avenue was designed by the prominent firm Kahn & Jacobs. Using the steel-and-glass aesthetic developed during the postwar period, the building’s architects floated a tower over an anchoring 12-story base, allowing for an unusual and dramatic setback that gives the upper floors the effect of being a freestanding structure on a vast podium. Rising as a modified cruciform, this design provides stunning views of the district. Taking its bronze-and-black palette from such famed architectural classics as the Seagram Building, 810 Seventh Avenue is especially striking at night.",Office,210,11202,,Leasing (SL Green),Larry Swiger,larry.swiger@slgreen.com,(212) 216-1628,https://slgreen.com/properties/810-seventh-avenue/,2026-07-20T16:36:45+00:00,,,
SL Green,810 Seventh Avenue,810 Seventh Avenue,"810 Seventh Avenue offers exemplary Class A office space with spectacular Central Park and Hudson River views. The building is centrally situated between Times Square, the Plaza District, Columbus Circle, and Central Park, with such landmarks as Carnegie Hall and the Museum of Modern Art blocks away. The neighborhood also features parks, premier retail and dining, and is easily accessible to nine subway lines and six bus routes. 810 Seventh Avenue also boasts a sleek new lobby, tower floors that accommodate six corner offices, highly efficient side core floor plates for flexible layouts, a 200+ on-site parking garage, and recently modernized destination dispatch elevators, corridors, and bathrooms. Additionally, the building is Wired Certified Platinum, and there is on-site catering and a conference center available through Convene. With such amenities, 810 Seventh Avenue is a significant cut above the rest. An elegant example of the international style, 810 Seventh Avenue was designed by the prominent firm Kahn & Jacobs. Using the steel-and-glass aesthetic developed during the postwar period, the building’s architects floated a tower over an anchoring 12-story base, allowing for an unusual and dramatic setback that gives the upper floors the effect of being a freestanding structure on a vast podium. Rising as a modified cruciform, this design provides stunning views of the district. Taking its bronze-and-black palette from such famed architectural classics as the Seagram Building, 810 Seventh Avenue is especially striking at night.",Office,300,9572,,Leasing (SL Green),Larry Swiger,larry.swiger@slgreen.com,(212) 216-1628,https://slgreen.com/properties/810-seventh-avenue/,2026-07-20T16:36:45+00:00,,,
SL Green,810 Seventh Avenue,810 Seventh Avenue,"810 Seventh Avenue offers exemplary Class A office space with spectacular Central Park and Hudson River views. The building is centrally situated between Times Square, the Plaza District, Columbus Circle, and Central Park, with such landmarks as Carnegie Hall and the Museum of Modern Art blocks away. The neighborhood also features parks, premier retail and dining, and is easily accessible to nine subway lines and six bus routes. 810 Seventh Avenue also boasts a sleek new lobby, tower floors that accommodate six corner offices, highly efficient side core floor plates for flexible layouts, a 200+ on-site parking garage, and recently modernized destination dispatch elevators, corridors, and bathrooms. Additionally, the building is Wired Certified Platinum, and there is on-site catering and a conference center available through Convene. With such amenities, 810 Seventh Avenue is a significant cut above the rest. An elegant example of the international style, 810 Seventh Avenue was designed by the prominent firm Kahn & Jacobs. Using the steel-and-glass aesthetic developed during the postwar period, the building’s architects floated a tower over an anchoring 12-story base, allowing for an unusual and dramatic setback that gives the upper floors the effect of being a freestanding structure on a vast podium. Rising as a modified cruciform, this design provides stunning views of the district. Taking its bronze-and-black palette from such famed architectural classics as the Seagram Building, 810 Seventh Avenue is especially striking at night.",Office,Entire 4th Floor,22393,,Leasing (SL Green),Larry Swiger,larry.swiger@slgreen.com,(212) 216-1628,https://slgreen.com/properties/810-seventh-avenue/,2026-07-20T16:36:45+00:00,,,
SL Green,810 Seventh Avenue,810 Seventh Avenue,"810 Seventh Avenue offers exemplary Class A office space with spectacular Central Park and Hudson River views. The building is centrally situated between Times Square, the Plaza District, Columbus Circle, and Central Park, with such landmarks as Carnegie Hall and the Museum of Modern Art blocks away. The neighborhood also features parks, premier retail and dining, and is easily accessible to nine subway lines and six bus routes. 810 Seventh Avenue also boasts a sleek new lobby, tower floors that accommodate six corner offices, highly efficient side core floor plates for flexible layouts, a 200+ on-site parking garage, and recently modernized destination dispatch elevators, corridors, and bathrooms. Additionally, the building is Wired Certified Platinum, and there is on-site catering and a conference center available through Convene. With such amenities, 810 Seventh Avenue is a significant cut above the rest. An elegant example of the international style, 810 Seventh Avenue was designed by the prominent firm Kahn & Jacobs. Using the steel-and-glass aesthetic developed during the postwar period, the building’s architects floated a tower over an anchoring 12-story base, allowing for an unusual and dramatic setback that gives the upper floors the effect of being a freestanding structure on a vast podium. Rising as a modified cruciform, this design provides stunning views of the district. Taking its bronze-and-black palette from such famed architectural classics as the Seagram Building, 810 Seventh Avenue is especially striking at night.",Office,Entire 10th Floor,22437,,Leasing (SL Green),Larry Swiger,larry.swiger@slgreen.com,(212) 216-1628,https://slgreen.com/properties/810-seventh-avenue/,2026-07-20T16:36:45+00:00,,,
SL Green,810 Seventh Avenue,810 Seventh Avenue,"810 Seventh Avenue offers exemplary Class A office space with spectacular Central Park and Hudson River views. The building is centrally situated between Times Square, the Plaza District, Columbus Circle, and Central Park, with such landmarks as Carnegie Hall and the Museum of Modern Art blocks away. The neighborhood also features parks, premier retail and dining, and is easily accessible to nine subway lines and six bus routes. 810 Seventh Avenue also boasts a sleek new lobby, tower floors that accommodate six corner offices, highly efficient side core floor plates for flexible layouts, a 200+ on-site parking garage, and recently modernized destination dispatch elevators, corridors, and bathrooms. Additionally, the building is Wired Certified Platinum, and there is on-site catering and a conference center available through Convene. With such amenities, 810 Seventh Avenue is a significant cut above the rest. An elegant example of the international style, 810 Seventh Avenue was designed by the prominent firm Kahn & Jacobs. Using the steel-and-glass aesthetic developed during the postwar period, the building’s architects floated a tower over an anchoring 12-story base, allowing for an unusual and dramatic setback that gives the upper floors the effect of being a freestanding structure on a vast podium. Rising as a modified cruciform, this design provides stunning views of the district. Taking its bronze-and-black palette from such famed architectural classics as the Seagram Building, 810 Seventh Avenue is especially striking at night.",Office,1100C,7112,,Leasing (SL Green),Larry Swiger,larry.swiger@slgreen.com,(212) 216-1628,https://slgreen.com/properties/810-seventh-avenue/,2026-07-20T16:36:45+00:00,,,
SL Green,810 Seventh Avenue,810 Seventh Avenue,"810 Seventh Avenue offers exemplary Class A office space with spectacular Central Park and Hudson River views. The building is centrally situated between Times Square, the Plaza District, Columbus Circle, and Central Park, with such landmarks as Carnegie Hall and the Museum of Modern Art blocks away. The neighborhood also features parks, premier retail and dining, and is easily accessible to nine subway lines and six bus routes. 810 Seventh Avenue also boasts a sleek new lobby, tower floors that accommodate six corner offices, highly efficient side core floor plates for flexible layouts, a 200+ on-site parking garage, and recently modernized destination dispatch elevators, corridors, and bathrooms. Additionally, the building is Wired Certified Platinum, and there is on-site catering and a conference center available through Convene. With such amenities, 810 Seventh Avenue is a significant cut above the rest. An elegant example of the international style, 810 Seventh Avenue was designed by the prominent firm Kahn & Jacobs. Using the steel-and-glass aesthetic developed during the postwar period, the building’s architects floated a tower over an anchoring 12-story base, allowing for an unusual and dramatic setback that gives the upper floors the effect of being a freestanding structure on a vast podium. Rising as a modified cruciform, this design provides stunning views of the district. Taking its bronze-and-black palette from such famed architectural classics as the Seagram Building, 810 Seventh Avenue is especially striking at night.",Office,1901,8634,,Leasing (SL Green),Larry Swiger,larry.swiger@slgreen.com,(212) 216-1628,https://slgreen.com/properties/810-seventh-avenue/,2026-07-20T16:36:45+00:00,,,
SL Green,810 Seventh Avenue,810 Seventh Avenue,"810 Seventh Avenue offers exemplary Class A office space with spectacular Central Park and Hudson River views. The building is centrally situated between Times Square, the Plaza District, Columbus Circle, and Central Park, with such landmarks as Carnegie Hall and the Museum of Modern Art blocks away. The neighborhood also features parks, premier retail and dining, and is easily accessible to nine subway lines and six bus routes. 810 Seventh Avenue also boasts a sleek new lobby, tower floors that accommodate six corner offices, highly efficient side core floor plates for flexible layouts, a 200+ on-site parking garage, and recently modernized destination dispatch elevators, corridors, and bathrooms. Additionally, the building is Wired Certified Platinum, and there is on-site catering and a conference center available through Convene. With such amenities, 810 Seventh Avenue is a significant cut above the rest. An elegant example of the international style, 810 Seventh Avenue was designed by the prominent firm Kahn & Jacobs. Using the steel-and-glass aesthetic developed during the postwar period, the building’s architects floated a tower over an anchoring 12-story base, allowing for an unusual and dramatic setback that gives the upper floors the effect of being a freestanding structure on a vast podium. Rising as a modified cruciform, this design provides stunning views of the district. Taking its bronze-and-black palette from such famed architectural classics as the Seagram Building, 810 Seventh Avenue is especially striking at night.",Office,2005,6042,,Leasing (SL Green),Larry Swiger,larry.swiger@slgreen.com,(212) 216-1628,https://slgreen.com/properties/810-seventh-avenue/,2026-07-20T16:36:45+00:00,,,
SL Green,810 Seventh Avenue,810 Seventh Avenue,"810 Seventh Avenue offers exemplary Class A office space with spectacular Central Park and Hudson River views. The building is centrally situated between Times Square, the Plaza District, Columbus Circle, and Central Park, with such landmarks as Carnegie Hall and the Museum of Modern Art blocks away. The neighborhood also features parks, premier retail and dining, and is easily accessible to nine subway lines and six bus routes. 810 Seventh Avenue also boasts a sleek new lobby, tower floors that accommodate six corner offices, highly efficient side core floor plates for flexible layouts, a 200+ on-site parking garage, and recently modernized destination dispatch elevators, corridors, and bathrooms. Additionally, the building is Wired Certified Platinum, and there is on-site catering and a conference center available through Convene. With such amenities, 810 Seventh Avenue is a significant cut above the rest. An elegant example of the international style, 810 Seventh Avenue was designed by the prominent firm Kahn & Jacobs. Using the steel-and-glass aesthetic developed during the postwar period, the building’s architects floated a tower over an anchoring 12-story base, allowing for an unusual and dramatic setback that gives the upper floors the effect of being a freestanding structure on a vast podium. Rising as a modified cruciform, this design provides stunning views of the district. Taking its bronze-and-black palette from such famed architectural classics as the Seagram Building, 810 Seventh Avenue is especially striking at night.",Office,2201,5317,,Leasing (SL Green),Larry Swiger,larry.swiger@slgreen.com,(212) 216-1628,https://slgreen.com/properties/810-seventh-avenue/,2026-07-20T16:36:45+00:00,,,
SL Green,810 Seventh Avenue,810 Seventh Avenue,"810 Seventh Avenue offers exemplary Class A office space with spectacular Central Park and Hudson River views. The building is centrally situated between Times Square, the Plaza District, Columbus Circle, and Central Park, with such landmarks as Carnegie Hall and the Museum of Modern Art blocks away. The neighborhood also features parks, premier retail and dining, and is easily accessible to nine subway lines and six bus routes. 810 Seventh Avenue also boasts a sleek new lobby, tower floors that accommodate six corner offices, highly efficient side core floor plates for flexible layouts, a 200+ on-site parking garage, and recently modernized destination dispatch elevators, corridors, and bathrooms. Additionally, the building is Wired Certified Platinum, and there is on-site catering and a conference center available through Convene. With such amenities, 810 Seventh Avenue is a significant cut above the rest. An elegant example of the international style, 810 Seventh Avenue was designed by the prominent firm Kahn & Jacobs. Using the steel-and-glass aesthetic developed during the postwar period, the building’s architects floated a tower over an anchoring 12-story base, allowing for an unusual and dramatic setback that gives the upper floors the effect of being a freestanding structure on a vast podium. Rising as a modified cruciform, this design provides stunning views of the district. Taking its bronze-and-black palette from such famed architectural classics as the Seagram Building, 810 Seventh Avenue is especially striking at night.",Office,Entire 25th Floor,17320,,Leasing (SL Green),Larry Swiger,larry.swiger@slgreen.com,(212) 216-1628,https://slgreen.com/properties/810-seventh-avenue/,2026-07-20T16:36:45+00:00,,,
SL Green,825 Eighth Avenue,825 Eighth Avenue,"825 Eighth Avenue, better known as Worldwide Plaza, is one of New York City’s most iconic buildings with a dominant presence on the Manhattan skyline. Occupying the entire block bounded by Eighth Avenue, West 50th Street, Ninth Avenue and West 49th Street, this two-million-square-foot mixed-use complex offers a unique workspace. A 49-story state-of-the-art office tower, Worldwide Plaza stands alongside a curated outdoor plaza and is surrounded by dynamic retail, dining, entertainment and recreational facilities, with on-site parking, fitness center, and five-stage off-broadway theater. Worldwide Plaza received LEED Gold certification in 2012 and has been ENERGY STAR rated since 2010. Designed by David Childs, of the world-renowned architectural firm Skidmore, Owings and Merrell, Worldwide Plaza is one of the most important Postmodern skyscrapers in the world and has been cited as “the first office building of any importance to be built west of Eighth Avenue since Raymond Hood’s McGraw Hill Building in 1931”. Comprised of a granite base, a brick shaft and a striking copper crown, the design references the classic setbacks, materials and coloration of the great Art Deco and Expressionist towers of 1920s and 1930s New York. Inset vertical piers, the use of different colors of brick and capping the building’s crown with an illuminated glass pyramid (nicknamed “David’s Diamond” after the architect) make Worldwide Plaza distinct. Built in 1989, the building faces two residential towers across a public plaza with a fountain designed by Sidney Simon and a unique theater center currently occupied by five off-Broadway companies. The building rises from a site that had been a parking lot since 1968; prior to that, it was the location of the third Madison Square Garden, then home of the New York Rangers, the New York Knicks, and where actress Marilyn Monroe sang “Happy Birthday, Mr. President” to JFK at the latter’s birthday party in 1962. When the building was demolished, the neighborhood rallied to establish height codes – which now ensure that Worldwide Plaza will preserve its stunning views of a classic West Side neighborhood famed for its varied restaurants, street life and proximity to the Theater District.",Office,Partial Lobby/Ground,11806,,Leasing (SL Green),Larry Swiger,larry.swiger@slgreen.com,(212) 216-1628,https://slgreen.com/properties/825-eighth-avenue/,2026-07-20T16:36:45+00:00,,,
SL Green,825 Eighth Avenue,825 Eighth Avenue,"825 Eighth Avenue, better known as Worldwide Plaza, is one of New York City’s most iconic buildings with a dominant presence on the Manhattan skyline. Occupying the entire block bounded by Eighth Avenue, West 50th Street, Ninth Avenue and West 49th Street, this two-million-square-foot mixed-use complex offers a unique workspace. A 49-story state-of-the-art office tower, Worldwide Plaza stands alongside a curated outdoor plaza and is surrounded by dynamic retail, dining, entertainment and recreational facilities, with on-site parking, fitness center, and five-stage off-broadway theater. Worldwide Plaza received LEED Gold certification in 2012 and has been ENERGY STAR rated since 2010. Designed by David Childs, of the world-renowned architectural firm Skidmore, Owings and Merrell, Worldwide Plaza is one of the most important Postmodern skyscrapers in the world and has been cited as “the first office building of any importance to be built west of Eighth Avenue since Raymond Hood’s McGraw Hill Building in 1931”. Comprised of a granite base, a brick shaft and a striking copper crown, the design references the classic setbacks, materials and coloration of the great Art Deco and Expressionist towers of 1920s and 1930s New York. Inset vertical piers, the use of different colors of brick and capping the building’s crown with an illuminated glass pyramid (nicknamed “David’s Diamond” after the architect) make Worldwide Plaza distinct. Built in 1989, the building faces two residential towers across a public plaza with a fountain designed by Sidney Simon and a unique theater center currently occupied by five off-Broadway companies. The building rises from a site that had been a parking lot since 1968; prior to that, it was the location of the third Madison Square Garden, then home of the New York Rangers, the New York Knicks, and where actress Marilyn Monroe sang “Happy Birthday, Mr. President” to JFK at the latter’s birthday party in 1962. When the building was demolished, the neighborhood rallied to establish height codes – which now ensure that Worldwide Plaza will preserve its stunning views of a classic West Side neighborhood famed for its varied restaurants, street life and proximity to the Theater District.",Office,200,12748,,Leasing (SL Green),Larry Swiger,larry.swiger@slgreen.com,(212) 216-1628,https://slgreen.com/properties/825-eighth-avenue/,2026-07-20T16:36:45+00:00,,,
SL Green,825 Eighth Avenue,825 Eighth Avenue,"825 Eighth Avenue, better known as Worldwide Plaza, is one of New York City’s most iconic buildings with a dominant presence on the Manhattan skyline. Occupying the entire block bounded by Eighth Avenue, West 50th Street, Ninth Avenue and West 49th Street, this two-million-square-foot mixed-use complex offers a unique workspace. A 49-story state-of-the-art office tower, Worldwide Plaza stands alongside a curated outdoor plaza and is surrounded by dynamic retail, dining, entertainment and recreational facilities, with on-site parking, fitness center, and five-stage off-broadway theater. Worldwide Plaza received LEED Gold certification in 2012 and has been ENERGY STAR rated since 2010. Designed by David Childs, of the world-renowned architectural firm Skidmore, Owings and Merrell, Worldwide Plaza is one of the most important Postmodern skyscrapers in the world and has been cited as “the first office building of any importance to be built west of Eighth Avenue since Raymond Hood’s McGraw Hill Building in 1931”. Comprised of a granite base, a brick shaft and a striking copper crown, the design references the classic setbacks, materials and coloration of the great Art Deco and Expressionist towers of 1920s and 1930s New York. Inset vertical piers, the use of different colors of brick and capping the building’s crown with an illuminated glass pyramid (nicknamed “David’s Diamond” after the architect) make Worldwide Plaza distinct. Built in 1989, the building faces two residential towers across a public plaza with a fountain designed by Sidney Simon and a unique theater center currently occupied by five off-Broadway companies. The building rises from a site that had been a parking lot since 1968; prior to that, it was the location of the third Madison Square Garden, then home of the New York Rangers, the New York Knicks, and where actress Marilyn Monroe sang “Happy Birthday, Mr. President” to JFK at the latter’s birthday party in 1962. When the building was demolished, the neighborhood rallied to establish height codes – which now ensure that Worldwide Plaza will preserve its stunning views of a classic West Side neighborhood famed for its varied restaurants, street life and proximity to the Theater District.",Office,205,3425,,Leasing (SL Green),Larry Swiger,larry.swiger@slgreen.com,(212) 216-1628,https://slgreen.com/properties/825-eighth-avenue/,2026-07-20T16:36:45+00:00,,,
SL Green,825 Eighth Avenue,825 Eighth Avenue,"825 Eighth Avenue, better known as Worldwide Plaza, is one of New York City’s most iconic buildings with a dominant presence on the Manhattan skyline. Occupying the entire block bounded by Eighth Avenue, West 50th Street, Ninth Avenue and West 49th Street, this two-million-square-foot mixed-use complex offers a unique workspace. A 49-story state-of-the-art office tower, Worldwide Plaza stands alongside a curated outdoor plaza and is surrounded by dynamic retail, dining, entertainment and recreational facilities, with on-site parking, fitness center, and five-stage off-broadway theater. Worldwide Plaza received LEED Gold certification in 2012 and has been ENERGY STAR rated since 2010. Designed by David Childs, of the world-renowned architectural firm Skidmore, Owings and Merrell, Worldwide Plaza is one of the most important Postmodern skyscrapers in the world and has been cited as “the first office building of any importance to be built west of Eighth Avenue since Raymond Hood’s McGraw Hill Building in 1931”. Comprised of a granite base, a brick shaft and a striking copper crown, the design references the classic setbacks, materials and coloration of the great Art Deco and Expressionist towers of 1920s and 1930s New York. Inset vertical piers, the use of different colors of brick and capping the building’s crown with an illuminated glass pyramid (nicknamed “David’s Diamond” after the architect) make Worldwide Plaza distinct. Built in 1989, the building faces two residential towers across a public plaza with a fountain designed by Sidney Simon and a unique theater center currently occupied by five off-Broadway companies. The building rises from a site that had been a parking lot since 1968; prior to that, it was the location of the third Madison Square Garden, then home of the New York Rangers, the New York Knicks, and where actress Marilyn Monroe sang “Happy Birthday, Mr. President” to JFK at the latter’s birthday party in 1962. When the building was demolished, the neighborhood rallied to establish height codes – which now ensure that Worldwide Plaza will preserve its stunning views of a classic West Side neighborhood famed for its varied restaurants, street life and proximity to the Theater District.",Office,Entire 11th Floor,47495,,Leasing (SL Green),Larry Swiger,larry.swiger@slgreen.com,(212) 216-1628,https://slgreen.com/properties/825-eighth-avenue/,2026-07-20T16:36:45+00:00,,,
SL Green,825 Eighth Avenue,825 Eighth Avenue,"825 Eighth Avenue, better known as Worldwide Plaza, is one of New York City’s most iconic buildings with a dominant presence on the Manhattan skyline. Occupying the entire block bounded by Eighth Avenue, West 50th Street, Ninth Avenue and West 49th Street, this two-million-square-foot mixed-use complex offers a unique workspace. A 49-story state-of-the-art office tower, Worldwide Plaza stands alongside a curated outdoor plaza and is surrounded by dynamic retail, dining, entertainment and recreational facilities, with on-site parking, fitness center, and five-stage off-broadway theater. Worldwide Plaza received LEED Gold certification in 2012 and has been ENERGY STAR rated since 2010. Designed by David Childs, of the world-renowned architectural firm Skidmore, Owings and Merrell, Worldwide Plaza is one of the most important Postmodern skyscrapers in the world and has been cited as “the first office building of any importance to be built west of Eighth Avenue since Raymond Hood’s McGraw Hill Building in 1931”. Comprised of a granite base, a brick shaft and a striking copper crown, the design references the classic setbacks, materials and coloration of the great Art Deco and Expressionist towers of 1920s and 1930s New York. Inset vertical piers, the use of different colors of brick and capping the building’s crown with an illuminated glass pyramid (nicknamed “David’s Diamond” after the architect) make Worldwide Plaza distinct. Built in 1989, the building faces two residential towers across a public plaza with a fountain designed by Sidney Simon and a unique theater center currently occupied by five off-Broadway companies. The building rises from a site that had been a parking lot since 1968; prior to that, it was the location of the third Madison Square Garden, then home of the New York Rangers, the New York Knicks, and where actress Marilyn Monroe sang “Happy Birthday, Mr. President” to JFK at the latter’s birthday party in 1962. When the building was demolished, the neighborhood rallied to establish height codes – which now ensure that Worldwide Plaza will preserve its stunning views of a classic West Side neighborhood famed for its varied restaurants, street life and proximity to the Theater District.",Office,Entire 16th Floor,42308,,Leasing (SL Green),Larry Swiger,larry.swiger@slgreen.com,(212) 216-1628,https://slgreen.com/properties/825-eighth-avenue/,2026-07-20T16:36:45+00:00,,,
SL Green,825 Eighth Avenue,825 Eighth Avenue,"825 Eighth Avenue, better known as Worldwide Plaza, is one of New York City’s most iconic buildings with a dominant presence on the Manhattan skyline. Occupying the entire block bounded by Eighth Avenue, West 50th Street, Ninth Avenue and West 49th Street, this two-million-square-foot mixed-use complex offers a unique workspace. A 49-story state-of-the-art office tower, Worldwide Plaza stands alongside a curated outdoor plaza and is surrounded by dynamic retail, dining, entertainment and recreational facilities, with on-site parking, fitness center, and five-stage off-broadway theater. Worldwide Plaza received LEED Gold certification in 2012 and has been ENERGY STAR rated since 2010. Designed by David Childs, of the world-renowned architectural firm Skidmore, Owings and Merrell, Worldwide Plaza is one of the most important Postmodern skyscrapers in the world and has been cited as “the first office building of any importance to be built west of Eighth Avenue since Raymond Hood’s McGraw Hill Building in 1931”. Comprised of a granite base, a brick shaft and a striking copper crown, the design references the classic setbacks, materials and coloration of the great Art Deco and Expressionist towers of 1920s and 1930s New York. Inset vertical piers, the use of different colors of brick and capping the building’s crown with an illuminated glass pyramid (nicknamed “David’s Diamond” after the architect) make Worldwide Plaza distinct. Built in 1989, the building faces two residential towers across a public plaza with a fountain designed by Sidney Simon and a unique theater center currently occupied by five off-Broadway companies. The building rises from a site that had been a parking lot since 1968; prior to that, it was the location of the third Madison Square Garden, then home of the New York Rangers, the New York Knicks, and where actress Marilyn Monroe sang “Happy Birthday, Mr. President” to JFK at the latter’s birthday party in 1962. When the building was demolished, the neighborhood rallied to establish height codes – which now ensure that Worldwide Plaza will preserve its stunning views of a classic West Side neighborhood famed for its varied restaurants, street life and proximity to the Theater District.",Office,Part 18th Floor,9376,,Leasing (SL Green),Larry Swiger,larry.swiger@slgreen.com,(212) 216-1628,https://slgreen.com/properties/825-eighth-avenue/,2026-07-20T16:36:45+00:00,,,
SL Green,825 Eighth Avenue,825 Eighth Avenue,"825 Eighth Avenue, better known as Worldwide Plaza, is one of New York City’s most iconic buildings with a dominant presence on the Manhattan skyline. Occupying the entire block bounded by Eighth Avenue, West 50th Street, Ninth Avenue and West 49th Street, this two-million-square-foot mixed-use complex offers a unique workspace. A 49-story state-of-the-art office tower, Worldwide Plaza stands alongside a curated outdoor plaza and is surrounded by dynamic retail, dining, entertainment and recreational facilities, with on-site parking, fitness center, and five-stage off-broadway theater. Worldwide Plaza received LEED Gold certification in 2012 and has been ENERGY STAR rated since 2010. Designed by David Childs, of the world-renowned architectural firm Skidmore, Owings and Merrell, Worldwide Plaza is one of the most important Postmodern skyscrapers in the world and has been cited as “the first office building of any importance to be built west of Eighth Avenue since Raymond Hood’s McGraw Hill Building in 1931”. Comprised of a granite base, a brick shaft and a striking copper crown, the design references the classic setbacks, materials and coloration of the great Art Deco and Expressionist towers of 1920s and 1930s New York. Inset vertical piers, the use of different colors of brick and capping the building’s crown with an illuminated glass pyramid (nicknamed “David’s Diamond” after the architect) make Worldwide Plaza distinct. Built in 1989, the building faces two residential towers across a public plaza with a fountain designed by Sidney Simon and a unique theater center currently occupied by five off-Broadway companies. The building rises from a site that had been a parking lot since 1968; prior to that, it was the location of the third Madison Square Garden, then home of the New York Rangers, the New York Knicks, and where actress Marilyn Monroe sang “Happy Birthday, Mr. President” to JFK at the latter’s birthday party in 1962. When the building was demolished, the neighborhood rallied to establish height codes – which now ensure that Worldwide Plaza will preserve its stunning views of a classic West Side neighborhood famed for its varied restaurants, street life and proximity to the Theater District.",Office,Entire 19th Floor,40215,,Leasing (SL Green),Larry Swiger,larry.swiger@slgreen.com,(212) 216-1628,https://slgreen.com/properties/825-eighth-avenue/,2026-07-20T16:36:45+00:00,,,
SL Green,825 Eighth Avenue,825 Eighth Avenue,"825 Eighth Avenue, better known as Worldwide Plaza, is one of New York City’s most iconic buildings with a dominant presence on the Manhattan skyline. Occupying the entire block bounded by Eighth Avenue, West 50th Street, Ninth Avenue and West 49th Street, this two-million-square-foot mixed-use complex offers a unique workspace. A 49-story state-of-the-art office tower, Worldwide Plaza stands alongside a curated outdoor plaza and is surrounded by dynamic retail, dining, entertainment and recreational facilities, with on-site parking, fitness center, and five-stage off-broadway theater. Worldwide Plaza received LEED Gold certification in 2012 and has been ENERGY STAR rated since 2010. Designed by David Childs, of the world-renowned architectural firm Skidmore, Owings and Merrell, Worldwide Plaza is one of the most important Postmodern skyscrapers in the world and has been cited as “the first office building of any importance to be built west of Eighth Avenue since Raymond Hood’s McGraw Hill Building in 1931”. Comprised of a granite base, a brick shaft and a striking copper crown, the design references the classic setbacks, materials and coloration of the great Art Deco and Expressionist towers of 1920s and 1930s New York. Inset vertical piers, the use of different colors of brick and capping the building’s crown with an illuminated glass pyramid (nicknamed “David’s Diamond” after the architect) make Worldwide Plaza distinct. Built in 1989, the building faces two residential towers across a public plaza with a fountain designed by Sidney Simon and a unique theater center currently occupied by five off-Broadway companies. The building rises from a site that had been a parking lot since 1968; prior to that, it was the location of the third Madison Square Garden, then home of the New York Rangers, the New York Knicks, and where actress Marilyn Monroe sang “Happy Birthday, Mr. President” to JFK at the latter’s birthday party in 1962. When the building was demolished, the neighborhood rallied to establish height codes – which now ensure that Worldwide Plaza will preserve its stunning views of a classic West Side neighborhood famed for its varied restaurants, street life and proximity to the Theater District.",Office,Entire 21st Floor,33221,,Leasing (SL Green),Larry Swiger,larry.swiger@slgreen.com,(212) 216-1628,https://slgreen.com/properties/825-eighth-avenue/,2026-07-20T16:36:45+00:00,,,
SL Green,825 Eighth Avenue,825 Eighth Avenue,"825 Eighth Avenue, better known as Worldwide Plaza, is one of New York City’s most iconic buildings with a dominant presence on the Manhattan skyline. Occupying the entire block bounded by Eighth Avenue, West 50th Street, Ninth Avenue and West 49th Street, this two-million-square-foot mixed-use complex offers a unique workspace. A 49-story state-of-the-art office tower, Worldwide Plaza stands alongside a curated outdoor plaza and is surrounded by dynamic retail, dining, entertainment and recreational facilities, with on-site parking, fitness center, and five-stage off-broadway theater. Worldwide Plaza received LEED Gold certification in 2012 and has been ENERGY STAR rated since 2010. Designed by David Childs, of the world-renowned architectural firm Skidmore, Owings and Merrell, Worldwide Plaza is one of the most important Postmodern skyscrapers in the world and has been cited as “the first office building of any importance to be built west of Eighth Avenue since Raymond Hood’s McGraw Hill Building in 1931”. Comprised of a granite base, a brick shaft and a striking copper crown, the design references the classic setbacks, materials and coloration of the great Art Deco and Expressionist towers of 1920s and 1930s New York. Inset vertical piers, the use of different colors of brick and capping the building’s crown with an illuminated glass pyramid (nicknamed “David’s Diamond” after the architect) make Worldwide Plaza distinct. Built in 1989, the building faces two residential towers across a public plaza with a fountain designed by Sidney Simon and a unique theater center currently occupied by five off-Broadway companies. The building rises from a site that had been a parking lot since 1968; prior to that, it was the location of the third Madison Square Garden, then home of the New York Rangers, the New York Knicks, and where actress Marilyn Monroe sang “Happy Birthday, Mr. President” to JFK at the latter’s birthday party in 1962. When the building was demolished, the neighborhood rallied to establish height codes – which now ensure that Worldwide Plaza will preserve its stunning views of a classic West Side neighborhood famed for its varied restaurants, street life and proximity to the Theater District.",Office,Entire 22nd Floor,33221,,Leasing (SL Green),Larry Swiger,larry.swiger@slgreen.com,(212) 216-1628,https://slgreen.com/properties/825-eighth-avenue/,2026-07-20T16:36:45+00:00,,,
SL Green,825 Eighth Avenue,825 Eighth Avenue,"825 Eighth Avenue, better known as Worldwide Plaza, is one of New York City’s most iconic buildings with a dominant presence on the Manhattan skyline. Occupying the entire block bounded by Eighth Avenue, West 50th Street, Ninth Avenue and West 49th Street, this two-million-square-foot mixed-use complex offers a unique workspace. A 49-story state-of-the-art office tower, Worldwide Plaza stands alongside a curated outdoor plaza and is surrounded by dynamic retail, dining, entertainment and recreational facilities, with on-site parking, fitness center, and five-stage off-broadway theater. Worldwide Plaza received LEED Gold certification in 2012 and has been ENERGY STAR rated since 2010. Designed by David Childs, of the world-renowned architectural firm Skidmore, Owings and Merrell, Worldwide Plaza is one of the most important Postmodern skyscrapers in the world and has been cited as “the first office building of any importance to be built west of Eighth Avenue since Raymond Hood’s McGraw Hill Building in 1931”. Comprised of a granite base, a brick shaft and a striking copper crown, the design references the classic setbacks, materials and coloration of the great Art Deco and Expressionist towers of 1920s and 1930s New York. Inset vertical piers, the use of different colors of brick and capping the building’s crown with an illuminated glass pyramid (nicknamed “David’s Diamond” after the architect) make Worldwide Plaza distinct. Built in 1989, the building faces two residential towers across a public plaza with a fountain designed by Sidney Simon and a unique theater center currently occupied by five off-Broadway companies. The building rises from a site that had been a parking lot since 1968; prior to that, it was the location of the third Madison Square Garden, then home of the New York Rangers, the New York Knicks, and where actress Marilyn Monroe sang “Happy Birthday, Mr. President” to JFK at the latter’s birthday party in 1962. When the building was demolished, the neighborhood rallied to establish height codes – which now ensure that Worldwide Plaza will preserve its stunning views of a classic West Side neighborhood famed for its varied restaurants, street life and proximity to the Theater District.",Office,Entire 23rd Floor,33221,,Leasing (SL Green),Larry Swiger,larry.swiger@slgreen.com,(212) 216-1628,https://slgreen.com/properties/825-eighth-avenue/,2026-07-20T16:36:45+00:00,,,
SL Green,825 Eighth Avenue,825 Eighth Avenue,"825 Eighth Avenue, better known as Worldwide Plaza, is one of New York City’s most iconic buildings with a dominant presence on the Manhattan skyline. Occupying the entire block bounded by Eighth Avenue, West 50th Street, Ninth Avenue and West 49th Street, this two-million-square-foot mixed-use complex offers a unique workspace. A 49-story state-of-the-art office tower, Worldwide Plaza stands alongside a curated outdoor plaza and is surrounded by dynamic retail, dining, entertainment and recreational facilities, with on-site parking, fitness center, and five-stage off-broadway theater. Worldwide Plaza received LEED Gold certification in 2012 and has been ENERGY STAR rated since 2010. Designed by David Childs, of the world-renowned architectural firm Skidmore, Owings and Merrell, Worldwide Plaza is one of the most important Postmodern skyscrapers in the world and has been cited as “the first office building of any importance to be built west of Eighth Avenue since Raymond Hood’s McGraw Hill Building in 1931”. Comprised of a granite base, a brick shaft and a striking copper crown, the design references the classic setbacks, materials and coloration of the great Art Deco and Expressionist towers of 1920s and 1930s New York. Inset vertical piers, the use of different colors of brick and capping the building’s crown with an illuminated glass pyramid (nicknamed “David’s Diamond” after the architect) make Worldwide Plaza distinct. Built in 1989, the building faces two residential towers across a public plaza with a fountain designed by Sidney Simon and a unique theater center currently occupied by five off-Broadway companies. The building rises from a site that had been a parking lot since 1968; prior to that, it was the location of the third Madison Square Garden, then home of the New York Rangers, the New York Knicks, and where actress Marilyn Monroe sang “Happy Birthday, Mr. President” to JFK at the latter’s birthday party in 1962. When the building was demolished, the neighborhood rallied to establish height codes – which now ensure that Worldwide Plaza will preserve its stunning views of a classic West Side neighborhood famed for its varied restaurants, street life and proximity to the Theater District.",Office,Entire 24th Floor,33221,,Leasing (SL Green),Larry Swiger,larry.swiger@slgreen.com,(212) 216-1628,https://slgreen.com/properties/825-eighth-avenue/,2026-07-20T16:36:45+00:00,,,
SL Green,825 Eighth Avenue,825 Eighth Avenue,"825 Eighth Avenue, better known as Worldwide Plaza, is one of New York City’s most iconic buildings with a dominant presence on the Manhattan skyline. Occupying the entire block bounded by Eighth Avenue, West 50th Street, Ninth Avenue and West 49th Street, this two-million-square-foot mixed-use complex offers a unique workspace. A 49-story state-of-the-art office tower, Worldwide Plaza stands alongside a curated outdoor plaza and is surrounded by dynamic retail, dining, entertainment and recreational facilities, with on-site parking, fitness center, and five-stage off-broadway theater. Worldwide Plaza received LEED Gold certification in 2012 and has been ENERGY STAR rated since 2010. Designed by David Childs, of the world-renowned architectural firm Skidmore, Owings and Merrell, Worldwide Plaza is one of the most important Postmodern skyscrapers in the world and has been cited as “the first office building of any importance to be built west of Eighth Avenue since Raymond Hood’s McGraw Hill Building in 1931”. Comprised of a granite base, a brick shaft and a striking copper crown, the design references the classic setbacks, materials and coloration of the great Art Deco and Expressionist towers of 1920s and 1930s New York. Inset vertical piers, the use of different colors of brick and capping the building’s crown with an illuminated glass pyramid (nicknamed “David’s Diamond” after the architect) make Worldwide Plaza distinct. Built in 1989, the building faces two residential towers across a public plaza with a fountain designed by Sidney Simon and a unique theater center currently occupied by five off-Broadway companies. The building rises from a site that had been a parking lot since 1968; prior to that, it was the location of the third Madison Square Garden, then home of the New York Rangers, the New York Knicks, and where actress Marilyn Monroe sang “Happy Birthday, Mr. President” to JFK at the latter’s birthday party in 1962. When the building was demolished, the neighborhood rallied to establish height codes – which now ensure that Worldwide Plaza will preserve its stunning views of a classic West Side neighborhood famed for its varied restaurants, street life and proximity to the Theater District.",Office,Suite 2905,6335,,Leasing (SL Green),Larry Swiger,larry.swiger@slgreen.com,(212) 216-1628,https://slgreen.com/properties/825-eighth-avenue/,2026-07-20T16:36:45+00:00,,,
SL Green,825 Eighth Avenue,825 Eighth Avenue,"825 Eighth Avenue, better known as Worldwide Plaza, is one of New York City’s most iconic buildings with a dominant presence on the Manhattan skyline. Occupying the entire block bounded by Eighth Avenue, West 50th Street, Ninth Avenue and West 49th Street, this two-million-square-foot mixed-use complex offers a unique workspace. A 49-story state-of-the-art office tower, Worldwide Plaza stands alongside a curated outdoor plaza and is surrounded by dynamic retail, dining, entertainment and recreational facilities, with on-site parking, fitness center, and five-stage off-broadway theater. Worldwide Plaza received LEED Gold certification in 2012 and has been ENERGY STAR rated since 2010. Designed by David Childs, of the world-renowned architectural firm Skidmore, Owings and Merrell, Worldwide Plaza is one of the most important Postmodern skyscrapers in the world and has been cited as “the first office building of any importance to be built west of Eighth Avenue since Raymond Hood’s McGraw Hill Building in 1931”. Comprised of a granite base, a brick shaft and a striking copper crown, the design references the classic setbacks, materials and coloration of the great Art Deco and Expressionist towers of 1920s and 1930s New York. Inset vertical piers, the use of different colors of brick and capping the building’s crown with an illuminated glass pyramid (nicknamed “David’s Diamond” after the architect) make Worldwide Plaza distinct. Built in 1989, the building faces two residential towers across a public plaza with a fountain designed by Sidney Simon and a unique theater center currently occupied by five off-Broadway companies. The building rises from a site that had been a parking lot since 1968; prior to that, it was the location of the third Madison Square Garden, then home of the New York Rangers, the New York Knicks, and where actress Marilyn Monroe sang “Happy Birthday, Mr. President” to JFK at the latter’s birthday party in 1962. When the building was demolished, the neighborhood rallied to establish height codes – which now ensure that Worldwide Plaza will preserve its stunning views of a classic West Side neighborhood famed for its varied restaurants, street life and proximity to the Theater District.",Office,Suite 2910,2490,,Leasing (SL Green),Larry Swiger,larry.swiger@slgreen.com,(212) 216-1628,https://slgreen.com/properties/825-eighth-avenue/,2026-07-20T16:36:45+00:00,,,
SL Green,825 Eighth Avenue,825 Eighth Avenue,"825 Eighth Avenue, better known as Worldwide Plaza, is one of New York City’s most iconic buildings with a dominant presence on the Manhattan skyline. Occupying the entire block bounded by Eighth Avenue, West 50th Street, Ninth Avenue and West 49th Street, this two-million-square-foot mixed-use complex offers a unique workspace. A 49-story state-of-the-art office tower, Worldwide Plaza stands alongside a curated outdoor plaza and is surrounded by dynamic retail, dining, entertainment and recreational facilities, with on-site parking, fitness center, and five-stage off-broadway theater. Worldwide Plaza received LEED Gold certification in 2012 and has been ENERGY STAR rated since 2010. Designed by David Childs, of the world-renowned architectural firm Skidmore, Owings and Merrell, Worldwide Plaza is one of the most important Postmodern skyscrapers in the world and has been cited as “the first office building of any importance to be built west of Eighth Avenue since Raymond Hood’s McGraw Hill Building in 1931”. Comprised of a granite base, a brick shaft and a striking copper crown, the design references the classic setbacks, materials and coloration of the great Art Deco and Expressionist towers of 1920s and 1930s New York. Inset vertical piers, the use of different colors of brick and capping the building’s crown with an illuminated glass pyramid (nicknamed “David’s Diamond” after the architect) make Worldwide Plaza distinct. Built in 1989, the building faces two residential towers across a public plaza with a fountain designed by Sidney Simon and a unique theater center currently occupied by five off-Broadway companies. The building rises from a site that had been a parking lot since 1968; prior to that, it was the location of the third Madison Square Garden, then home of the New York Rangers, the New York Knicks, and where actress Marilyn Monroe sang “Happy Birthday, Mr. President” to JFK at the latter’s birthday party in 1962. When the building was demolished, the neighborhood rallied to establish height codes – which now ensure that Worldwide Plaza will preserve its stunning views of a classic West Side neighborhood famed for its varied restaurants, street life and proximity to the Theater District.",Office,Entire 31st Floor,34322,,Leasing (SL Green),Larry Swiger,larry.swiger@slgreen.com,(212) 216-1628,https://slgreen.com/properties/825-eighth-avenue/,2026-07-20T16:36:45+00:00,,,
SL Green,825 Eighth Avenue,825 Eighth Avenue,"825 Eighth Avenue, better known as Worldwide Plaza, is one of New York City’s most iconic buildings with a dominant presence on the Manhattan skyline. Occupying the entire block bounded by Eighth Avenue, West 50th Street, Ninth Avenue and West 49th Street, this two-million-square-foot mixed-use complex offers a unique workspace. A 49-story state-of-the-art office tower, Worldwide Plaza stands alongside a curated outdoor plaza and is surrounded by dynamic retail, dining, entertainment and recreational facilities, with on-site parking, fitness center, and five-stage off-broadway theater. Worldwide Plaza received LEED Gold certification in 2012 and has been ENERGY STAR rated since 2010. Designed by David Childs, of the world-renowned architectural firm Skidmore, Owings and Merrell, Worldwide Plaza is one of the most important Postmodern skyscrapers in the world and has been cited as “the first office building of any importance to be built west of Eighth Avenue since Raymond Hood’s McGraw Hill Building in 1931”. Comprised of a granite base, a brick shaft and a striking copper crown, the design references the classic setbacks, materials and coloration of the great Art Deco and Expressionist towers of 1920s and 1930s New York. Inset vertical piers, the use of different colors of brick and capping the building’s crown with an illuminated glass pyramid (nicknamed “David’s Diamond” after the architect) make Worldwide Plaza distinct. Built in 1989, the building faces two residential towers across a public plaza with a fountain designed by Sidney Simon and a unique theater center currently occupied by five off-Broadway companies. The building rises from a site that had been a parking lot since 1968; prior to that, it was the location of the third Madison Square Garden, then home of the New York Rangers, the New York Knicks, and where actress Marilyn Monroe sang “Happy Birthday, Mr. President” to JFK at the latter’s birthday party in 1962. When the building was demolished, the neighborhood rallied to establish height codes – which now ensure that Worldwide Plaza will preserve its stunning views of a classic West Side neighborhood famed for its varied restaurants, street life and proximity to the Theater District.",Office,Entire 32nd Floor,34322,,Leasing (SL Green),Larry Swiger,larry.swiger@slgreen.com,(212) 216-1628,https://slgreen.com/properties/825-eighth-avenue/,2026-07-20T16:36:45+00:00,,,
SL Green,825 Eighth Avenue,825 Eighth Avenue,"825 Eighth Avenue, better known as Worldwide Plaza, is one of New York City’s most iconic buildings with a dominant presence on the Manhattan skyline. Occupying the entire block bounded by Eighth Avenue, West 50th Street, Ninth Avenue and West 49th Street, this two-million-square-foot mixed-use complex offers a unique workspace. A 49-story state-of-the-art office tower, Worldwide Plaza stands alongside a curated outdoor plaza and is surrounded by dynamic retail, dining, entertainment and recreational facilities, with on-site parking, fitness center, and five-stage off-broadway theater. Worldwide Plaza received LEED Gold certification in 2012 and has been ENERGY STAR rated since 2010. Designed by David Childs, of the world-renowned architectural firm Skidmore, Owings and Merrell, Worldwide Plaza is one of the most important Postmodern skyscrapers in the world and has been cited as “the first office building of any importance to be built west of Eighth Avenue since Raymond Hood’s McGraw Hill Building in 1931”. Comprised of a granite base, a brick shaft and a striking copper crown, the design references the classic setbacks, materials and coloration of the great Art Deco and Expressionist towers of 1920s and 1930s New York. Inset vertical piers, the use of different colors of brick and capping the building’s crown with an illuminated glass pyramid (nicknamed “David’s Diamond” after the architect) make Worldwide Plaza distinct. Built in 1989, the building faces two residential towers across a public plaza with a fountain designed by Sidney Simon and a unique theater center currently occupied by five off-Broadway companies. The building rises from a site that had been a parking lot since 1968; prior to that, it was the location of the third Madison Square Garden, then home of the New York Rangers, the New York Knicks, and where actress Marilyn Monroe sang “Happy Birthday, Mr. President” to JFK at the latter’s birthday party in 1962. When the building was demolished, the neighborhood rallied to establish height codes – which now ensure that Worldwide Plaza will preserve its stunning views of a classic West Side neighborhood famed for its varied restaurants, street life and proximity to the Theater District.",Office,Entire 36th Floor,34458,,Leasing (SL Green),Larry Swiger,larry.swiger@slgreen.com,(212) 216-1628,https://slgreen.com/properties/825-eighth-avenue/,2026-07-20T16:36:45+00:00,,,
SL Green,825 Eighth Avenue,825 Eighth Avenue,"825 Eighth Avenue, better known as Worldwide Plaza, is one of New York City’s most iconic buildings with a dominant presence on the Manhattan skyline. Occupying the entire block bounded by Eighth Avenue, West 50th Street, Ninth Avenue and West 49th Street, this two-million-square-foot mixed-use complex offers a unique workspace. A 49-story state-of-the-art office tower, Worldwide Plaza stands alongside a curated outdoor plaza and is surrounded by dynamic retail, dining, entertainment and recreational facilities, with on-site parking, fitness center, and five-stage off-broadway theater. Worldwide Plaza received LEED Gold certification in 2012 and has been ENERGY STAR rated since 2010. Designed by David Childs, of the world-renowned architectural firm Skidmore, Owings and Merrell, Worldwide Plaza is one of the most important Postmodern skyscrapers in the world and has been cited as “the first office building of any importance to be built west of Eighth Avenue since Raymond Hood’s McGraw Hill Building in 1931”. Comprised of a granite base, a brick shaft and a striking copper crown, the design references the classic setbacks, materials and coloration of the great Art Deco and Expressionist towers of 1920s and 1930s New York. Inset vertical piers, the use of different colors of brick and capping the building’s crown with an illuminated glass pyramid (nicknamed “David’s Diamond” after the architect) make Worldwide Plaza distinct. Built in 1989, the building faces two residential towers across a public plaza with a fountain designed by Sidney Simon and a unique theater center currently occupied by five off-Broadway companies. The building rises from a site that had been a parking lot since 1968; prior to that, it was the location of the third Madison Square Garden, then home of the New York Rangers, the New York Knicks, and where actress Marilyn Monroe sang “Happy Birthday, Mr. President” to JFK at the latter’s birthday party in 1962. When the building was demolished, the neighborhood rallied to establish height codes – which now ensure that Worldwide Plaza will preserve its stunning views of a classic West Side neighborhood famed for its varied restaurants, street life and proximity to the Theater District.",Office,Entire 37th Floor,34458,,Leasing (SL Green),Larry Swiger,larry.swiger@slgreen.com,(212) 216-1628,https://slgreen.com/properties/825-eighth-avenue/,2026-07-20T16:36:45+00:00,,,
SL Green,825 Eighth Avenue,825 Eighth Avenue,"825 Eighth Avenue, better known as Worldwide Plaza, is one of New York City’s most iconic buildings with a dominant presence on the Manhattan skyline. Occupying the entire block bounded by Eighth Avenue, West 50th Street, Ninth Avenue and West 49th Street, this two-million-square-foot mixed-use complex offers a unique workspace. A 49-story state-of-the-art office tower, Worldwide Plaza stands alongside a curated outdoor plaza and is surrounded by dynamic retail, dining, entertainment and recreational facilities, with on-site parking, fitness center, and five-stage off-broadway theater. Worldwide Plaza received LEED Gold certification in 2012 and has been ENERGY STAR rated since 2010. Designed by David Childs, of the world-renowned architectural firm Skidmore, Owings and Merrell, Worldwide Plaza is one of the most important Postmodern skyscrapers in the world and has been cited as “the first office building of any importance to be built west of Eighth Avenue since Raymond Hood’s McGraw Hill Building in 1931”. Comprised of a granite base, a brick shaft and a striking copper crown, the design references the classic setbacks, materials and coloration of the great Art Deco and Expressionist towers of 1920s and 1930s New York. Inset vertical piers, the use of different colors of brick and capping the building’s crown with an illuminated glass pyramid (nicknamed “David’s Diamond” after the architect) make Worldwide Plaza distinct. Built in 1989, the building faces two residential towers across a public plaza with a fountain designed by Sidney Simon and a unique theater center currently occupied by five off-Broadway companies. The building rises from a site that had been a parking lot since 1968; prior to that, it was the location of the third Madison Square Garden, then home of the New York Rangers, the New York Knicks, and where actress Marilyn Monroe sang “Happy Birthday, Mr. President” to JFK at the latter’s birthday party in 1962. When the building was demolished, the neighborhood rallied to establish height codes – which now ensure that Worldwide Plaza will preserve its stunning views of a classic West Side neighborhood famed for its varied restaurants, street life and proximity to the Theater District.",Office,Entire 38th Floor,34458,,Leasing (SL Green),Larry Swiger,larry.swiger@slgreen.com,(212) 216-1628,https://slgreen.com/properties/825-eighth-avenue/,2026-07-20T16:36:45+00:00,,,
SL Green,825 Eighth Avenue,825 Eighth Avenue,"825 Eighth Avenue, better known as Worldwide Plaza, is one of New York City’s most iconic buildings with a dominant presence on the Manhattan skyline. Occupying the entire block bounded by Eighth Avenue, West 50th Street, Ninth Avenue and West 49th Street, this two-million-square-foot mixed-use complex offers a unique workspace. A 49-story state-of-the-art office tower, Worldwide Plaza stands alongside a curated outdoor plaza and is surrounded by dynamic retail, dining, entertainment and recreational facilities, with on-site parking, fitness center, and five-stage off-broadway theater. Worldwide Plaza received LEED Gold certification in 2012 and has been ENERGY STAR rated since 2010. Designed by David Childs, of the world-renowned architectural firm Skidmore, Owings and Merrell, Worldwide Plaza is one of the most important Postmodern skyscrapers in the world and has been cited as “the first office building of any importance to be built west of Eighth Avenue since Raymond Hood’s McGraw Hill Building in 1931”. Comprised of a granite base, a brick shaft and a striking copper crown, the design references the classic setbacks, materials and coloration of the great Art Deco and Expressionist towers of 1920s and 1930s New York. Inset vertical piers, the use of different colors of brick and capping the building’s crown with an illuminated glass pyramid (nicknamed “David’s Diamond” after the architect) make Worldwide Plaza distinct. Built in 1989, the building faces two residential towers across a public plaza with a fountain designed by Sidney Simon and a unique theater center currently occupied by five off-Broadway companies. The building rises from a site that had been a parking lot since 1968; prior to that, it was the location of the third Madison Square Garden, then home of the New York Rangers, the New York Knicks, and where actress Marilyn Monroe sang “Happy Birthday, Mr. President” to JFK at the latter’s birthday party in 1962. When the building was demolished, the neighborhood rallied to establish height codes – which now ensure that Worldwide Plaza will preserve its stunning views of a classic West Side neighborhood famed for its varied restaurants, street life and proximity to the Theater District.",Office,Entire 39th Floor,34434,,Leasing (SL Green),Larry Swiger,larry.swiger@slgreen.com,(212) 216-1628,https://slgreen.com/properties/825-eighth-avenue/,2026-07-20T16:36:45+00:00,,,
SL Green,825 Eighth Avenue,825 Eighth Avenue,"825 Eighth Avenue, better known as Worldwide Plaza, is one of New York City’s most iconic buildings with a dominant presence on the Manhattan skyline. Occupying the entire block bounded by Eighth Avenue, West 50th Street, Ninth Avenue and West 49th Street, this two-million-square-foot mixed-use complex offers a unique workspace. A 49-story state-of-the-art office tower, Worldwide Plaza stands alongside a curated outdoor plaza and is surrounded by dynamic retail, dining, entertainment and recreational facilities, with on-site parking, fitness center, and five-stage off-broadway theater. Worldwide Plaza received LEED Gold certification in 2012 and has been ENERGY STAR rated since 2010. Designed by David Childs, of the world-renowned architectural firm Skidmore, Owings and Merrell, Worldwide Plaza is one of the most important Postmodern skyscrapers in the world and has been cited as “the first office building of any importance to be built west of Eighth Avenue since Raymond Hood’s McGraw Hill Building in 1931”. Comprised of a granite base, a brick shaft and a striking copper crown, the design references the classic setbacks, materials and coloration of the great Art Deco and Expressionist towers of 1920s and 1930s New York. Inset vertical piers, the use of different colors of brick and capping the building’s crown with an illuminated glass pyramid (nicknamed “David’s Diamond” after the architect) make Worldwide Plaza distinct. Built in 1989, the building faces two residential towers across a public plaza with a fountain designed by Sidney Simon and a unique theater center currently occupied by five off-Broadway companies. The building rises from a site that had been a parking lot since 1968; prior to that, it was the location of the third Madison Square Garden, then home of the New York Rangers, the New York Knicks, and where actress Marilyn Monroe sang “Happy Birthday, Mr. President” to JFK at the latter’s birthday party in 1962. When the building was demolished, the neighborhood rallied to establish height codes – which now ensure that Worldwide Plaza will preserve its stunning views of a classic West Side neighborhood famed for its varied restaurants, street life and proximity to the Theater District.",Office,Entire 40th Floor,34434,,Leasing (SL Green),Larry Swiger,larry.swiger@slgreen.com,(212) 216-1628,https://slgreen.com/properties/825-eighth-avenue/,2026-07-20T16:36:45+00:00,,,
SL Green,825 Eighth Avenue,825 Eighth Avenue,"825 Eighth Avenue, better known as Worldwide Plaza, is one of New York City’s most iconic buildings with a dominant presence on the Manhattan skyline. Occupying the entire block bounded by Eighth Avenue, West 50th Street, Ninth Avenue and West 49th Street, this two-million-square-foot mixed-use complex offers a unique workspace. A 49-story state-of-the-art office tower, Worldwide Plaza stands alongside a curated outdoor plaza and is surrounded by dynamic retail, dining, entertainment and recreational facilities, with on-site parking, fitness center, and five-stage off-broadway theater. Worldwide Plaza received LEED Gold certification in 2012 and has been ENERGY STAR rated since 2010. Designed by David Childs, of the world-renowned architectural firm Skidmore, Owings and Merrell, Worldwide Plaza is one of the most important Postmodern skyscrapers in the world and has been cited as “the first office building of any importance to be built west of Eighth Avenue since Raymond Hood’s McGraw Hill Building in 1931”. Comprised of a granite base, a brick shaft and a striking copper crown, the design references the classic setbacks, materials and coloration of the great Art Deco and Expressionist towers of 1920s and 1930s New York. Inset vertical piers, the use of different colors of brick and capping the building’s crown with an illuminated glass pyramid (nicknamed “David’s Diamond” after the architect) make Worldwide Plaza distinct. Built in 1989, the building faces two residential towers across a public plaza with a fountain designed by Sidney Simon and a unique theater center currently occupied by five off-Broadway companies. The building rises from a site that had been a parking lot since 1968; prior to that, it was the location of the third Madison Square Garden, then home of the New York Rangers, the New York Knicks, and where actress Marilyn Monroe sang “Happy Birthday, Mr. President” to JFK at the latter’s birthday party in 1962. When the building was demolished, the neighborhood rallied to establish height codes – which now ensure that Worldwide Plaza will preserve its stunning views of a classic West Side neighborhood famed for its varied restaurants, street life and proximity to the Theater District.",Office,Entire 41st Floor,33650,,Leasing (SL Green),Larry Swiger,larry.swiger@slgreen.com,(212) 216-1628,https://slgreen.com/properties/825-eighth-avenue/,2026-07-20T16:36:45+00:00,,,
SL Green,825 Eighth Avenue,825 Eighth Avenue,"825 Eighth Avenue, better known as Worldwide Plaza, is one of New York City’s most iconic buildings with a dominant presence on the Manhattan skyline. Occupying the entire block bounded by Eighth Avenue, West 50th Street, Ninth Avenue and West 49th Street, this two-million-square-foot mixed-use complex offers a unique workspace. A 49-story state-of-the-art office tower, Worldwide Plaza stands alongside a curated outdoor plaza and is surrounded by dynamic retail, dining, entertainment and recreational facilities, with on-site parking, fitness center, and five-stage off-broadway theater. Worldwide Plaza received LEED Gold certification in 2012 and has been ENERGY STAR rated since 2010. Designed by David Childs, of the world-renowned architectural firm Skidmore, Owings and Merrell, Worldwide Plaza is one of the most important Postmodern skyscrapers in the world and has been cited as “the first office building of any importance to be built west of Eighth Avenue since Raymond Hood’s McGraw Hill Building in 1931”. Comprised of a granite base, a brick shaft and a striking copper crown, the design references the classic setbacks, materials and coloration of the great Art Deco and Expressionist towers of 1920s and 1930s New York. Inset vertical piers, the use of different colors of brick and capping the building’s crown with an illuminated glass pyramid (nicknamed “David’s Diamond” after the architect) make Worldwide Plaza distinct. Built in 1989, the building faces two residential towers across a public plaza with a fountain designed by Sidney Simon and a unique theater center currently occupied by five off-Broadway companies. The building rises from a site that had been a parking lot since 1968; prior to that, it was the location of the third Madison Square Garden, then home of the New York Rangers, the New York Knicks, and where actress Marilyn Monroe sang “Happy Birthday, Mr. President” to JFK at the latter’s birthday party in 1962. When the building was demolished, the neighborhood rallied to establish height codes – which now ensure that Worldwide Plaza will preserve its stunning views of a classic West Side neighborhood famed for its varied restaurants, street life and proximity to the Theater District.",Office,Entire 42nd Floor,32477,,Leasing (SL Green),Larry Swiger,larry.swiger@slgreen.com,(212) 216-1628,https://slgreen.com/properties/825-eighth-avenue/,2026-07-20T16:36:45+00:00,,,
SL Green,825 Eighth Avenue,825 Eighth Avenue,"825 Eighth Avenue, better known as Worldwide Plaza, is one of New York City’s most iconic buildings with a dominant presence on the Manhattan skyline. Occupying the entire block bounded by Eighth Avenue, West 50th Street, Ninth Avenue and West 49th Street, this two-million-square-foot mixed-use complex offers a unique workspace. A 49-story state-of-the-art office tower, Worldwide Plaza stands alongside a curated outdoor plaza and is surrounded by dynamic retail, dining, entertainment and recreational facilities, with on-site parking, fitness center, and five-stage off-broadway theater. Worldwide Plaza received LEED Gold certification in 2012 and has been ENERGY STAR rated since 2010. Designed by David Childs, of the world-renowned architectural firm Skidmore, Owings and Merrell, Worldwide Plaza is one of the most important Postmodern skyscrapers in the world and has been cited as “the first office building of any importance to be built west of Eighth Avenue since Raymond Hood’s McGraw Hill Building in 1931”. Comprised of a granite base, a brick shaft and a striking copper crown, the design references the classic setbacks, materials and coloration of the great Art Deco and Expressionist towers of 1920s and 1930s New York. Inset vertical piers, the use of different colors of brick and capping the building’s crown with an illuminated glass pyramid (nicknamed “David’s Diamond” after the architect) make Worldwide Plaza distinct. Built in 1989, the building faces two residential towers across a public plaza with a fountain designed by Sidney Simon and a unique theater center currently occupied by five off-Broadway companies. The building rises from a site that had been a parking lot since 1968; prior to that, it was the location of the third Madison Square Garden, then home of the New York Rangers, the New York Knicks, and where actress Marilyn Monroe sang “Happy Birthday, Mr. President” to JFK at the latter’s birthday party in 1962. When the building was demolished, the neighborhood rallied to establish height codes – which now ensure that Worldwide Plaza will preserve its stunning views of a classic West Side neighborhood famed for its varied restaurants, street life and proximity to the Theater District.",Office,Entire 43rd Floor,32477,,Leasing (SL Green),Larry Swiger,larry.swiger@slgreen.com,(212) 216-1628,https://slgreen.com/properties/825-eighth-avenue/,2026-07-20T16:36:45+00:00,,,
SL Green,825 Eighth Avenue,825 Eighth Avenue,"825 Eighth Avenue, better known as Worldwide Plaza, is one of New York City’s most iconic buildings with a dominant presence on the Manhattan skyline. Occupying the entire block bounded by Eighth Avenue, West 50th Street, Ninth Avenue and West 49th Street, this two-million-square-foot mixed-use complex offers a unique workspace. A 49-story state-of-the-art office tower, Worldwide Plaza stands alongside a curated outdoor plaza and is surrounded by dynamic retail, dining, entertainment and recreational facilities, with on-site parking, fitness center, and five-stage off-broadway theater. Worldwide Plaza received LEED Gold certification in 2012 and has been ENERGY STAR rated since 2010. Designed by David Childs, of the world-renowned architectural firm Skidmore, Owings and Merrell, Worldwide Plaza is one of the most important Postmodern skyscrapers in the world and has been cited as “the first office building of any importance to be built west of Eighth Avenue since Raymond Hood’s McGraw Hill Building in 1931”. Comprised of a granite base, a brick shaft and a striking copper crown, the design references the classic setbacks, materials and coloration of the great Art Deco and Expressionist towers of 1920s and 1930s New York. Inset vertical piers, the use of different colors of brick and capping the building’s crown with an illuminated glass pyramid (nicknamed “David’s Diamond” after the architect) make Worldwide Plaza distinct. Built in 1989, the building faces two residential towers across a public plaza with a fountain designed by Sidney Simon and a unique theater center currently occupied by five off-Broadway companies. The building rises from a site that had been a parking lot since 1968; prior to that, it was the location of the third Madison Square Garden, then home of the New York Rangers, the New York Knicks, and where actress Marilyn Monroe sang “Happy Birthday, Mr. President” to JFK at the latter’s birthday party in 1962. When the building was demolished, the neighborhood rallied to establish height codes – which now ensure that Worldwide Plaza will preserve its stunning views of a classic West Side neighborhood famed for its varied restaurants, street life and proximity to the Theater District.",Office,Entire 44th Floor,32477,,Leasing (SL Green),Larry Swiger,larry.swiger@slgreen.com,(212) 216-1628,https://slgreen.com/properties/825-eighth-avenue/,2026-07-20T16:36:45+00:00,,,
SL Green,825 Eighth Avenue,825 Eighth Avenue,"825 Eighth Avenue, better known as Worldwide Plaza, is one of New York City’s most iconic buildings with a dominant presence on the Manhattan skyline. Occupying the entire block bounded by Eighth Avenue, West 50th Street, Ninth Avenue and West 49th Street, this two-million-square-foot mixed-use complex offers a unique workspace. A 49-story state-of-the-art office tower, Worldwide Plaza stands alongside a curated outdoor plaza and is surrounded by dynamic retail, dining, entertainment and recreational facilities, with on-site parking, fitness center, and five-stage off-broadway theater. Worldwide Plaza received LEED Gold certification in 2012 and has been ENERGY STAR rated since 2010. Designed by David Childs, of the world-renowned architectural firm Skidmore, Owings and Merrell, Worldwide Plaza is one of the most important Postmodern skyscrapers in the world and has been cited as “the first office building of any importance to be built west of Eighth Avenue since Raymond Hood’s McGraw Hill Building in 1931”. Comprised of a granite base, a brick shaft and a striking copper crown, the design references the classic setbacks, materials and coloration of the great Art Deco and Expressionist towers of 1920s and 1930s New York. Inset vertical piers, the use of different colors of brick and capping the building’s crown with an illuminated glass pyramid (nicknamed “David’s Diamond” after the architect) make Worldwide Plaza distinct. Built in 1989, the building faces two residential towers across a public plaza with a fountain designed by Sidney Simon and a unique theater center currently occupied by five off-Broadway companies. The building rises from a site that had been a parking lot since 1968; prior to that, it was the location of the third Madison Square Garden, then home of the New York Rangers, the New York Knicks, and where actress Marilyn Monroe sang “Happy Birthday, Mr. President” to JFK at the latter’s birthday party in 1962. When the building was demolished, the neighborhood rallied to establish height codes – which now ensure that Worldwide Plaza will preserve its stunning views of a classic West Side neighborhood famed for its varied restaurants, street life and proximity to the Theater District.",Office,Entire 45th Floor,32477,,Leasing (SL Green),Larry Swiger,larry.swiger@slgreen.com,(212) 216-1628,https://slgreen.com/properties/825-eighth-avenue/,2026-07-20T16:36:45+00:00,,,
SL Green,825 Eighth Avenue,825 Eighth Avenue,"825 Eighth Avenue, better known as Worldwide Plaza, is one of New York City’s most iconic buildings with a dominant presence on the Manhattan skyline. Occupying the entire block bounded by Eighth Avenue, West 50th Street, Ninth Avenue and West 49th Street, this two-million-square-foot mixed-use complex offers a unique workspace. A 49-story state-of-the-art office tower, Worldwide Plaza stands alongside a curated outdoor plaza and is surrounded by dynamic retail, dining, entertainment and recreational facilities, with on-site parking, fitness center, and five-stage off-broadway theater. Worldwide Plaza received LEED Gold certification in 2012 and has been ENERGY STAR rated since 2010. Designed by David Childs, of the world-renowned architectural firm Skidmore, Owings and Merrell, Worldwide Plaza is one of the most important Postmodern skyscrapers in the world and has been cited as “the first office building of any importance to be built west of Eighth Avenue since Raymond Hood’s McGraw Hill Building in 1931”. Comprised of a granite base, a brick shaft and a striking copper crown, the design references the classic setbacks, materials and coloration of the great Art Deco and Expressionist towers of 1920s and 1930s New York. Inset vertical piers, the use of different colors of brick and capping the building’s crown with an illuminated glass pyramid (nicknamed “David’s Diamond” after the architect) make Worldwide Plaza distinct. Built in 1989, the building faces two residential towers across a public plaza with a fountain designed by Sidney Simon and a unique theater center currently occupied by five off-Broadway companies. The building rises from a site that had been a parking lot since 1968; prior to that, it was the location of the third Madison Square Garden, then home of the New York Rangers, the New York Knicks, and where actress Marilyn Monroe sang “Happy Birthday, Mr. President” to JFK at the latter’s birthday party in 1962. When the building was demolished, the neighborhood rallied to establish height codes – which now ensure that Worldwide Plaza will preserve its stunning views of a classic West Side neighborhood famed for its varied restaurants, street life and proximity to the Theater District.",Office,Entire 46th Floor,32477,,Leasing (SL Green),Larry Swiger,larry.swiger@slgreen.com,(212) 216-1628,https://slgreen.com/properties/825-eighth-avenue/,2026-07-20T16:36:45+00:00,,,
SL Green,825 Eighth Avenue,825 Eighth Avenue,"825 Eighth Avenue, better known as Worldwide Plaza, is one of New York City’s most iconic buildings with a dominant presence on the Manhattan skyline. Occupying the entire block bounded by Eighth Avenue, West 50th Street, Ninth Avenue and West 49th Street, this two-million-square-foot mixed-use complex offers a unique workspace. A 49-story state-of-the-art office tower, Worldwide Plaza stands alongside a curated outdoor plaza and is surrounded by dynamic retail, dining, entertainment and recreational facilities, with on-site parking, fitness center, and five-stage off-broadway theater. Worldwide Plaza received LEED Gold certification in 2012 and has been ENERGY STAR rated since 2010. Designed by David Childs, of the world-renowned architectural firm Skidmore, Owings and Merrell, Worldwide Plaza is one of the most important Postmodern skyscrapers in the world and has been cited as “the first office building of any importance to be built west of Eighth Avenue since Raymond Hood’s McGraw Hill Building in 1931”. Comprised of a granite base, a brick shaft and a striking copper crown, the design references the classic setbacks, materials and coloration of the great Art Deco and Expressionist towers of 1920s and 1930s New York. Inset vertical piers, the use of different colors of brick and capping the building’s crown with an illuminated glass pyramid (nicknamed “David’s Diamond” after the architect) make Worldwide Plaza distinct. Built in 1989, the building faces two residential towers across a public plaza with a fountain designed by Sidney Simon and a unique theater center currently occupied by five off-Broadway companies. The building rises from a site that had been a parking lot since 1968; prior to that, it was the location of the third Madison Square Garden, then home of the New York Rangers, the New York Knicks, and where actress Marilyn Monroe sang “Happy Birthday, Mr. President” to JFK at the latter’s birthday party in 1962. When the building was demolished, the neighborhood rallied to establish height codes – which now ensure that Worldwide Plaza will preserve its stunning views of a classic West Side neighborhood famed for its varied restaurants, street life and proximity to the Theater District.",Office,Entire 47th Floor,32854,,Leasing (SL Green),Larry Swiger,larry.swiger@slgreen.com,(212) 216-1628,https://slgreen.com/properties/825-eighth-avenue/,2026-07-20T16:36:45+00:00,,,
SL Green,825 Eighth Avenue,825 Eighth Avenue,"825 Eighth Avenue, better known as Worldwide Plaza, is one of New York City’s most iconic buildings with a dominant presence on the Manhattan skyline. Occupying the entire block bounded by Eighth Avenue, West 50th Street, Ninth Avenue and West 49th Street, this two-million-square-foot mixed-use complex offers a unique workspace. A 49-story state-of-the-art office tower, Worldwide Plaza stands alongside a curated outdoor plaza and is surrounded by dynamic retail, dining, entertainment and recreational facilities, with on-site parking, fitness center, and five-stage off-broadway theater. Worldwide Plaza received LEED Gold certification in 2012 and has been ENERGY STAR rated since 2010. Designed by David Childs, of the world-renowned architectural firm Skidmore, Owings and Merrell, Worldwide Plaza is one of the most important Postmodern skyscrapers in the world and has been cited as “the first office building of any importance to be built west of Eighth Avenue since Raymond Hood’s McGraw Hill Building in 1931”. Comprised of a granite base, a brick shaft and a striking copper crown, the design references the classic setbacks, materials and coloration of the great Art Deco and Expressionist towers of 1920s and 1930s New York. Inset vertical piers, the use of different colors of brick and capping the building’s crown with an illuminated glass pyramid (nicknamed “David’s Diamond” after the architect) make Worldwide Plaza distinct. Built in 1989, the building faces two residential towers across a public plaza with a fountain designed by Sidney Simon and a unique theater center currently occupied by five off-Broadway companies. The building rises from a site that had been a parking lot since 1968; prior to that, it was the location of the third Madison Square Garden, then home of the New York Rangers, the New York Knicks, and where actress Marilyn Monroe sang “Happy Birthday, Mr. President” to JFK at the latter’s birthday party in 1962. When the building was demolished, the neighborhood rallied to establish height codes – which now ensure that Worldwide Plaza will preserve its stunning views of a classic West Side neighborhood famed for its varied restaurants, street life and proximity to the Theater District.",Office,Entire 48th Floor,24313,,Leasing (SL Green),Larry Swiger,larry.swiger@slgreen.com,(212) 216-1628,https://slgreen.com/properties/825-eighth-avenue/,2026-07-20T16:36:45+00:00,,,
SL Green,825 Eighth Avenue,825 Eighth Avenue,"825 Eighth Avenue, better known as Worldwide Plaza, is one of New York City’s most iconic buildings with a dominant presence on the Manhattan skyline. Occupying the entire block bounded by Eighth Avenue, West 50th Street, Ninth Avenue and West 49th Street, this two-million-square-foot mixed-use complex offers a unique workspace. A 49-story state-of-the-art office tower, Worldwide Plaza stands alongside a curated outdoor plaza and is surrounded by dynamic retail, dining, entertainment and recreational facilities, with on-site parking, fitness center, and five-stage off-broadway theater. Worldwide Plaza received LEED Gold certification in 2012 and has been ENERGY STAR rated since 2010. Designed by David Childs, of the world-renowned architectural firm Skidmore, Owings and Merrell, Worldwide Plaza is one of the most important Postmodern skyscrapers in the world and has been cited as “the first office building of any importance to be built west of Eighth Avenue since Raymond Hood’s McGraw Hill Building in 1931”. Comprised of a granite base, a brick shaft and a striking copper crown, the design references the classic setbacks, materials and coloration of the great Art Deco and Expressionist towers of 1920s and 1930s New York. Inset vertical piers, the use of different colors of brick and capping the building’s crown with an illuminated glass pyramid (nicknamed “David’s Diamond” after the architect) make Worldwide Plaza distinct. Built in 1989, the building faces two residential towers across a public plaza with a fountain designed by Sidney Simon and a unique theater center currently occupied by five off-Broadway companies. The building rises from a site that had been a parking lot since 1968; prior to that, it was the location of the third Madison Square Garden, then home of the New York Rangers, the New York Knicks, and where actress Marilyn Monroe sang “Happy Birthday, Mr. President” to JFK at the latter’s birthday party in 1962. When the building was demolished, the neighborhood rallied to establish height codes – which now ensure that Worldwide Plaza will preserve its stunning views of a classic West Side neighborhood famed for its varied restaurants, street life and proximity to the Theater District.",Office,Entire 49th Floor,20577,,Leasing (SL Green),Larry Swiger,larry.swiger@slgreen.com,(212) 216-1628,https://slgreen.com/properties/825-eighth-avenue/,2026-07-20T16:36:45+00:00,,,
SL Green,825 Eighth Avenue,825 Eighth Avenue,"825 Eighth Avenue, better known as Worldwide Plaza, is one of New York City’s most iconic buildings with a dominant presence on the Manhattan skyline. Occupying the entire block bounded by Eighth Avenue, West 50th Street, Ninth Avenue and West 49th Street, this two-million-square-foot mixed-use complex offers a unique workspace. A 49-story state-of-the-art office tower, Worldwide Plaza stands alongside a curated outdoor plaza and is surrounded by dynamic retail, dining, entertainment and recreational facilities, with on-site parking, fitness center, and five-stage off-broadway theater. Worldwide Plaza received LEED Gold certification in 2012 and has been ENERGY STAR rated since 2010. Designed by David Childs, of the world-renowned architectural firm Skidmore, Owings and Merrell, Worldwide Plaza is one of the most important Postmodern skyscrapers in the world and has been cited as “the first office building of any importance to be built west of Eighth Avenue since Raymond Hood’s McGraw Hill Building in 1931”. Comprised of a granite base, a brick shaft and a striking copper crown, the design references the classic setbacks, materials and coloration of the great Art Deco and Expressionist towers of 1920s and 1930s New York. Inset vertical piers, the use of different colors of brick and capping the building’s crown with an illuminated glass pyramid (nicknamed “David’s Diamond” after the architect) make Worldwide Plaza distinct. Built in 1989, the building faces two residential towers across a public plaza with a fountain designed by Sidney Simon and a unique theater center currently occupied by five off-Broadway companies. The building rises from a site that had been a parking lot since 1968; prior to that, it was the location of the third Madison Square Garden, then home of the New York Rangers, the New York Knicks, and where actress Marilyn Monroe sang “Happy Birthday, Mr. President” to JFK at the latter’s birthday party in 1962. When the building was demolished, the neighborhood rallied to establish height codes – which now ensure that Worldwide Plaza will preserve its stunning views of a classic West Side neighborhood famed for its varied restaurants, street life and proximity to the Theater District.",Office,,216189,,Leasing (SL Green),Larry Swiger,larry.swiger@slgreen.com,(212) 216-1628,https://slgreen.com/properties/825-eighth-avenue/,2026-07-20T16:36:45+00:00,,,
SL Green,825 Eighth Avenue,825 Eighth Avenue,"825 Eighth Avenue, better known as Worldwide Plaza, is one of New York City’s most iconic buildings with a dominant presence on the Manhattan skyline. Occupying the entire block bounded by Eighth Avenue, West 50th Street, Ninth Avenue and West 49th Street, this two-million-square-foot mixed-use complex offers a unique workspace. A 49-story state-of-the-art office tower, Worldwide Plaza stands alongside a curated outdoor plaza and is surrounded by dynamic retail, dining, entertainment and recreational facilities, with on-site parking, fitness center, and five-stage off-broadway theater. Worldwide Plaza received LEED Gold certification in 2012 and has been ENERGY STAR rated since 2010. Designed by David Childs, of the world-renowned architectural firm Skidmore, Owings and Merrell, Worldwide Plaza is one of the most important Postmodern skyscrapers in the world and has been cited as “the first office building of any importance to be built west of Eighth Avenue since Raymond Hood’s McGraw Hill Building in 1931”. Comprised of a granite base, a brick shaft and a striking copper crown, the design references the classic setbacks, materials and coloration of the great Art Deco and Expressionist towers of 1920s and 1930s New York. Inset vertical piers, the use of different colors of brick and capping the building’s crown with an illuminated glass pyramid (nicknamed “David’s Diamond” after the architect) make Worldwide Plaza distinct. Built in 1989, the building faces two residential towers across a public plaza with a fountain designed by Sidney Simon and a unique theater center currently occupied by five off-Broadway companies. The building rises from a site that had been a parking lot since 1968; prior to that, it was the location of the third Madison Square Garden, then home of the New York Rangers, the New York Knicks, and where actress Marilyn Monroe sang “Happy Birthday, Mr. President” to JFK at the latter’s birthday party in 1962. When the building was demolished, the neighborhood rallied to establish height codes – which now ensure that Worldwide Plaza will preserve its stunning views of a classic West Side neighborhood famed for its varied restaurants, street life and proximity to the Theater District.",Office,,68644,,Leasing (SL Green),Larry Swiger,larry.swiger@slgreen.com,(212) 216-1628,https://slgreen.com/properties/825-eighth-avenue/,2026-07-20T16:36:45+00:00,,,
SL Green,825 Eighth Avenue,825 Eighth Avenue,"825 Eighth Avenue, better known as Worldwide Plaza, is one of New York City’s most iconic buildings with a dominant presence on the Manhattan skyline. Occupying the entire block bounded by Eighth Avenue, West 50th Street, Ninth Avenue and West 49th Street, this two-million-square-foot mixed-use complex offers a unique workspace. A 49-story state-of-the-art office tower, Worldwide Plaza stands alongside a curated outdoor plaza and is surrounded by dynamic retail, dining, entertainment and recreational facilities, with on-site parking, fitness center, and five-stage off-broadway theater. Worldwide Plaza received LEED Gold certification in 2012 and has been ENERGY STAR rated since 2010. Designed by David Childs, of the world-renowned architectural firm Skidmore, Owings and Merrell, Worldwide Plaza is one of the most important Postmodern skyscrapers in the world and has been cited as “the first office building of any importance to be built west of Eighth Avenue since Raymond Hood’s McGraw Hill Building in 1931”. Comprised of a granite base, a brick shaft and a striking copper crown, the design references the classic setbacks, materials and coloration of the great Art Deco and Expressionist towers of 1920s and 1930s New York. Inset vertical piers, the use of different colors of brick and capping the building’s crown with an illuminated glass pyramid (nicknamed “David’s Diamond” after the architect) make Worldwide Plaza distinct. Built in 1989, the building faces two residential towers across a public plaza with a fountain designed by Sidney Simon and a unique theater center currently occupied by five off-Broadway companies. The building rises from a site that had been a parking lot since 1968; prior to that, it was the location of the third Madison Square Garden, then home of the New York Rangers, the New York Knicks, and where actress Marilyn Monroe sang “Happy Birthday, Mr. President” to JFK at the latter’s birthday party in 1962. When the building was demolished, the neighborhood rallied to establish height codes – which now ensure that Worldwide Plaza will preserve its stunning views of a classic West Side neighborhood famed for its varied restaurants, street life and proximity to the Theater District.",Office,,379086,,Leasing (SL Green),Larry Swiger,larry.swiger@slgreen.com,(212) 216-1628,https://slgreen.com/properties/825-eighth-avenue/,2026-07-20T16:36:45+00:00,,,
SL Green,885 Third Avenue,885 Third Avenue,"One of Manhattan’s most iconic skyscrapers, 885 Third Avenue – better known as “The Lipstick Building” – rises 34 stories from the corner of Third Avenue and East 53rd Street in sweeping curved setbacks of red granite and stainless steel. Containing more than 600,000 square feet of Class A office space, the building incorporates a public plaza and renowned restaurant Wolfgang’s Steakhouse. Located near the Lexington Avenue-53rd Street station, 885 Third provides tenants with easy access to the E/M/6 subway lines and is a short walk to Grand Central Terminal. A unique example of the postmodern style, 885 Third was designed in 1986 and is a signature collaboration between the firm of John Burgee Architects and architect Phillip Johnson, co-designer of the nearby Seagram Building. Praised by critics for its flair and for providing contrast with the rectangularity of Mid-Century architecture, 885 Third has since become an icon of its era. 885 Third is colloquially as “The Lipstick Building” for its resemblance to a telescoping tube of lipstick. Rising in three tiers above a classical colonnade with details that suggest Art Deco, the ovoid tower remains an eye-catching reminder of the period’s glamour. In early 2024, a newly redesigned lobby was revealed. Created by MdeAS Architects, the lobby now features white marble walls and a prominent reception desk positioned at the forefront beneath a striking sculpture by German Modernist artist Imi Knoebel. The renovation also introduced modern LED lighting in the ceiling, refurbished elevator interiors, and updated seating arrangements. Additionally, the restaurant located at the lobby’s northern end was replaced by an Epicerie Boulud cafe and an open seating area, enhancing the lobby’s iconic oval shape.",Office,Entire 18th Floor,19269,,Leasing (SL Green),Larry Swiger,larry.swiger@slgreen.com,(212) 216-1628,https://slgreen.com/properties/885-third-avenue/,2026-07-20T16:36:45+00:00,,,
SL Green,885 Third Avenue,885 Third Avenue,"One of Manhattan’s most iconic skyscrapers, 885 Third Avenue – better known as “The Lipstick Building” – rises 34 stories from the corner of Third Avenue and East 53rd Street in sweeping curved setbacks of red granite and stainless steel. Containing more than 600,000 square feet of Class A office space, the building incorporates a public plaza and renowned restaurant Wolfgang’s Steakhouse. Located near the Lexington Avenue-53rd Street station, 885 Third provides tenants with easy access to the E/M/6 subway lines and is a short walk to Grand Central Terminal. A unique example of the postmodern style, 885 Third was designed in 1986 and is a signature collaboration between the firm of John Burgee Architects and architect Phillip Johnson, co-designer of the nearby Seagram Building. Praised by critics for its flair and for providing contrast with the rectangularity of Mid-Century architecture, 885 Third has since become an icon of its era. 885 Third is colloquially as “The Lipstick Building” for its resemblance to a telescoping tube of lipstick. Rising in three tiers above a classical colonnade with details that suggest Art Deco, the ovoid tower remains an eye-catching reminder of the period’s glamour. In early 2024, a newly redesigned lobby was revealed. Created by MdeAS Architects, the lobby now features white marble walls and a prominent reception desk positioned at the forefront beneath a striking sculpture by German Modernist artist Imi Knoebel. The renovation also introduced modern LED lighting in the ceiling, refurbished elevator interiors, and updated seating arrangements. Additionally, the restaurant located at the lobby’s northern end was replaced by an Epicerie Boulud cafe and an open seating area, enhancing the lobby’s iconic oval shape.",Office,2400B,3117,,Leasing (SL Green),Larry Swiger,larry.swiger@slgreen.com,(212) 216-1628,https://slgreen.com/properties/885-third-avenue/,2026-07-20T16:36:45+00:00,,,
SL Green,919 Third Avenue,919 Third Avenue,"Designed by the internationally renowned architecture firm Skidmore, Owings & Merrill, 919 Third Avenue is a 1.5 million-square-foot, 47-story glass and steel office tower. The property pairs a prestigious tenant roster and panoramic views with efficient center core floor plates, robust infrastructure, and on-site parking. The lobby and entrances have been upgraded with contemporary finishes that include new transparent exterior glass, stainless-steel reception desks, a new ceiling and lighting. 919 Third also has banking facilities and dining options on site. A commanding presence on its block, 919 Third is a classic example of the International style pioneered by Skidmore Owings & Merrill through the postwar period. Completed in 1970, the building was praised as “sleek but monumental” in the American Institute of Architects’ Guide to New York City. 919 Third is also an early example of a new development that was designed to accommodate an existing landmark – in this case, the famed saloon and restaurant P.J. Clarke’s, a New York legend in its own right. The AIA’s guide notes that the older building is treated by the newer one almost as “its plaza sculpture.” Established in 1884, the restaurant is home to what singer Nat King Cole once described as “The Cadillac of burgers” and was frequented by many figures in sports and music, including the Rock & Roll pioneer Buddy Holly, who proposed to his fiancé at P.J. Clarke’s during what was their first dinner date.",,,,,Leasing (SL Green),Larry Swiger,larry.swiger@slgreen.com,(212) 216-1628,https://slgreen.com/properties/919-third-avenue/,2026-07-20T16:36:45+00:00,,,
