landlord,building_name,address,description,space_type,floor_suite,size_sqft,rent,contact_role,contact_name,contact_email,contact_phone,source_url,scraped_at,neighborhood,lat,lng,image_url
Vornado Realty Trust,1290 Avenue Of The Americas,1290 Avenue Of The Americas,"Standing 43 stories high and encompassing 2 million square feet, this quintessential American skyscraper is centrally located at the heart of Midtown Manhattan, adjacent to Rockefeller Center and the iconic Radio City Music Hall. The building's infrastructure has been fully modernized, achieving LEED Gold certification. Vornado also completed a total lobby and triple-height glass curtain-wall entrance redevelopment to punctuate the building's significant Corporate Row presence. Visit Property Website Share the link by email Explore the Area Sustainability Fact Sheet (PDF) Property Brochure (PDF) 1290 Avenue of the Americas Brochure",Office,ENTIRE 6TH FLOOR,105952,Upon request,Leasing,"Senior Vice President, Leasing 212.894.7923",eriguardi@vno.com,,https://www.vno.com/office/property/1290-avenue-of-the-americas/3311697/landing,2026-07-20T21:46:18Z,,40.7608,-73.97958,https://cdn-vno.reol.com/vno/img/b9867d3025c834f426e767e14d9ecabc1c01cf76++600+0/na19_1290aoahero_1486362964.jpg
Vornado Realty Trust,1290 Avenue Of The Americas,1290 Avenue Of The Americas,"Standing 43 stories high and encompassing 2 million square feet, this quintessential American skyscraper is centrally located at the heart of Midtown Manhattan, adjacent to Rockefeller Center and the iconic Radio City Music Hall. The building's infrastructure has been fully modernized, achieving LEED Gold certification. Vornado also completed a total lobby and triple-height glass curtain-wall entrance redevelopment to punctuate the building's significant Corporate Row presence. Visit Property Website Share the link by email Explore the Area Sustainability Fact Sheet (PDF) Property Brochure (PDF) 1290 Avenue of the Americas Brochure",Office,ENTIRE 7TH FLOOR,100459,Upon request,Leasing,"Senior Vice President, Leasing 212.894.7923",eriguardi@vno.com,,https://www.vno.com/office/property/1290-avenue-of-the-americas/3311697/landing,2026-07-20T21:46:18Z,,40.7608,-73.97958,https://cdn-vno.reol.com/vno/img/b9867d3025c834f426e767e14d9ecabc1c01cf76++600+0/na19_1290aoahero_1486362964.jpg
Vornado Realty Trust,1290 Avenue Of The Americas,1290 Avenue Of The Americas,"Standing 43 stories high and encompassing 2 million square feet, this quintessential American skyscraper is centrally located at the heart of Midtown Manhattan, adjacent to Rockefeller Center and the iconic Radio City Music Hall. The building's infrastructure has been fully modernized, achieving LEED Gold certification. Vornado also completed a total lobby and triple-height glass curtain-wall entrance redevelopment to punctuate the building's significant Corporate Row presence. Visit Property Website Share the link by email Explore the Area Sustainability Fact Sheet (PDF) Property Brochure (PDF) 1290 Avenue of the Americas Brochure",Office,PARTIAL 8TH FLOOR,32923,Upon request,Leasing,"Senior Vice President, Leasing 212.894.7923",eriguardi@vno.com,,https://www.vno.com/office/property/1290-avenue-of-the-americas/3311697/landing,2026-07-20T21:46:18Z,,40.7608,-73.97958,https://cdn-vno.reol.com/vno/img/b9867d3025c834f426e767e14d9ecabc1c01cf76++600+0/na19_1290aoahero_1486362964.jpg
Vornado Realty Trust,888 Seventh Avenue,888 Seventh Avenue,"Adjacent to Carnegie Hall and steps from Columbus Circle, Central Park and the Ritz Carlton Hotel, 888 Seventh Avenue offers magnificent views of the Park and the Manhattan skyline. Serving as Vornado Realty Trust's headquarters, the building features an expansive lobby and plaza areas to create a dynamic modern entrance. Tenants and surrounding neighbors enjoy popular dining destinations Red Eye Grill and Brooklyn Diner. Share the link by email Explore the Area Sustainability Fact Sheet (PDF) Property Brochure (PDF) 888 Seventh Avenue Office Brochure",Office,PARTIAL 3RD FLOOR,15484,Upon request,Leasing,"Senior Vice President, Leasing 212.894.7923",eriguardi@vno.com,,https://www.vno.com/office/property/888-seventh-avenue/3311695/landing,2026-07-20T21:46:19Z,,40.76495,-73.980553,https://cdn-vno.reol.com/vno/img/b932be21de985554707506449f34ecf11b35a16e++600+0/n888_n888888seventhavehero_large_1486362962.jpg
Vornado Realty Trust,888 Seventh Avenue,888 Seventh Avenue,"Adjacent to Carnegie Hall and steps from Columbus Circle, Central Park and the Ritz Carlton Hotel, 888 Seventh Avenue offers magnificent views of the Park and the Manhattan skyline. Serving as Vornado Realty Trust's headquarters, the building features an expansive lobby and plaza areas to create a dynamic modern entrance. Tenants and surrounding neighbors enjoy popular dining destinations Red Eye Grill and Brooklyn Diner. Share the link by email Explore the Area Sustainability Fact Sheet (PDF) Property Brochure (PDF) 888 Seventh Avenue Office Brochure",Office,PARTIAL 6TH FLOOR,6643,Upon request,Leasing,"Senior Vice President, Leasing 212.894.7923",eriguardi@vno.com,,https://www.vno.com/office/property/888-seventh-avenue/3311695/landing,2026-07-20T21:46:19Z,,40.76495,-73.980553,https://cdn-vno.reol.com/vno/img/b932be21de985554707506449f34ecf11b35a16e++600+0/n888_n888888seventhavehero_large_1486362962.jpg
Vornado Realty Trust,888 Seventh Avenue,888 Seventh Avenue,"Adjacent to Carnegie Hall and steps from Columbus Circle, Central Park and the Ritz Carlton Hotel, 888 Seventh Avenue offers magnificent views of the Park and the Manhattan skyline. Serving as Vornado Realty Trust's headquarters, the building features an expansive lobby and plaza areas to create a dynamic modern entrance. Tenants and surrounding neighbors enjoy popular dining destinations Red Eye Grill and Brooklyn Diner. Share the link by email Explore the Area Sustainability Fact Sheet (PDF) Property Brochure (PDF) 888 Seventh Avenue Office Brochure",Office,PARTIAL 10TH FLOOR,4151,Upon request,Leasing,"Senior Vice President, Leasing 212.894.7923",eriguardi@vno.com,,https://www.vno.com/office/property/888-seventh-avenue/3311695/landing,2026-07-20T21:46:19Z,,40.76495,-73.980553,https://cdn-vno.reol.com/vno/img/b932be21de985554707506449f34ecf11b35a16e++600+0/n888_n888888seventhavehero_large_1486362962.jpg
Vornado Realty Trust,888 Seventh Avenue,888 Seventh Avenue,"Adjacent to Carnegie Hall and steps from Columbus Circle, Central Park and the Ritz Carlton Hotel, 888 Seventh Avenue offers magnificent views of the Park and the Manhattan skyline. Serving as Vornado Realty Trust's headquarters, the building features an expansive lobby and plaza areas to create a dynamic modern entrance. Tenants and surrounding neighbors enjoy popular dining destinations Red Eye Grill and Brooklyn Diner. Share the link by email Explore the Area Sustainability Fact Sheet (PDF) Property Brochure (PDF) 888 Seventh Avenue Office Brochure",Office,PARTIAL 15TH FLOOR,13481,Upon request,Leasing,"Senior Vice President, Leasing 212.894.7923",eriguardi@vno.com,,https://www.vno.com/office/property/888-seventh-avenue/3311695/landing,2026-07-20T21:46:19Z,,40.76495,-73.980553,https://cdn-vno.reol.com/vno/img/b932be21de985554707506449f34ecf11b35a16e++600+0/n888_n888888seventhavehero_large_1486362962.jpg
Vornado Realty Trust,888 Seventh Avenue,888 Seventh Avenue,"Adjacent to Carnegie Hall and steps from Columbus Circle, Central Park and the Ritz Carlton Hotel, 888 Seventh Avenue offers magnificent views of the Park and the Manhattan skyline. Serving as Vornado Realty Trust's headquarters, the building features an expansive lobby and plaza areas to create a dynamic modern entrance. Tenants and surrounding neighbors enjoy popular dining destinations Red Eye Grill and Brooklyn Diner. Share the link by email Explore the Area Sustainability Fact Sheet (PDF) Property Brochure (PDF) 888 Seventh Avenue Office Brochure",Office,PARTIAL 16TH FLOOR,9282,Upon request,Leasing,"Senior Vice President, Leasing 212.894.7923",eriguardi@vno.com,,https://www.vno.com/office/property/888-seventh-avenue/3311695/landing,2026-07-20T21:46:19Z,,40.76495,-73.980553,https://cdn-vno.reol.com/vno/img/b932be21de985554707506449f34ecf11b35a16e++600+0/n888_n888888seventhavehero_large_1486362962.jpg
Vornado Realty Trust,888 Seventh Avenue,888 Seventh Avenue,"Adjacent to Carnegie Hall and steps from Columbus Circle, Central Park and the Ritz Carlton Hotel, 888 Seventh Avenue offers magnificent views of the Park and the Manhattan skyline. Serving as Vornado Realty Trust's headquarters, the building features an expansive lobby and plaza areas to create a dynamic modern entrance. Tenants and surrounding neighbors enjoy popular dining destinations Red Eye Grill and Brooklyn Diner. Share the link by email Explore the Area Sustainability Fact Sheet (PDF) Property Brochure (PDF) 888 Seventh Avenue Office Brochure",Office,PARTIAL 16TH FLOOR,2896,Upon request,Leasing,"Senior Vice President, Leasing 212.894.7923",eriguardi@vno.com,,https://www.vno.com/office/property/888-seventh-avenue/3311695/landing,2026-07-20T21:46:19Z,,40.76495,-73.980553,https://cdn-vno.reol.com/vno/img/b932be21de985554707506449f34ecf11b35a16e++600+0/n888_n888888seventhavehero_large_1486362962.jpg
Vornado Realty Trust,888 Seventh Avenue,888 Seventh Avenue,"Adjacent to Carnegie Hall and steps from Columbus Circle, Central Park and the Ritz Carlton Hotel, 888 Seventh Avenue offers magnificent views of the Park and the Manhattan skyline. Serving as Vornado Realty Trust's headquarters, the building features an expansive lobby and plaza areas to create a dynamic modern entrance. Tenants and surrounding neighbors enjoy popular dining destinations Red Eye Grill and Brooklyn Diner. Share the link by email Explore the Area Sustainability Fact Sheet (PDF) Property Brochure (PDF) 888 Seventh Avenue Office Brochure",Office,PARTIAL 21ST FLOOR,6782,Upon request,Leasing,"Senior Vice President, Leasing 212.894.7923",eriguardi@vno.com,,https://www.vno.com/office/property/888-seventh-avenue/3311695/landing,2026-07-20T21:46:19Z,,40.76495,-73.980553,https://cdn-vno.reol.com/vno/img/b932be21de985554707506449f34ecf11b35a16e++600+0/n888_n888888seventhavehero_large_1486362962.jpg
Vornado Realty Trust,623 Fifth Avenue,623 Fifth Avenue,"A distinguished 36-story limestone tower situated above two of New York's most coveted landmarks, the flagship Saks Fifth Avenue department store and Rockefeller Center, 623 Fifth Avenue's column-free floor plates and expansive windows offer breathtaking views. Originally designed as the North American headquarters for Swiss Bank, the building will be redeveloped into a luxury boutique office building with quintessential hospitality services and exclusive Vornado WorkLife amenities. Share the link by email Property Brochure (PDF) 623 Fifth Avenue Office Brochure",Office,,,,,,,,https://www.vno.com/office/property/623-fifth-avenue/3314981/landing,2026-07-20T21:46:19Z,,40.75843,-73.97705,https://cdn-vno.reol.com/vno/img/b9d17423d440dd54c5247b9e82e9878ddcbd0fe8++600+0/n623_25kcjp_623fifth_bldg_50_1757656990.jpg
Vornado Realty Trust,640 Fifth Avenue,640 Fifth Avenue,"In 2005, Vornado completed a creative redevelopment of this boutique wedding-cake-style building across from Rockefeller Center on Fifth Avenue and 51st Street. To fully realize the value of the building's air rights, a 35,000-square-foot glass ""jewel box"" tower designed by Kohn Pedersen Fox Associates was added, maximizing views of Rockefeller Center's Channel Gardens and St. Patrick's Cathedral. The development comprises floor-to-ceiling glass walls and column-free space on tower floors, plus a sleek, modern lobby that features an Amses Cosma glass wall sculpture. Share the link by email Explore the Area Sustainability Fact Sheet (PDF) Property Brochure (PDF) 640 Fifth Avenue Office Brochure",Office,ENTIRE 4TH FLOOR,20395,Upon request,Leasing,"Vice President, Leasing 212.894.7407",abedell@vno.com,,https://www.vno.com/office/property/640-fifth-avenue/3311673/landing,2026-07-20T21:46:20Z,,40.75938,-73.97672,https://cdn-vno.reol.com/vno/img/275d5bb9f0b2eeba9a951a0dd558bd2037ae3854++600+0/n064_16kcjp_640fifth_bldg_83_1492665202.jpg
Vornado Realty Trust,640 Fifth Avenue,640 Fifth Avenue,"In 2005, Vornado completed a creative redevelopment of this boutique wedding-cake-style building across from Rockefeller Center on Fifth Avenue and 51st Street. To fully realize the value of the building's air rights, a 35,000-square-foot glass ""jewel box"" tower designed by Kohn Pedersen Fox Associates was added, maximizing views of Rockefeller Center's Channel Gardens and St. Patrick's Cathedral. The development comprises floor-to-ceiling glass walls and column-free space on tower floors, plus a sleek, modern lobby that features an Amses Cosma glass wall sculpture. Share the link by email Explore the Area Sustainability Fact Sheet (PDF) Property Brochure (PDF) 640 Fifth Avenue Office Brochure",Office,ENITRE 10TH FLOOR,12875,Upon request,Leasing,"Vice President, Leasing 212.894.7407",abedell@vno.com,,https://www.vno.com/office/property/640-fifth-avenue/3311673/landing,2026-07-20T21:46:20Z,,40.75938,-73.97672,https://cdn-vno.reol.com/vno/img/275d5bb9f0b2eeba9a951a0dd558bd2037ae3854++600+0/n064_16kcjp_640fifth_bldg_83_1492665202.jpg
Vornado Realty Trust,640 Fifth Avenue,640 Fifth Avenue,"In 2005, Vornado completed a creative redevelopment of this boutique wedding-cake-style building across from Rockefeller Center on Fifth Avenue and 51st Street. To fully realize the value of the building's air rights, a 35,000-square-foot glass ""jewel box"" tower designed by Kohn Pedersen Fox Associates was added, maximizing views of Rockefeller Center's Channel Gardens and St. Patrick's Cathedral. The development comprises floor-to-ceiling glass walls and column-free space on tower floors, plus a sleek, modern lobby that features an Amses Cosma glass wall sculpture. Share the link by email Explore the Area Sustainability Fact Sheet (PDF) Property Brochure (PDF) 640 Fifth Avenue Office Brochure",Office,ENTIRE 16TH FLOOR,10537,Upon request,Leasing,"Vice President, Leasing 212.894.7407",abedell@vno.com,,https://www.vno.com/office/property/640-fifth-avenue/3311673/landing,2026-07-20T21:46:20Z,,40.75938,-73.97672,https://cdn-vno.reol.com/vno/img/275d5bb9f0b2eeba9a951a0dd558bd2037ae3854++600+0/n064_16kcjp_640fifth_bldg_83_1492665202.jpg
Vornado Realty Trust,640 Fifth Avenue,640 Fifth Avenue,"In 2005, Vornado completed a creative redevelopment of this boutique wedding-cake-style building across from Rockefeller Center on Fifth Avenue and 51st Street. To fully realize the value of the building's air rights, a 35,000-square-foot glass ""jewel box"" tower designed by Kohn Pedersen Fox Associates was added, maximizing views of Rockefeller Center's Channel Gardens and St. Patrick's Cathedral. The development comprises floor-to-ceiling glass walls and column-free space on tower floors, plus a sleek, modern lobby that features an Amses Cosma glass wall sculpture. Share the link by email Explore the Area Sustainability Fact Sheet (PDF) Property Brochure (PDF) 640 Fifth Avenue Office Brochure",Office,ENTIRE 18TH FLOOR,10532,Upon request,Leasing,"Vice President, Leasing 212.894.7407",abedell@vno.com,,https://www.vno.com/office/property/640-fifth-avenue/3311673/landing,2026-07-20T21:46:20Z,,40.75938,-73.97672,https://cdn-vno.reol.com/vno/img/275d5bb9f0b2eeba9a951a0dd558bd2037ae3854++600+0/n064_16kcjp_640fifth_bldg_83_1492665202.jpg
Vornado Realty Trust,640 Fifth Avenue,640 Fifth Avenue,"In 2005, Vornado completed a creative redevelopment of this boutique wedding-cake-style building across from Rockefeller Center on Fifth Avenue and 51st Street. To fully realize the value of the building's air rights, a 35,000-square-foot glass ""jewel box"" tower designed by Kohn Pedersen Fox Associates was added, maximizing views of Rockefeller Center's Channel Gardens and St. Patrick's Cathedral. The development comprises floor-to-ceiling glass walls and column-free space on tower floors, plus a sleek, modern lobby that features an Amses Cosma glass wall sculpture. Share the link by email Explore the Area Sustainability Fact Sheet (PDF) Property Brochure (PDF) 640 Fifth Avenue Office Brochure",Office,ENTIRE 22ND FLOOR,10278,Upon request,Leasing,"Vice President, Leasing 212.894.7407",abedell@vno.com,,https://www.vno.com/office/property/640-fifth-avenue/3311673/landing,2026-07-20T21:46:20Z,,40.75938,-73.97672,https://cdn-vno.reol.com/vno/img/275d5bb9f0b2eeba9a951a0dd558bd2037ae3854++600+0/n064_16kcjp_640fifth_bldg_83_1492665202.jpg
Vornado Realty Trust,689 Fifth Avenue,689 Fifth Avenue,"689 Fifth Avenue is an architecturally significant, landmarked building perfectly positioned in the heart of midtown Manhattan. Vornado completed a capital improvement program which included new ground floor retail storefront replacement featuring a limestone and granite facade with bronze storefront framing and insulated glass display windows. The building also underwent a capital improvement program featuring a new office lobby, refurbished elevator cabs and a distinguished exterior lighting program for dramatic streetscape recognition. Share the link by email Explore the Area Sustainability Fact Sheet (PDF) Property Brochure (PDF) 689 Fifth Avenue Office Brochure",Office,,,,,,,,https://www.vno.com/office/property/689-fifth-avenue/3311679/landing,2026-07-20T21:46:21Z,,40.76111,-73.97518,https://cdn-vno.reol.com/vno/img/2b1d97f3bb015a0765975d226c771044e05f38bf++600+0/n089_689hero_1486362938.jpg
Vornado Realty Trust,595 Madison Avenue,595 Madison Avenue,"Neighboring the Four Seasons Hotel, the landmarked Fuller Building anchors the corner of 57th Street and Madison Avenue and is filled with renowned galleries, showrooms and executive offices for luxury retail and apparel companies. Share the link by email Explore the Area Sustainability Fact Sheet (PDF) Property Brochure (PDF) 595 Madison Avenue Office Brochure",Office,PARTIAL 5TH FLOOR,3482,Upon request,Leasing,"Vice President, Leasing 212.894.7472",rlevy@vno.com,,https://www.vno.com/office/property/595-madison-avenue/3311671/landing,2026-07-20T21:46:21Z,,40.7624,-73.9721,https://cdn-vno.reol.com/vno/img/46e9518ddbca344631ca6d4a873eac3e91853997++600+0/n059_21kcjp_595mad_bldg_127_custom_1643698888.jpg
Vornado Realty Trust,595 Madison Avenue,595 Madison Avenue,"Neighboring the Four Seasons Hotel, the landmarked Fuller Building anchors the corner of 57th Street and Madison Avenue and is filled with renowned galleries, showrooms and executive offices for luxury retail and apparel companies. Share the link by email Explore the Area Sustainability Fact Sheet (PDF) Property Brochure (PDF) 595 Madison Avenue Office Brochure",Office,PARTIAL 7TH FLOOR,6550,Upon request,Leasing,"Vice President, Leasing 212.894.7472",rlevy@vno.com,,https://www.vno.com/office/property/595-madison-avenue/3311671/landing,2026-07-20T21:46:21Z,,40.7624,-73.9721,https://cdn-vno.reol.com/vno/img/46e9518ddbca344631ca6d4a873eac3e91853997++600+0/n059_21kcjp_595mad_bldg_127_custom_1643698888.jpg
Vornado Realty Trust,595 Madison Avenue,595 Madison Avenue,"Neighboring the Four Seasons Hotel, the landmarked Fuller Building anchors the corner of 57th Street and Madison Avenue and is filled with renowned galleries, showrooms and executive offices for luxury retail and apparel companies. Share the link by email Explore the Area Sustainability Fact Sheet (PDF) Property Brochure (PDF) 595 Madison Avenue Office Brochure",Office,PARTIAL 11TH FLOOR,3790,Upon request,Leasing,"Vice President, Leasing 212.894.7472",rlevy@vno.com,,https://www.vno.com/office/property/595-madison-avenue/3311671/landing,2026-07-20T21:46:21Z,,40.7624,-73.9721,https://cdn-vno.reol.com/vno/img/46e9518ddbca344631ca6d4a873eac3e91853997++600+0/n059_21kcjp_595mad_bldg_127_custom_1643698888.jpg
Vornado Realty Trust,595 Madison Avenue,595 Madison Avenue,"Neighboring the Four Seasons Hotel, the landmarked Fuller Building anchors the corner of 57th Street and Madison Avenue and is filled with renowned galleries, showrooms and executive offices for luxury retail and apparel companies. Share the link by email Explore the Area Sustainability Fact Sheet (PDF) Property Brochure (PDF) 595 Madison Avenue Office Brochure",Office,PARTIAL 13TH FLOOR,2826,Upon request,Leasing,"Vice President, Leasing 212.894.7472",rlevy@vno.com,,https://www.vno.com/office/property/595-madison-avenue/3311671/landing,2026-07-20T21:46:21Z,,40.7624,-73.9721,https://cdn-vno.reol.com/vno/img/46e9518ddbca344631ca6d4a873eac3e91853997++600+0/n059_21kcjp_595mad_bldg_127_custom_1643698888.jpg
Vornado Realty Trust,595 Madison Avenue,595 Madison Avenue,"Neighboring the Four Seasons Hotel, the landmarked Fuller Building anchors the corner of 57th Street and Madison Avenue and is filled with renowned galleries, showrooms and executive offices for luxury retail and apparel companies. Share the link by email Explore the Area Sustainability Fact Sheet (PDF) Property Brochure (PDF) 595 Madison Avenue Office Brochure",Office,PARTIAL 15TH FLOOR,5212,Upon request,Leasing,"Vice President, Leasing 212.894.7472",rlevy@vno.com,,https://www.vno.com/office/property/595-madison-avenue/3311671/landing,2026-07-20T21:46:21Z,,40.7624,-73.9721,https://cdn-vno.reol.com/vno/img/46e9518ddbca344631ca6d4a873eac3e91853997++600+0/n059_21kcjp_595mad_bldg_127_custom_1643698888.jpg
Vornado Realty Trust,595 Madison Avenue,595 Madison Avenue,"Neighboring the Four Seasons Hotel, the landmarked Fuller Building anchors the corner of 57th Street and Madison Avenue and is filled with renowned galleries, showrooms and executive offices for luxury retail and apparel companies. Share the link by email Explore the Area Sustainability Fact Sheet (PDF) Property Brochure (PDF) 595 Madison Avenue Office Brochure",Office,ENTIRE 20TH FLOOR,4371,Upon request,Leasing,"Vice President, Leasing 212.894.7472",rlevy@vno.com,,https://www.vno.com/office/property/595-madison-avenue/3311671/landing,2026-07-20T21:46:21Z,,40.7624,-73.9721,https://cdn-vno.reol.com/vno/img/46e9518ddbca344631ca6d4a873eac3e91853997++600+0/n059_21kcjp_595mad_bldg_127_custom_1643698888.jpg
Vornado Realty Trust,595 Madison Avenue,595 Madison Avenue,"Neighboring the Four Seasons Hotel, the landmarked Fuller Building anchors the corner of 57th Street and Madison Avenue and is filled with renowned galleries, showrooms and executive offices for luxury retail and apparel companies. Share the link by email Explore the Area Sustainability Fact Sheet (PDF) Property Brochure (PDF) 595 Madison Avenue Office Brochure",Office,ENTIRE 28TH FLOOR,3920,Upon request,Leasing,"Vice President, Leasing 212.894.7472",rlevy@vno.com,,https://www.vno.com/office/property/595-madison-avenue/3311671/landing,2026-07-20T21:46:21Z,,40.7624,-73.9721,https://cdn-vno.reol.com/vno/img/46e9518ddbca344631ca6d4a873eac3e91853997++600+0/n059_21kcjp_595mad_bldg_127_custom_1643698888.jpg
Vornado Realty Trust,595 Madison Avenue,595 Madison Avenue,"Neighboring the Four Seasons Hotel, the landmarked Fuller Building anchors the corner of 57th Street and Madison Avenue and is filled with renowned galleries, showrooms and executive offices for luxury retail and apparel companies. Share the link by email Explore the Area Sustainability Fact Sheet (PDF) Property Brochure (PDF) 595 Madison Avenue Office Brochure",Office,ENTIRE 39TH FLOOR,3119,Upon request,Leasing,"Vice President, Leasing 212.894.7472",rlevy@vno.com,,https://www.vno.com/office/property/595-madison-avenue/3311671/landing,2026-07-20T21:46:21Z,,40.7624,-73.9721,https://cdn-vno.reol.com/vno/img/46e9518ddbca344631ca6d4a873eac3e91853997++600+0/n059_21kcjp_595mad_bldg_127_custom_1643698888.jpg
Vornado Realty Trust,650 Madison Avenue,650 Madison Avenue,"650 Madison Avenue is located in the heart of the Plaza District with unique views of Central Park and a prestigious lobby designed by Armas & Shannon. The office space is world headquarters for Polo Ralph Lauren and retail tenants include Celine, Moncler, Balmain, Cremieux, Bape and Tod's. Share the link by email Explore the Area Sustainability Fact Sheet (PDF) Property Brochure (PDF)",Office,,,,,,,,https://www.vno.com/office/property/650-madison-avenue/3311691/landing,2026-07-20T21:46:22Z,,40.76392,-73.97129,https://cdn-vno.reol.com/vno/img/049c8c62d74feabb03d721abe5395f763de55d6c++600+0/n650_22kcjp_650mad_bldg_115_web_1742018495.jpg
Vornado Realty Trust,280 Park Avenue,280 Park Avenue,"280 Park Avenue is one of Manhattan's premier corporate addresses, prominently located at the North Passageway of Grand Central Terminal, the bulls eye of the exclusive Park Avenue business corridor. Vornado and its joint venture partner have completed a full property transformation and modernization, including a new lobby with 25-foot-high ceilings extending the full block-front of Park Avenue. Other highlights include fully redeveloped entrances and plaza areas with abundant green space, an interior atrium with a museum-quality reflecting pool, a new double height retail presence on both 48th and 49th Streets and a redesigned floor-to-ceiling glass bridge building integrating the entire 1.3 million square foot complex. Share the link by email Explore the Area Sustainability Fact Sheet (PDF) Property Brochure (PDF)",Office,PARTIAL 22ND FLOOR,8942,Upon request,Leasing,"Senior Vice President, Leasing 212.894.7923",eriguardi@vno.com,,https://www.vno.com/office/property/280-park-avenue/3311687/landing,2026-07-20T21:46:23Z,,40.75632,-73.97489,https://cdn-vno.reol.com/vno/img/77a1ae42340ffa10ac3ce4f25e4d5162a2fe8288++600+0/n280_280hero_final_1486362950.jpg
Vornado Realty Trust,280 Park Avenue,280 Park Avenue,"280 Park Avenue is one of Manhattan's premier corporate addresses, prominently located at the North Passageway of Grand Central Terminal, the bulls eye of the exclusive Park Avenue business corridor. Vornado and its joint venture partner have completed a full property transformation and modernization, including a new lobby with 25-foot-high ceilings extending the full block-front of Park Avenue. Other highlights include fully redeveloped entrances and plaza areas with abundant green space, an interior atrium with a museum-quality reflecting pool, a new double height retail presence on both 48th and 49th Streets and a redesigned floor-to-ceiling glass bridge building integrating the entire 1.3 million square foot complex. Share the link by email Explore the Area Sustainability Fact Sheet (PDF) Property Brochure (PDF)",Office,ENTIRE 29TH FLOOR,8941,Upon request,Leasing,"Senior Vice President, Leasing 212.894.7923",eriguardi@vno.com,,https://www.vno.com/office/property/280-park-avenue/3311687/landing,2026-07-20T21:46:23Z,,40.75632,-73.97489,https://cdn-vno.reol.com/vno/img/77a1ae42340ffa10ac3ce4f25e4d5162a2fe8288++600+0/n280_280hero_final_1486362950.jpg
Vornado Realty Trust,280 Park Avenue,280 Park Avenue,"280 Park Avenue is one of Manhattan's premier corporate addresses, prominently located at the North Passageway of Grand Central Terminal, the bulls eye of the exclusive Park Avenue business corridor. Vornado and its joint venture partner have completed a full property transformation and modernization, including a new lobby with 25-foot-high ceilings extending the full block-front of Park Avenue. Other highlights include fully redeveloped entrances and plaza areas with abundant green space, an interior atrium with a museum-quality reflecting pool, a new double height retail presence on both 48th and 49th Streets and a redesigned floor-to-ceiling glass bridge building integrating the entire 1.3 million square foot complex. Share the link by email Explore the Area Sustainability Fact Sheet (PDF) Property Brochure (PDF)",Office,PARTIAL W43RD FLOOR,8587,Upon request,Leasing,"Senior Vice President, Leasing 212.894.7923",eriguardi@vno.com,,https://www.vno.com/office/property/280-park-avenue/3311687/landing,2026-07-20T21:46:23Z,,40.75632,-73.97489,https://cdn-vno.reol.com/vno/img/77a1ae42340ffa10ac3ce4f25e4d5162a2fe8288++600+0/n280_280hero_final_1486362950.jpg
Vornado Realty Trust,350 Park Avenue,350 Park Avenue,"350 Park Avenue is located in the heart of the Park Avenue corridor. The building has full block-front presence with proximity to Fifth Avenue retail and Grand Central Station. A classic Park Avenue building, 350 Park Avenue boasts a boutique financial tenant roster. Share the link by email Explore the Area Sustainability Fact Sheet (PDF) Property Brochure (PDF)",Office,,,,,,,,https://www.vno.com/office/property/350-park-avenue/3311665/landing,2026-07-20T21:46:24Z,,40.758251,-73.973534,https://cdn-vno.reol.com/vno/img/f8390b5f9949811cda266d1f13ca3c1ae81a46ff++600+0/n035_350parkavehero_1486362919.jpg
Vornado Realty Trust,50 West 57Th Street,50 West 57Th Street,"Together with some of the most recognized luxury retailers in the world, Manhattan’s prestigious 57th Street houses a selection of the most expensive hotels, residential and office buildings in the US. Vornado controls 5 properties between Fifth and Sixth Avenues, along the desirable 57th Street corridor, which stretches from Madison to 6th Avenue. Share the link by email Explore the Area Sustainability Fact Sheet (PDF) Property Brochure (PDF)",Office,ENTIRE 5TH FLOOR,5410,Upon request,Leasing,"Managing Director, Leasing 212.894.7425",acugini@vno.com,,https://www.vno.com/office/property/50-west-57th-street/3311755/landing,2026-07-20T21:46:24Z,,40.76387,-73.97651,https://cdn-vno.reol.com/vno/img/ab343bb2552cd9de2487cb23ca1cc8dd46daf314++600+0/ua50_50west57thhero_1486363034.jpg
Vornado Realty Trust,50 West 57Th Street,50 West 57Th Street,"Together with some of the most recognized luxury retailers in the world, Manhattan’s prestigious 57th Street houses a selection of the most expensive hotels, residential and office buildings in the US. Vornado controls 5 properties between Fifth and Sixth Avenues, along the desirable 57th Street corridor, which stretches from Madison to 6th Avenue. Share the link by email Explore the Area Sustainability Fact Sheet (PDF) Property Brochure (PDF)",Office,ENTIRE 15TH FLOOR,3383,Upon request,Leasing,"Managing Director, Leasing 212.894.7425",acugini@vno.com,,https://www.vno.com/office/property/50-west-57th-street/3311755/landing,2026-07-20T21:46:24Z,,40.76387,-73.97651,https://cdn-vno.reol.com/vno/img/ab343bb2552cd9de2487cb23ca1cc8dd46daf314++600+0/ua50_50west57thhero_1486363034.jpg
Vornado Realty Trust,50 West 57Th Street,50 West 57Th Street,"Together with some of the most recognized luxury retailers in the world, Manhattan’s prestigious 57th Street houses a selection of the most expensive hotels, residential and office buildings in the US. Vornado controls 5 properties between Fifth and Sixth Avenues, along the desirable 57th Street corridor, which stretches from Madison to 6th Avenue. Share the link by email Explore the Area Sustainability Fact Sheet (PDF) Property Brochure (PDF)",Office,ENTIRE 16TH FLOOR,3041,Upon request,Leasing,"Managing Director, Leasing 212.894.7425",acugini@vno.com,,https://www.vno.com/office/property/50-west-57th-street/3311755/landing,2026-07-20T21:46:24Z,,40.76387,-73.97651,https://cdn-vno.reol.com/vno/img/ab343bb2552cd9de2487cb23ca1cc8dd46daf314++600+0/ua50_50west57thhero_1486363034.jpg
Vornado Realty Trust,90 Park Avenue,90 Park Avenue,"90 Park Avenue stands at the gateway to the core Midtown business district and at the north end of the popular Murray Hill residential district. 90 Park Avenue is within steps of Grand Central Terminal, the New York Public Library and hospitality anchors such as Cipriani 42nd Street and the Grand Hyatt Hotel. Vornado has completed a major capital improvement program including a modernized lobby, destination dispatch elevators and upgraded mechanical systems to transform this building into a state-of-the-art, Class A asset. Share the link by email Explore the Area Sustainability Fact Sheet (PDF) Property Brochure (PDF)",Office,,,,,,,,https://www.vno.com/office/property/90-park-avenue/3311681/landing,2026-07-20T21:46:25Z,,40.750561,-73.979134,https://cdn-vno.reol.com/vno/img/044433d806e81ccf2f63024e27f41f4134464b46++600+0/n090_90parkavehero_1486362941.jpg
Vornado Realty Trust,100 West 33Rd Street,100 West 33Rd Street,"Originally built as a flagship department store, the 1 million square foot building offers great ceiling heights, abundant natural light and a unique, grand-scale atrium that brings light and views to the core of the building. These special features and the large floorplates have attracted creative services and advertising/media companies seeking open, expansive layouts. Share the link by email Sustainability Fact Sheet (PDF) Property Brochure (PDF) THE PENN DISTRICT Brochure",Office,,,,,,,,https://www.vno.com/office/property/manhattan-mall/100-west-33rd-street/3311652/landing,2026-07-20T21:46:26Z,,40.74916,-73.98919,https://cdn-vno.reol.com/vno/img/2c142e3c4d1fb598e9eba6283f3e7fe06fdfb6b3++600+0/mf1415_100west33rdhero_1486362899.jpg
Vornado Realty Trust,The Farley Building,The Farley Building,"The Farley Building, the former 1912 James A. Farley Post Office, has undergone a complete transformation to become New York City's best-in-class creative office hub. This adaptive reuse of an iconic civic building designed by McKim, Mead and White, famed architects of original Penn Station, features 740,000 square feet of office space, 120,000 square feet of curated retail and new majestic train hall. This horizontal campus is located in the center of New York's Midtown West submarket on top of the busiest transportation hub in the country with nearly every NYC subway line, Amtrak, LIRR and NJ Transit directly accessible from the building. The Farley Building features large, open floorplates to foster collaboration and innovation, slab heights of over 17 feet, 40' x 32' column spacing, and multiple office lobbies. The Fifth Floor contains nearly 70,000 square feet of outdoor landscaped park space to inspire the building's tenants to interact with nature and encouraging movement, wellness and fitness. In addition, a 6,000 square foot, column-free glass pavilion located on the Fifth Floor features 25 foot ceilings and glass walls that open to the building's outdoor green space. Share the link by email Sustainability Fact Sheet (PDF) THE PENN DISTRICT Brochure Stacking Plan (PDF)",Office,,,,,,,,https://www.vno.com/office/property/the-farley-building/3313609/landing,2026-07-20T21:46:26Z,,40.751546,-73.995911,https://cdn-vno.reol.com/vno/img/2e6ff68ebc43fdc7c320b7ca444c7d1e44d33c47++600+0/farley_farley_1741244467.jpg
Vornado Realty Trust,Penn 1,Penn 1,"Vornado's transformation of the midcentury PENN 1 to an office building of the future has redefined working in THE PENN DISTRICT. The first three levels deliver WorkLife, an amenity ecosystem for tenants to focus on both work and self-care. The lobby offers two options for grab and go food, Office Hours and Blue Bottle as well as Blue Ribbon Sushi & Steak, an exciting dining experience combining traditional Japanese cuisine with a modern-day steakhouse. A social stair connects the main entrance on the first level to the amenities on levels two and three. The social stair's bleacher seats and large LED panels are the perfect location for casual meetings or private events. Level two features The Landing - a full-service restaurant with private dining rooms, multiple tenant lounges for socializing and working, Life Time - a 53,000 SF fitness and wellness center, WorkLife Meetings - a 20,000 SF conferencing facility and WorkLife Office Suites - over 80,000 SF of adaptable workspace. The significant upgrades to the exterior building included full facade painting - taking the mullions from silver to black. Distinctive color change lighting in the building crown now illuminates PENN 1's place in the ever changing skyline. Visit Property Website Share the link by email Explore the Area Sustainability Fact Sheet (PDF) Property Brochure (PDF) THE PENN DISTRICT Brochure",Office,ENTIRE 8TH FLOOR,61346,Upon request,Leasing,"EVP, Director of PENN DISTRICT Leasing 212.894.7413",jglick@vno.com,,https://www.vno.com/office/property/penn-1/3311658/landing,2026-07-20T21:46:27Z,,40.75136,-73.99245,https://cdn-vno.reol.com/vno/img/7cf197a9d733313f3379358578be8a67075d24aa++600+0/240828_penn_1_office_images_01.jpg
Vornado Realty Trust,Penn 1,Penn 1,"Vornado's transformation of the midcentury PENN 1 to an office building of the future has redefined working in THE PENN DISTRICT. The first three levels deliver WorkLife, an amenity ecosystem for tenants to focus on both work and self-care. The lobby offers two options for grab and go food, Office Hours and Blue Bottle as well as Blue Ribbon Sushi & Steak, an exciting dining experience combining traditional Japanese cuisine with a modern-day steakhouse. A social stair connects the main entrance on the first level to the amenities on levels two and three. The social stair's bleacher seats and large LED panels are the perfect location for casual meetings or private events. Level two features The Landing - a full-service restaurant with private dining rooms, multiple tenant lounges for socializing and working, Life Time - a 53,000 SF fitness and wellness center, WorkLife Meetings - a 20,000 SF conferencing facility and WorkLife Office Suites - over 80,000 SF of adaptable workspace. The significant upgrades to the exterior building included full facade painting - taking the mullions from silver to black. Distinctive color change lighting in the building crown now illuminates PENN 1's place in the ever changing skyline. Visit Property Website Share the link by email Explore the Area Sustainability Fact Sheet (PDF) Property Brochure (PDF) THE PENN DISTRICT Brochure",Office,PARTIAL 14TH FLOOR,1361,Upon request,Leasing,"EVP, Director of PENN DISTRICT Leasing 212.894.7413",jglick@vno.com,,https://www.vno.com/office/property/penn-1/3311658/landing,2026-07-20T21:46:27Z,,40.75136,-73.99245,https://cdn-vno.reol.com/vno/img/7cf197a9d733313f3379358578be8a67075d24aa++600+0/240828_penn_1_office_images_01.jpg
Vornado Realty Trust,Penn 1,Penn 1,"Vornado's transformation of the midcentury PENN 1 to an office building of the future has redefined working in THE PENN DISTRICT. The first three levels deliver WorkLife, an amenity ecosystem for tenants to focus on both work and self-care. The lobby offers two options for grab and go food, Office Hours and Blue Bottle as well as Blue Ribbon Sushi & Steak, an exciting dining experience combining traditional Japanese cuisine with a modern-day steakhouse. A social stair connects the main entrance on the first level to the amenities on levels two and three. The social stair's bleacher seats and large LED panels are the perfect location for casual meetings or private events. Level two features The Landing - a full-service restaurant with private dining rooms, multiple tenant lounges for socializing and working, Life Time - a 53,000 SF fitness and wellness center, WorkLife Meetings - a 20,000 SF conferencing facility and WorkLife Office Suites - over 80,000 SF of adaptable workspace. The significant upgrades to the exterior building included full facade painting - taking the mullions from silver to black. Distinctive color change lighting in the building crown now illuminates PENN 1's place in the ever changing skyline. Visit Property Website Share the link by email Explore the Area Sustainability Fact Sheet (PDF) Property Brochure (PDF) THE PENN DISTRICT Brochure",Office,PARTIAL 16TH FLOOR,2762,Upon request,Leasing,"EVP, Director of PENN DISTRICT Leasing 212.894.7413",jglick@vno.com,,https://www.vno.com/office/property/penn-1/3311658/landing,2026-07-20T21:46:27Z,,40.75136,-73.99245,https://cdn-vno.reol.com/vno/img/7cf197a9d733313f3379358578be8a67075d24aa++600+0/240828_penn_1_office_images_01.jpg
Vornado Realty Trust,Penn 1,Penn 1,"Vornado's transformation of the midcentury PENN 1 to an office building of the future has redefined working in THE PENN DISTRICT. The first three levels deliver WorkLife, an amenity ecosystem for tenants to focus on both work and self-care. The lobby offers two options for grab and go food, Office Hours and Blue Bottle as well as Blue Ribbon Sushi & Steak, an exciting dining experience combining traditional Japanese cuisine with a modern-day steakhouse. A social stair connects the main entrance on the first level to the amenities on levels two and three. The social stair's bleacher seats and large LED panels are the perfect location for casual meetings or private events. Level two features The Landing - a full-service restaurant with private dining rooms, multiple tenant lounges for socializing and working, Life Time - a 53,000 SF fitness and wellness center, WorkLife Meetings - a 20,000 SF conferencing facility and WorkLife Office Suites - over 80,000 SF of adaptable workspace. The significant upgrades to the exterior building included full facade painting - taking the mullions from silver to black. Distinctive color change lighting in the building crown now illuminates PENN 1's place in the ever changing skyline. Visit Property Website Share the link by email Explore the Area Sustainability Fact Sheet (PDF) Property Brochure (PDF) THE PENN DISTRICT Brochure",Office,PARTIAL 18TH FLOOR,4104,Upon request,Leasing,"EVP, Director of PENN DISTRICT Leasing 212.894.7413",jglick@vno.com,,https://www.vno.com/office/property/penn-1/3311658/landing,2026-07-20T21:46:27Z,,40.75136,-73.99245,https://cdn-vno.reol.com/vno/img/7cf197a9d733313f3379358578be8a67075d24aa++600+0/240828_penn_1_office_images_01.jpg
Vornado Realty Trust,Penn 1,Penn 1,"Vornado's transformation of the midcentury PENN 1 to an office building of the future has redefined working in THE PENN DISTRICT. The first three levels deliver WorkLife, an amenity ecosystem for tenants to focus on both work and self-care. The lobby offers two options for grab and go food, Office Hours and Blue Bottle as well as Blue Ribbon Sushi & Steak, an exciting dining experience combining traditional Japanese cuisine with a modern-day steakhouse. A social stair connects the main entrance on the first level to the amenities on levels two and three. The social stair's bleacher seats and large LED panels are the perfect location for casual meetings or private events. Level two features The Landing - a full-service restaurant with private dining rooms, multiple tenant lounges for socializing and working, Life Time - a 53,000 SF fitness and wellness center, WorkLife Meetings - a 20,000 SF conferencing facility and WorkLife Office Suites - over 80,000 SF of adaptable workspace. The significant upgrades to the exterior building included full facade painting - taking the mullions from silver to black. Distinctive color change lighting in the building crown now illuminates PENN 1's place in the ever changing skyline. Visit Property Website Share the link by email Explore the Area Sustainability Fact Sheet (PDF) Property Brochure (PDF) THE PENN DISTRICT Brochure",Office,PARTIAL 22ND FLOOR,3470,Upon request,Leasing,"EVP, Director of PENN DISTRICT Leasing 212.894.7413",jglick@vno.com,,https://www.vno.com/office/property/penn-1/3311658/landing,2026-07-20T21:46:27Z,,40.75136,-73.99245,https://cdn-vno.reol.com/vno/img/7cf197a9d733313f3379358578be8a67075d24aa++600+0/240828_penn_1_office_images_01.jpg
Vornado Realty Trust,Penn 1,Penn 1,"Vornado's transformation of the midcentury PENN 1 to an office building of the future has redefined working in THE PENN DISTRICT. The first three levels deliver WorkLife, an amenity ecosystem for tenants to focus on both work and self-care. The lobby offers two options for grab and go food, Office Hours and Blue Bottle as well as Blue Ribbon Sushi & Steak, an exciting dining experience combining traditional Japanese cuisine with a modern-day steakhouse. A social stair connects the main entrance on the first level to the amenities on levels two and three. The social stair's bleacher seats and large LED panels are the perfect location for casual meetings or private events. Level two features The Landing - a full-service restaurant with private dining rooms, multiple tenant lounges for socializing and working, Life Time - a 53,000 SF fitness and wellness center, WorkLife Meetings - a 20,000 SF conferencing facility and WorkLife Office Suites - over 80,000 SF of adaptable workspace. The significant upgrades to the exterior building included full facade painting - taking the mullions from silver to black. Distinctive color change lighting in the building crown now illuminates PENN 1's place in the ever changing skyline. Visit Property Website Share the link by email Explore the Area Sustainability Fact Sheet (PDF) Property Brochure (PDF) THE PENN DISTRICT Brochure",Office,PARTIAL 31ST FLOOR,7606,Upon request,Leasing,"EVP, Director of PENN DISTRICT Leasing 212.894.7413",jglick@vno.com,,https://www.vno.com/office/property/penn-1/3311658/landing,2026-07-20T21:46:27Z,,40.75136,-73.99245,https://cdn-vno.reol.com/vno/img/7cf197a9d733313f3379358578be8a67075d24aa++600+0/240828_penn_1_office_images_01.jpg
Vornado Realty Trust,Penn 1,Penn 1,"Vornado's transformation of the midcentury PENN 1 to an office building of the future has redefined working in THE PENN DISTRICT. The first three levels deliver WorkLife, an amenity ecosystem for tenants to focus on both work and self-care. The lobby offers two options for grab and go food, Office Hours and Blue Bottle as well as Blue Ribbon Sushi & Steak, an exciting dining experience combining traditional Japanese cuisine with a modern-day steakhouse. A social stair connects the main entrance on the first level to the amenities on levels two and three. The social stair's bleacher seats and large LED panels are the perfect location for casual meetings or private events. Level two features The Landing - a full-service restaurant with private dining rooms, multiple tenant lounges for socializing and working, Life Time - a 53,000 SF fitness and wellness center, WorkLife Meetings - a 20,000 SF conferencing facility and WorkLife Office Suites - over 80,000 SF of adaptable workspace. The significant upgrades to the exterior building included full facade painting - taking the mullions from silver to black. Distinctive color change lighting in the building crown now illuminates PENN 1's place in the ever changing skyline. Visit Property Website Share the link by email Explore the Area Sustainability Fact Sheet (PDF) Property Brochure (PDF) THE PENN DISTRICT Brochure",Office,PARTIAL 32ND FLOOR,24950,Upon request,Leasing,"EVP, Director of PENN DISTRICT Leasing 212.894.7413",jglick@vno.com,,https://www.vno.com/office/property/penn-1/3311658/landing,2026-07-20T21:46:27Z,,40.75136,-73.99245,https://cdn-vno.reol.com/vno/img/7cf197a9d733313f3379358578be8a67075d24aa++600+0/240828_penn_1_office_images_01.jpg
Vornado Realty Trust,Penn 1,Penn 1,"Vornado's transformation of the midcentury PENN 1 to an office building of the future has redefined working in THE PENN DISTRICT. The first three levels deliver WorkLife, an amenity ecosystem for tenants to focus on both work and self-care. The lobby offers two options for grab and go food, Office Hours and Blue Bottle as well as Blue Ribbon Sushi & Steak, an exciting dining experience combining traditional Japanese cuisine with a modern-day steakhouse. A social stair connects the main entrance on the first level to the amenities on levels two and three. The social stair's bleacher seats and large LED panels are the perfect location for casual meetings or private events. Level two features The Landing - a full-service restaurant with private dining rooms, multiple tenant lounges for socializing and working, Life Time - a 53,000 SF fitness and wellness center, WorkLife Meetings - a 20,000 SF conferencing facility and WorkLife Office Suites - over 80,000 SF of adaptable workspace. The significant upgrades to the exterior building included full facade painting - taking the mullions from silver to black. Distinctive color change lighting in the building crown now illuminates PENN 1's place in the ever changing skyline. Visit Property Website Share the link by email Explore the Area Sustainability Fact Sheet (PDF) Property Brochure (PDF) THE PENN DISTRICT Brochure",Office,PARTIAL 32ND FLOOR,12142,Upon request,Leasing,"EVP, Director of PENN DISTRICT Leasing 212.894.7413",jglick@vno.com,,https://www.vno.com/office/property/penn-1/3311658/landing,2026-07-20T21:46:27Z,,40.75136,-73.99245,https://cdn-vno.reol.com/vno/img/7cf197a9d733313f3379358578be8a67075d24aa++600+0/240828_penn_1_office_images_01.jpg
Vornado Realty Trust,Penn 1,Penn 1,"Vornado's transformation of the midcentury PENN 1 to an office building of the future has redefined working in THE PENN DISTRICT. The first three levels deliver WorkLife, an amenity ecosystem for tenants to focus on both work and self-care. The lobby offers two options for grab and go food, Office Hours and Blue Bottle as well as Blue Ribbon Sushi & Steak, an exciting dining experience combining traditional Japanese cuisine with a modern-day steakhouse. A social stair connects the main entrance on the first level to the amenities on levels two and three. The social stair's bleacher seats and large LED panels are the perfect location for casual meetings or private events. Level two features The Landing - a full-service restaurant with private dining rooms, multiple tenant lounges for socializing and working, Life Time - a 53,000 SF fitness and wellness center, WorkLife Meetings - a 20,000 SF conferencing facility and WorkLife Office Suites - over 80,000 SF of adaptable workspace. The significant upgrades to the exterior building included full facade painting - taking the mullions from silver to black. Distinctive color change lighting in the building crown now illuminates PENN 1's place in the ever changing skyline. Visit Property Website Share the link by email Explore the Area Sustainability Fact Sheet (PDF) Property Brochure (PDF) THE PENN DISTRICT Brochure",Office,PARTIAL 32ND FLOOR,8114,Upon request,Leasing,"EVP, Director of PENN DISTRICT Leasing 212.894.7413",jglick@vno.com,,https://www.vno.com/office/property/penn-1/3311658/landing,2026-07-20T21:46:27Z,,40.75136,-73.99245,https://cdn-vno.reol.com/vno/img/7cf197a9d733313f3379358578be8a67075d24aa++600+0/240828_penn_1_office_images_01.jpg
Vornado Realty Trust,Penn 1,Penn 1,"Vornado's transformation of the midcentury PENN 1 to an office building of the future has redefined working in THE PENN DISTRICT. The first three levels deliver WorkLife, an amenity ecosystem for tenants to focus on both work and self-care. The lobby offers two options for grab and go food, Office Hours and Blue Bottle as well as Blue Ribbon Sushi & Steak, an exciting dining experience combining traditional Japanese cuisine with a modern-day steakhouse. A social stair connects the main entrance on the first level to the amenities on levels two and three. The social stair's bleacher seats and large LED panels are the perfect location for casual meetings or private events. Level two features The Landing - a full-service restaurant with private dining rooms, multiple tenant lounges for socializing and working, Life Time - a 53,000 SF fitness and wellness center, WorkLife Meetings - a 20,000 SF conferencing facility and WorkLife Office Suites - over 80,000 SF of adaptable workspace. The significant upgrades to the exterior building included full facade painting - taking the mullions from silver to black. Distinctive color change lighting in the building crown now illuminates PENN 1's place in the ever changing skyline. Visit Property Website Share the link by email Explore the Area Sustainability Fact Sheet (PDF) Property Brochure (PDF) THE PENN DISTRICT Brochure",Office,PARTIAL 32ND FLOOR,4694,Upon request,Leasing,"EVP, Director of PENN DISTRICT Leasing 212.894.7413",jglick@vno.com,,https://www.vno.com/office/property/penn-1/3311658/landing,2026-07-20T21:46:27Z,,40.75136,-73.99245,https://cdn-vno.reol.com/vno/img/7cf197a9d733313f3379358578be8a67075d24aa++600+0/240828_penn_1_office_images_01.jpg
Vornado Realty Trust,Penn 1,Penn 1,"Vornado's transformation of the midcentury PENN 1 to an office building of the future has redefined working in THE PENN DISTRICT. The first three levels deliver WorkLife, an amenity ecosystem for tenants to focus on both work and self-care. The lobby offers two options for grab and go food, Office Hours and Blue Bottle as well as Blue Ribbon Sushi & Steak, an exciting dining experience combining traditional Japanese cuisine with a modern-day steakhouse. A social stair connects the main entrance on the first level to the amenities on levels two and three. The social stair's bleacher seats and large LED panels are the perfect location for casual meetings or private events. Level two features The Landing - a full-service restaurant with private dining rooms, multiple tenant lounges for socializing and working, Life Time - a 53,000 SF fitness and wellness center, WorkLife Meetings - a 20,000 SF conferencing facility and WorkLife Office Suites - over 80,000 SF of adaptable workspace. The significant upgrades to the exterior building included full facade painting - taking the mullions from silver to black. Distinctive color change lighting in the building crown now illuminates PENN 1's place in the ever changing skyline. Visit Property Website Share the link by email Explore the Area Sustainability Fact Sheet (PDF) Property Brochure (PDF) THE PENN DISTRICT Brochure",Office,PARTIAL 39TH FLOOR,3948,Upon request,Leasing,"EVP, Director of PENN DISTRICT Leasing 212.894.7413",jglick@vno.com,,https://www.vno.com/office/property/penn-1/3311658/landing,2026-07-20T21:46:27Z,,40.75136,-73.99245,https://cdn-vno.reol.com/vno/img/7cf197a9d733313f3379358578be8a67075d24aa++600+0/240828_penn_1_office_images_01.jpg
Vornado Realty Trust,Penn 1,Penn 1,"Vornado's transformation of the midcentury PENN 1 to an office building of the future has redefined working in THE PENN DISTRICT. The first three levels deliver WorkLife, an amenity ecosystem for tenants to focus on both work and self-care. The lobby offers two options for grab and go food, Office Hours and Blue Bottle as well as Blue Ribbon Sushi & Steak, an exciting dining experience combining traditional Japanese cuisine with a modern-day steakhouse. A social stair connects the main entrance on the first level to the amenities on levels two and three. The social stair's bleacher seats and large LED panels are the perfect location for casual meetings or private events. Level two features The Landing - a full-service restaurant with private dining rooms, multiple tenant lounges for socializing and working, Life Time - a 53,000 SF fitness and wellness center, WorkLife Meetings - a 20,000 SF conferencing facility and WorkLife Office Suites - over 80,000 SF of adaptable workspace. The significant upgrades to the exterior building included full facade painting - taking the mullions from silver to black. Distinctive color change lighting in the building crown now illuminates PENN 1's place in the ever changing skyline. Visit Property Website Share the link by email Explore the Area Sustainability Fact Sheet (PDF) Property Brochure (PDF) THE PENN DISTRICT Brochure",Office,PARTIAL 39TH FLOOR,3075,Upon request,Leasing,"EVP, Director of PENN DISTRICT Leasing 212.894.7413",jglick@vno.com,,https://www.vno.com/office/property/penn-1/3311658/landing,2026-07-20T21:46:27Z,,40.75136,-73.99245,https://cdn-vno.reol.com/vno/img/7cf197a9d733313f3379358578be8a67075d24aa++600+0/240828_penn_1_office_images_01.jpg
Vornado Realty Trust,Penn 1,Penn 1,"Vornado's transformation of the midcentury PENN 1 to an office building of the future has redefined working in THE PENN DISTRICT. The first three levels deliver WorkLife, an amenity ecosystem for tenants to focus on both work and self-care. The lobby offers two options for grab and go food, Office Hours and Blue Bottle as well as Blue Ribbon Sushi & Steak, an exciting dining experience combining traditional Japanese cuisine with a modern-day steakhouse. A social stair connects the main entrance on the first level to the amenities on levels two and three. The social stair's bleacher seats and large LED panels are the perfect location for casual meetings or private events. Level two features The Landing - a full-service restaurant with private dining rooms, multiple tenant lounges for socializing and working, Life Time - a 53,000 SF fitness and wellness center, WorkLife Meetings - a 20,000 SF conferencing facility and WorkLife Office Suites - over 80,000 SF of adaptable workspace. The significant upgrades to the exterior building included full facade painting - taking the mullions from silver to black. Distinctive color change lighting in the building crown now illuminates PENN 1's place in the ever changing skyline. Visit Property Website Share the link by email Explore the Area Sustainability Fact Sheet (PDF) Property Brochure (PDF) THE PENN DISTRICT Brochure",Office,PARTIAL 40TH FLOOR,20069,Upon request,Leasing,"EVP, Director of PENN DISTRICT Leasing 212.894.7413",jglick@vno.com,,https://www.vno.com/office/property/penn-1/3311658/landing,2026-07-20T21:46:27Z,,40.75136,-73.99245,https://cdn-vno.reol.com/vno/img/7cf197a9d733313f3379358578be8a67075d24aa++600+0/240828_penn_1_office_images_01.jpg
Vornado Realty Trust,Penn 1,Penn 1,"Vornado's transformation of the midcentury PENN 1 to an office building of the future has redefined working in THE PENN DISTRICT. The first three levels deliver WorkLife, an amenity ecosystem for tenants to focus on both work and self-care. The lobby offers two options for grab and go food, Office Hours and Blue Bottle as well as Blue Ribbon Sushi & Steak, an exciting dining experience combining traditional Japanese cuisine with a modern-day steakhouse. A social stair connects the main entrance on the first level to the amenities on levels two and three. The social stair's bleacher seats and large LED panels are the perfect location for casual meetings or private events. Level two features The Landing - a full-service restaurant with private dining rooms, multiple tenant lounges for socializing and working, Life Time - a 53,000 SF fitness and wellness center, WorkLife Meetings - a 20,000 SF conferencing facility and WorkLife Office Suites - over 80,000 SF of adaptable workspace. The significant upgrades to the exterior building included full facade painting - taking the mullions from silver to black. Distinctive color change lighting in the building crown now illuminates PENN 1's place in the ever changing skyline. Visit Property Website Share the link by email Explore the Area Sustainability Fact Sheet (PDF) Property Brochure (PDF) THE PENN DISTRICT Brochure",Office,PARTIAL 44TH FLOOR,15437,Upon request,Leasing,"EVP, Director of PENN DISTRICT Leasing 212.894.7413",jglick@vno.com,,https://www.vno.com/office/property/penn-1/3311658/landing,2026-07-20T21:46:27Z,,40.75136,-73.99245,https://cdn-vno.reol.com/vno/img/7cf197a9d733313f3379358578be8a67075d24aa++600+0/240828_penn_1_office_images_01.jpg
Vornado Realty Trust,Penn 1,Penn 1,"Vornado's transformation of the midcentury PENN 1 to an office building of the future has redefined working in THE PENN DISTRICT. The first three levels deliver WorkLife, an amenity ecosystem for tenants to focus on both work and self-care. The lobby offers two options for grab and go food, Office Hours and Blue Bottle as well as Blue Ribbon Sushi & Steak, an exciting dining experience combining traditional Japanese cuisine with a modern-day steakhouse. A social stair connects the main entrance on the first level to the amenities on levels two and three. The social stair's bleacher seats and large LED panels are the perfect location for casual meetings or private events. Level two features The Landing - a full-service restaurant with private dining rooms, multiple tenant lounges for socializing and working, Life Time - a 53,000 SF fitness and wellness center, WorkLife Meetings - a 20,000 SF conferencing facility and WorkLife Office Suites - over 80,000 SF of adaptable workspace. The significant upgrades to the exterior building included full facade painting - taking the mullions from silver to black. Distinctive color change lighting in the building crown now illuminates PENN 1's place in the ever changing skyline. Visit Property Website Share the link by email Explore the Area Sustainability Fact Sheet (PDF) Property Brochure (PDF) THE PENN DISTRICT Brochure",Office,PARTIAL 47TH FLOOR,24632,Upon request,Leasing,"EVP, Director of PENN DISTRICT Leasing 212.894.7413",jglick@vno.com,,https://www.vno.com/office/property/penn-1/3311658/landing,2026-07-20T21:46:27Z,,40.75136,-73.99245,https://cdn-vno.reol.com/vno/img/7cf197a9d733313f3379358578be8a67075d24aa++600+0/240828_penn_1_office_images_01.jpg
Vornado Realty Trust,Penn 1,Penn 1,"Vornado's transformation of the midcentury PENN 1 to an office building of the future has redefined working in THE PENN DISTRICT. The first three levels deliver WorkLife, an amenity ecosystem for tenants to focus on both work and self-care. The lobby offers two options for grab and go food, Office Hours and Blue Bottle as well as Blue Ribbon Sushi & Steak, an exciting dining experience combining traditional Japanese cuisine with a modern-day steakhouse. A social stair connects the main entrance on the first level to the amenities on levels two and three. The social stair's bleacher seats and large LED panels are the perfect location for casual meetings or private events. Level two features The Landing - a full-service restaurant with private dining rooms, multiple tenant lounges for socializing and working, Life Time - a 53,000 SF fitness and wellness center, WorkLife Meetings - a 20,000 SF conferencing facility and WorkLife Office Suites - over 80,000 SF of adaptable workspace. The significant upgrades to the exterior building included full facade painting - taking the mullions from silver to black. Distinctive color change lighting in the building crown now illuminates PENN 1's place in the ever changing skyline. Visit Property Website Share the link by email Explore the Area Sustainability Fact Sheet (PDF) Property Brochure (PDF) THE PENN DISTRICT Brochure",Office,PARTIAL 47TH FLOOR,9392,Upon request,Leasing,"EVP, Director of PENN DISTRICT Leasing 212.894.7413",jglick@vno.com,,https://www.vno.com/office/property/penn-1/3311658/landing,2026-07-20T21:46:27Z,,40.75136,-73.99245,https://cdn-vno.reol.com/vno/img/7cf197a9d733313f3379358578be8a67075d24aa++600+0/240828_penn_1_office_images_01.jpg
Vornado Realty Trust,Penn 1,Penn 1,"Vornado's transformation of the midcentury PENN 1 to an office building of the future has redefined working in THE PENN DISTRICT. The first three levels deliver WorkLife, an amenity ecosystem for tenants to focus on both work and self-care. The lobby offers two options for grab and go food, Office Hours and Blue Bottle as well as Blue Ribbon Sushi & Steak, an exciting dining experience combining traditional Japanese cuisine with a modern-day steakhouse. A social stair connects the main entrance on the first level to the amenities on levels two and three. The social stair's bleacher seats and large LED panels are the perfect location for casual meetings or private events. Level two features The Landing - a full-service restaurant with private dining rooms, multiple tenant lounges for socializing and working, Life Time - a 53,000 SF fitness and wellness center, WorkLife Meetings - a 20,000 SF conferencing facility and WorkLife Office Suites - over 80,000 SF of adaptable workspace. The significant upgrades to the exterior building included full facade painting - taking the mullions from silver to black. Distinctive color change lighting in the building crown now illuminates PENN 1's place in the ever changing skyline. Visit Property Website Share the link by email Explore the Area Sustainability Fact Sheet (PDF) Property Brochure (PDF) THE PENN DISTRICT Brochure",Office,PARTIAL 47TH FLOOR,7744,Upon request,Leasing,"EVP, Director of PENN DISTRICT Leasing 212.894.7413",jglick@vno.com,,https://www.vno.com/office/property/penn-1/3311658/landing,2026-07-20T21:46:27Z,,40.75136,-73.99245,https://cdn-vno.reol.com/vno/img/7cf197a9d733313f3379358578be8a67075d24aa++600+0/240828_penn_1_office_images_01.jpg
Vornado Realty Trust,Penn 1,Penn 1,"Vornado's transformation of the midcentury PENN 1 to an office building of the future has redefined working in THE PENN DISTRICT. The first three levels deliver WorkLife, an amenity ecosystem for tenants to focus on both work and self-care. The lobby offers two options for grab and go food, Office Hours and Blue Bottle as well as Blue Ribbon Sushi & Steak, an exciting dining experience combining traditional Japanese cuisine with a modern-day steakhouse. A social stair connects the main entrance on the first level to the amenities on levels two and three. The social stair's bleacher seats and large LED panels are the perfect location for casual meetings or private events. Level two features The Landing - a full-service restaurant with private dining rooms, multiple tenant lounges for socializing and working, Life Time - a 53,000 SF fitness and wellness center, WorkLife Meetings - a 20,000 SF conferencing facility and WorkLife Office Suites - over 80,000 SF of adaptable workspace. The significant upgrades to the exterior building included full facade painting - taking the mullions from silver to black. Distinctive color change lighting in the building crown now illuminates PENN 1's place in the ever changing skyline. Visit Property Website Share the link by email Explore the Area Sustainability Fact Sheet (PDF) Property Brochure (PDF) THE PENN DISTRICT Brochure",Office,PARTIAL 47TH FLOOR,7496,Upon request,Leasing,"EVP, Director of PENN DISTRICT Leasing 212.894.7413",jglick@vno.com,,https://www.vno.com/office/property/penn-1/3311658/landing,2026-07-20T21:46:27Z,,40.75136,-73.99245,https://cdn-vno.reol.com/vno/img/7cf197a9d733313f3379358578be8a67075d24aa++600+0/240828_penn_1_office_images_01.jpg
Vornado Realty Trust,Penn 1,Penn 1,"Vornado's transformation of the midcentury PENN 1 to an office building of the future has redefined working in THE PENN DISTRICT. The first three levels deliver WorkLife, an amenity ecosystem for tenants to focus on both work and self-care. The lobby offers two options for grab and go food, Office Hours and Blue Bottle as well as Blue Ribbon Sushi & Steak, an exciting dining experience combining traditional Japanese cuisine with a modern-day steakhouse. A social stair connects the main entrance on the first level to the amenities on levels two and three. The social stair's bleacher seats and large LED panels are the perfect location for casual meetings or private events. Level two features The Landing - a full-service restaurant with private dining rooms, multiple tenant lounges for socializing and working, Life Time - a 53,000 SF fitness and wellness center, WorkLife Meetings - a 20,000 SF conferencing facility and WorkLife Office Suites - over 80,000 SF of adaptable workspace. The significant upgrades to the exterior building included full facade painting - taking the mullions from silver to black. Distinctive color change lighting in the building crown now illuminates PENN 1's place in the ever changing skyline. Visit Property Website Share the link by email Explore the Area Sustainability Fact Sheet (PDF) Property Brochure (PDF) THE PENN DISTRICT Brochure",Office,PARTIAL 51ST FLOOR,19004,Upon request,Leasing,"EVP, Director of PENN DISTRICT Leasing 212.894.7413",jglick@vno.com,,https://www.vno.com/office/property/penn-1/3311658/landing,2026-07-20T21:46:27Z,,40.75136,-73.99245,https://cdn-vno.reol.com/vno/img/7cf197a9d733313f3379358578be8a67075d24aa++600+0/240828_penn_1_office_images_01.jpg
Vornado Realty Trust,Penn 1,Penn 1,"Vornado's transformation of the midcentury PENN 1 to an office building of the future has redefined working in THE PENN DISTRICT. The first three levels deliver WorkLife, an amenity ecosystem for tenants to focus on both work and self-care. The lobby offers two options for grab and go food, Office Hours and Blue Bottle as well as Blue Ribbon Sushi & Steak, an exciting dining experience combining traditional Japanese cuisine with a modern-day steakhouse. A social stair connects the main entrance on the first level to the amenities on levels two and three. The social stair's bleacher seats and large LED panels are the perfect location for casual meetings or private events. Level two features The Landing - a full-service restaurant with private dining rooms, multiple tenant lounges for socializing and working, Life Time - a 53,000 SF fitness and wellness center, WorkLife Meetings - a 20,000 SF conferencing facility and WorkLife Office Suites - over 80,000 SF of adaptable workspace. The significant upgrades to the exterior building included full facade painting - taking the mullions from silver to black. Distinctive color change lighting in the building crown now illuminates PENN 1's place in the ever changing skyline. Visit Property Website Share the link by email Explore the Area Sustainability Fact Sheet (PDF) Property Brochure (PDF) THE PENN DISTRICT Brochure",Office,PARTIAL 53RD FLOOR,2077,Upon request,Leasing,"EVP, Director of PENN DISTRICT Leasing 212.894.7413",jglick@vno.com,,https://www.vno.com/office/property/penn-1/3311658/landing,2026-07-20T21:46:27Z,,40.75136,-73.99245,https://cdn-vno.reol.com/vno/img/7cf197a9d733313f3379358578be8a67075d24aa++600+0/240828_penn_1_office_images_01.jpg
Vornado Realty Trust,Penn 2,Penn 2,"Vornado has completed the redevelopment of PENN 2, the cornerstone of THE PENN DISTRICT, located directly above Penn Station, and situated on one of the unique double-wide blocks in New York City. The transformation of the 1968 office building into a world class tower was achieved by reskinning the entire building with a new curtain wall, adding distinctive corner loggias to every floor and extending the base floors toward Seventh Avenue creating a 430-foot long blockfront that comprises over 100,000 SF of double-height, column-free space. The new triple-height office lobby was relocated to 33rd Street at 7th Avenue, adjacent to the sprawling tree-lined, pedestrian-only street, known as PLAZA 33. This architectural icon continues Vornado's WorkLife amenity ethos by featuring over an acre of outdoor terraces and various flexible tenant spaces for working or socializing and private events including the 280-person Town Hall, Office Hours - a grab-and-go eatery on the 2nd floor, The Perch - a tenant exclusive rooftop lounge that opens to 17,000 SF of lush outdoor green space and 360-degree NYC views. Dynamo Room, the acclaimed steakhouse by Sunday Hospitality, adjacent to the new lobby, features signature dishes alongside steakhouse classics, raw bar, and outdoor dining overlooking PLAZA 33. Visit Property Website Share the link by email Sustainability Fact Sheet (PDF) Property Brochure (PDF) THE PENN DISTRICT Brochure",Office,PARTIAL 3RD FLOOR,12297,Upon request,Leasing,"EVP, Director of PENN DISTRICT Leasing 212.894.7413",jglick@vno.com,,https://www.vno.com/office/property/penn-2/3311675/landing,2026-07-20T21:46:28Z,,40.74982,-73.99188,https://cdn-vno.reol.com/vno/img/3c2aaaed4f786357589d469d848e49314a06c8fe++600+0/n071_penn_2_office_1757570477.jpg
Vornado Realty Trust,Penn 2,Penn 2,"Vornado has completed the redevelopment of PENN 2, the cornerstone of THE PENN DISTRICT, located directly above Penn Station, and situated on one of the unique double-wide blocks in New York City. The transformation of the 1968 office building into a world class tower was achieved by reskinning the entire building with a new curtain wall, adding distinctive corner loggias to every floor and extending the base floors toward Seventh Avenue creating a 430-foot long blockfront that comprises over 100,000 SF of double-height, column-free space. The new triple-height office lobby was relocated to 33rd Street at 7th Avenue, adjacent to the sprawling tree-lined, pedestrian-only street, known as PLAZA 33. This architectural icon continues Vornado's WorkLife amenity ethos by featuring over an acre of outdoor terraces and various flexible tenant spaces for working or socializing and private events including the 280-person Town Hall, Office Hours - a grab-and-go eatery on the 2nd floor, The Perch - a tenant exclusive rooftop lounge that opens to 17,000 SF of lush outdoor green space and 360-degree NYC views. Dynamo Room, the acclaimed steakhouse by Sunday Hospitality, adjacent to the new lobby, features signature dishes alongside steakhouse classics, raw bar, and outdoor dining overlooking PLAZA 33. Visit Property Website Share the link by email Sustainability Fact Sheet (PDF) Property Brochure (PDF) THE PENN DISTRICT Brochure",Office,ENTIRE 11TH FLOOR,62223,Upon request,Leasing,"EVP, Director of PENN DISTRICT Leasing 212.894.7413",jglick@vno.com,,https://www.vno.com/office/property/penn-2/3311675/landing,2026-07-20T21:46:28Z,,40.74982,-73.99188,https://cdn-vno.reol.com/vno/img/3c2aaaed4f786357589d469d848e49314a06c8fe++600+0/n071_penn_2_office_1757570477.jpg
Vornado Realty Trust,Penn 2,Penn 2,"Vornado has completed the redevelopment of PENN 2, the cornerstone of THE PENN DISTRICT, located directly above Penn Station, and situated on one of the unique double-wide blocks in New York City. The transformation of the 1968 office building into a world class tower was achieved by reskinning the entire building with a new curtain wall, adding distinctive corner loggias to every floor and extending the base floors toward Seventh Avenue creating a 430-foot long blockfront that comprises over 100,000 SF of double-height, column-free space. The new triple-height office lobby was relocated to 33rd Street at 7th Avenue, adjacent to the sprawling tree-lined, pedestrian-only street, known as PLAZA 33. This architectural icon continues Vornado's WorkLife amenity ethos by featuring over an acre of outdoor terraces and various flexible tenant spaces for working or socializing and private events including the 280-person Town Hall, Office Hours - a grab-and-go eatery on the 2nd floor, The Perch - a tenant exclusive rooftop lounge that opens to 17,000 SF of lush outdoor green space and 360-degree NYC views. Dynamo Room, the acclaimed steakhouse by Sunday Hospitality, adjacent to the new lobby, features signature dishes alongside steakhouse classics, raw bar, and outdoor dining overlooking PLAZA 33. Visit Property Website Share the link by email Sustainability Fact Sheet (PDF) Property Brochure (PDF) THE PENN DISTRICT Brochure",Office,PARTIAL 12TH FLOOR,9813,Upon request,Leasing,"EVP, Director of PENN DISTRICT Leasing 212.894.7413",jglick@vno.com,,https://www.vno.com/office/property/penn-2/3311675/landing,2026-07-20T21:46:28Z,,40.74982,-73.99188,https://cdn-vno.reol.com/vno/img/3c2aaaed4f786357589d469d848e49314a06c8fe++600+0/n071_penn_2_office_1757570477.jpg
Vornado Realty Trust,Penn 2,Penn 2,"Vornado has completed the redevelopment of PENN 2, the cornerstone of THE PENN DISTRICT, located directly above Penn Station, and situated on one of the unique double-wide blocks in New York City. The transformation of the 1968 office building into a world class tower was achieved by reskinning the entire building with a new curtain wall, adding distinctive corner loggias to every floor and extending the base floors toward Seventh Avenue creating a 430-foot long blockfront that comprises over 100,000 SF of double-height, column-free space. The new triple-height office lobby was relocated to 33rd Street at 7th Avenue, adjacent to the sprawling tree-lined, pedestrian-only street, known as PLAZA 33. This architectural icon continues Vornado's WorkLife amenity ethos by featuring over an acre of outdoor terraces and various flexible tenant spaces for working or socializing and private events including the 280-person Town Hall, Office Hours - a grab-and-go eatery on the 2nd floor, The Perch - a tenant exclusive rooftop lounge that opens to 17,000 SF of lush outdoor green space and 360-degree NYC views. Dynamo Room, the acclaimed steakhouse by Sunday Hospitality, adjacent to the new lobby, features signature dishes alongside steakhouse classics, raw bar, and outdoor dining overlooking PLAZA 33. Visit Property Website Share the link by email Sustainability Fact Sheet (PDF) Property Brochure (PDF) THE PENN DISTRICT Brochure",Office,PARTIAL 17TH FLOOR,44444,Upon request,Leasing,"EVP, Director of PENN DISTRICT Leasing 212.894.7413",jglick@vno.com,,https://www.vno.com/office/property/penn-2/3311675/landing,2026-07-20T21:46:28Z,,40.74982,-73.99188,https://cdn-vno.reol.com/vno/img/3c2aaaed4f786357589d469d848e49314a06c8fe++600+0/n071_penn_2_office_1757570477.jpg
Vornado Realty Trust,Penn 2,Penn 2,"Vornado has completed the redevelopment of PENN 2, the cornerstone of THE PENN DISTRICT, located directly above Penn Station, and situated on one of the unique double-wide blocks in New York City. The transformation of the 1968 office building into a world class tower was achieved by reskinning the entire building with a new curtain wall, adding distinctive corner loggias to every floor and extending the base floors toward Seventh Avenue creating a 430-foot long blockfront that comprises over 100,000 SF of double-height, column-free space. The new triple-height office lobby was relocated to 33rd Street at 7th Avenue, adjacent to the sprawling tree-lined, pedestrian-only street, known as PLAZA 33. This architectural icon continues Vornado's WorkLife amenity ethos by featuring over an acre of outdoor terraces and various flexible tenant spaces for working or socializing and private events including the 280-person Town Hall, Office Hours - a grab-and-go eatery on the 2nd floor, The Perch - a tenant exclusive rooftop lounge that opens to 17,000 SF of lush outdoor green space and 360-degree NYC views. Dynamo Room, the acclaimed steakhouse by Sunday Hospitality, adjacent to the new lobby, features signature dishes alongside steakhouse classics, raw bar, and outdoor dining overlooking PLAZA 33. Visit Property Website Share the link by email Sustainability Fact Sheet (PDF) Property Brochure (PDF) THE PENN DISTRICT Brochure",Office,PARTIAL 17TH FLOOR,17805,Upon request,Leasing,"EVP, Director of PENN DISTRICT Leasing 212.894.7413",jglick@vno.com,,https://www.vno.com/office/property/penn-2/3311675/landing,2026-07-20T21:46:28Z,,40.74982,-73.99188,https://cdn-vno.reol.com/vno/img/3c2aaaed4f786357589d469d848e49314a06c8fe++600+0/n071_penn_2_office_1757570477.jpg
Vornado Realty Trust,Penn 2,Penn 2,"Vornado has completed the redevelopment of PENN 2, the cornerstone of THE PENN DISTRICT, located directly above Penn Station, and situated on one of the unique double-wide blocks in New York City. The transformation of the 1968 office building into a world class tower was achieved by reskinning the entire building with a new curtain wall, adding distinctive corner loggias to every floor and extending the base floors toward Seventh Avenue creating a 430-foot long blockfront that comprises over 100,000 SF of double-height, column-free space. The new triple-height office lobby was relocated to 33rd Street at 7th Avenue, adjacent to the sprawling tree-lined, pedestrian-only street, known as PLAZA 33. This architectural icon continues Vornado's WorkLife amenity ethos by featuring over an acre of outdoor terraces and various flexible tenant spaces for working or socializing and private events including the 280-person Town Hall, Office Hours - a grab-and-go eatery on the 2nd floor, The Perch - a tenant exclusive rooftop lounge that opens to 17,000 SF of lush outdoor green space and 360-degree NYC views. Dynamo Room, the acclaimed steakhouse by Sunday Hospitality, adjacent to the new lobby, features signature dishes alongside steakhouse classics, raw bar, and outdoor dining overlooking PLAZA 33. Visit Property Website Share the link by email Sustainability Fact Sheet (PDF) Property Brochure (PDF) THE PENN DISTRICT Brochure",Office,PARTIAL 17TH FLOOR,9687,Upon request,Leasing,"EVP, Director of PENN DISTRICT Leasing 212.894.7413",jglick@vno.com,,https://www.vno.com/office/property/penn-2/3311675/landing,2026-07-20T21:46:28Z,,40.74982,-73.99188,https://cdn-vno.reol.com/vno/img/3c2aaaed4f786357589d469d848e49314a06c8fe++600+0/n071_penn_2_office_1757570477.jpg
Vornado Realty Trust,Penn 2,Penn 2,"Vornado has completed the redevelopment of PENN 2, the cornerstone of THE PENN DISTRICT, located directly above Penn Station, and situated on one of the unique double-wide blocks in New York City. The transformation of the 1968 office building into a world class tower was achieved by reskinning the entire building with a new curtain wall, adding distinctive corner loggias to every floor and extending the base floors toward Seventh Avenue creating a 430-foot long blockfront that comprises over 100,000 SF of double-height, column-free space. The new triple-height office lobby was relocated to 33rd Street at 7th Avenue, adjacent to the sprawling tree-lined, pedestrian-only street, known as PLAZA 33. This architectural icon continues Vornado's WorkLife amenity ethos by featuring over an acre of outdoor terraces and various flexible tenant spaces for working or socializing and private events including the 280-person Town Hall, Office Hours - a grab-and-go eatery on the 2nd floor, The Perch - a tenant exclusive rooftop lounge that opens to 17,000 SF of lush outdoor green space and 360-degree NYC views. Dynamo Room, the acclaimed steakhouse by Sunday Hospitality, adjacent to the new lobby, features signature dishes alongside steakhouse classics, raw bar, and outdoor dining overlooking PLAZA 33. Visit Property Website Share the link by email Sustainability Fact Sheet (PDF) Property Brochure (PDF) THE PENN DISTRICT Brochure",Office,PARTIAL 17TH FLOOR,6521,Upon request,Leasing,"EVP, Director of PENN DISTRICT Leasing 212.894.7413",jglick@vno.com,,https://www.vno.com/office/property/penn-2/3311675/landing,2026-07-20T21:46:28Z,,40.74982,-73.99188,https://cdn-vno.reol.com/vno/img/3c2aaaed4f786357589d469d848e49314a06c8fe++600+0/n071_penn_2_office_1757570477.jpg
Vornado Realty Trust,Penn 2,Penn 2,"Vornado has completed the redevelopment of PENN 2, the cornerstone of THE PENN DISTRICT, located directly above Penn Station, and situated on one of the unique double-wide blocks in New York City. The transformation of the 1968 office building into a world class tower was achieved by reskinning the entire building with a new curtain wall, adding distinctive corner loggias to every floor and extending the base floors toward Seventh Avenue creating a 430-foot long blockfront that comprises over 100,000 SF of double-height, column-free space. The new triple-height office lobby was relocated to 33rd Street at 7th Avenue, adjacent to the sprawling tree-lined, pedestrian-only street, known as PLAZA 33. This architectural icon continues Vornado's WorkLife amenity ethos by featuring over an acre of outdoor terraces and various flexible tenant spaces for working or socializing and private events including the 280-person Town Hall, Office Hours - a grab-and-go eatery on the 2nd floor, The Perch - a tenant exclusive rooftop lounge that opens to 17,000 SF of lush outdoor green space and 360-degree NYC views. Dynamo Room, the acclaimed steakhouse by Sunday Hospitality, adjacent to the new lobby, features signature dishes alongside steakhouse classics, raw bar, and outdoor dining overlooking PLAZA 33. Visit Property Website Share the link by email Sustainability Fact Sheet (PDF) Property Brochure (PDF) THE PENN DISTRICT Brochure",Office,PARTIAL 17TH FLOOR,5217,Upon request,Leasing,"EVP, Director of PENN DISTRICT Leasing 212.894.7413",jglick@vno.com,,https://www.vno.com/office/property/penn-2/3311675/landing,2026-07-20T21:46:28Z,,40.74982,-73.99188,https://cdn-vno.reol.com/vno/img/3c2aaaed4f786357589d469d848e49314a06c8fe++600+0/n071_penn_2_office_1757570477.jpg
Vornado Realty Trust,Penn 2,Penn 2,"Vornado has completed the redevelopment of PENN 2, the cornerstone of THE PENN DISTRICT, located directly above Penn Station, and situated on one of the unique double-wide blocks in New York City. The transformation of the 1968 office building into a world class tower was achieved by reskinning the entire building with a new curtain wall, adding distinctive corner loggias to every floor and extending the base floors toward Seventh Avenue creating a 430-foot long blockfront that comprises over 100,000 SF of double-height, column-free space. The new triple-height office lobby was relocated to 33rd Street at 7th Avenue, adjacent to the sprawling tree-lined, pedestrian-only street, known as PLAZA 33. This architectural icon continues Vornado's WorkLife amenity ethos by featuring over an acre of outdoor terraces and various flexible tenant spaces for working or socializing and private events including the 280-person Town Hall, Office Hours - a grab-and-go eatery on the 2nd floor, The Perch - a tenant exclusive rooftop lounge that opens to 17,000 SF of lush outdoor green space and 360-degree NYC views. Dynamo Room, the acclaimed steakhouse by Sunday Hospitality, adjacent to the new lobby, features signature dishes alongside steakhouse classics, raw bar, and outdoor dining overlooking PLAZA 33. Visit Property Website Share the link by email Sustainability Fact Sheet (PDF) Property Brochure (PDF) THE PENN DISTRICT Brochure",Office,PARTIAL 17TH FLOOR,5070,Upon request,Leasing,"EVP, Director of PENN DISTRICT Leasing 212.894.7413",jglick@vno.com,,https://www.vno.com/office/property/penn-2/3311675/landing,2026-07-20T21:46:28Z,,40.74982,-73.99188,https://cdn-vno.reol.com/vno/img/3c2aaaed4f786357589d469d848e49314a06c8fe++600+0/n071_penn_2_office_1757570477.jpg
Vornado Realty Trust,Penn 2,Penn 2,"Vornado has completed the redevelopment of PENN 2, the cornerstone of THE PENN DISTRICT, located directly above Penn Station, and situated on one of the unique double-wide blocks in New York City. The transformation of the 1968 office building into a world class tower was achieved by reskinning the entire building with a new curtain wall, adding distinctive corner loggias to every floor and extending the base floors toward Seventh Avenue creating a 430-foot long blockfront that comprises over 100,000 SF of double-height, column-free space. The new triple-height office lobby was relocated to 33rd Street at 7th Avenue, adjacent to the sprawling tree-lined, pedestrian-only street, known as PLAZA 33. This architectural icon continues Vornado's WorkLife amenity ethos by featuring over an acre of outdoor terraces and various flexible tenant spaces for working or socializing and private events including the 280-person Town Hall, Office Hours - a grab-and-go eatery on the 2nd floor, The Perch - a tenant exclusive rooftop lounge that opens to 17,000 SF of lush outdoor green space and 360-degree NYC views. Dynamo Room, the acclaimed steakhouse by Sunday Hospitality, adjacent to the new lobby, features signature dishes alongside steakhouse classics, raw bar, and outdoor dining overlooking PLAZA 33. Visit Property Website Share the link by email Sustainability Fact Sheet (PDF) Property Brochure (PDF) THE PENN DISTRICT Brochure",Office,ENTIRE 20TH FLOOR,63180,Upon request,Leasing,"EVP, Director of PENN DISTRICT Leasing 212.894.7413",jglick@vno.com,,https://www.vno.com/office/property/penn-2/3311675/landing,2026-07-20T21:46:28Z,,40.74982,-73.99188,https://cdn-vno.reol.com/vno/img/3c2aaaed4f786357589d469d848e49314a06c8fe++600+0/n071_penn_2_office_1757570477.jpg
Vornado Realty Trust,Penn 2,Penn 2,"Vornado has completed the redevelopment of PENN 2, the cornerstone of THE PENN DISTRICT, located directly above Penn Station, and situated on one of the unique double-wide blocks in New York City. The transformation of the 1968 office building into a world class tower was achieved by reskinning the entire building with a new curtain wall, adding distinctive corner loggias to every floor and extending the base floors toward Seventh Avenue creating a 430-foot long blockfront that comprises over 100,000 SF of double-height, column-free space. The new triple-height office lobby was relocated to 33rd Street at 7th Avenue, adjacent to the sprawling tree-lined, pedestrian-only street, known as PLAZA 33. This architectural icon continues Vornado's WorkLife amenity ethos by featuring over an acre of outdoor terraces and various flexible tenant spaces for working or socializing and private events including the 280-person Town Hall, Office Hours - a grab-and-go eatery on the 2nd floor, The Perch - a tenant exclusive rooftop lounge that opens to 17,000 SF of lush outdoor green space and 360-degree NYC views. Dynamo Room, the acclaimed steakhouse by Sunday Hospitality, adjacent to the new lobby, features signature dishes alongside steakhouse classics, raw bar, and outdoor dining overlooking PLAZA 33. Visit Property Website Share the link by email Sustainability Fact Sheet (PDF) Property Brochure (PDF) THE PENN DISTRICT Brochure",Office,ENTIRE 21ST FLOOR,62309,Upon request,Leasing,"EVP, Director of PENN DISTRICT Leasing 212.894.7413",jglick@vno.com,,https://www.vno.com/office/property/penn-2/3311675/landing,2026-07-20T21:46:28Z,,40.74982,-73.99188,https://cdn-vno.reol.com/vno/img/3c2aaaed4f786357589d469d848e49314a06c8fe++600+0/n071_penn_2_office_1757570477.jpg
Vornado Realty Trust,Penn 2,Penn 2,"Vornado has completed the redevelopment of PENN 2, the cornerstone of THE PENN DISTRICT, located directly above Penn Station, and situated on one of the unique double-wide blocks in New York City. The transformation of the 1968 office building into a world class tower was achieved by reskinning the entire building with a new curtain wall, adding distinctive corner loggias to every floor and extending the base floors toward Seventh Avenue creating a 430-foot long blockfront that comprises over 100,000 SF of double-height, column-free space. The new triple-height office lobby was relocated to 33rd Street at 7th Avenue, adjacent to the sprawling tree-lined, pedestrian-only street, known as PLAZA 33. This architectural icon continues Vornado's WorkLife amenity ethos by featuring over an acre of outdoor terraces and various flexible tenant spaces for working or socializing and private events including the 280-person Town Hall, Office Hours - a grab-and-go eatery on the 2nd floor, The Perch - a tenant exclusive rooftop lounge that opens to 17,000 SF of lush outdoor green space and 360-degree NYC views. Dynamo Room, the acclaimed steakhouse by Sunday Hospitality, adjacent to the new lobby, features signature dishes alongside steakhouse classics, raw bar, and outdoor dining overlooking PLAZA 33. Visit Property Website Share the link by email Sustainability Fact Sheet (PDF) Property Brochure (PDF) THE PENN DISTRICT Brochure",Office,PARTIAL 22ND FLOOR,9602,Upon request,Leasing,"EVP, Director of PENN DISTRICT Leasing 212.894.7413",jglick@vno.com,,https://www.vno.com/office/property/penn-2/3311675/landing,2026-07-20T21:46:28Z,,40.74982,-73.99188,https://cdn-vno.reol.com/vno/img/3c2aaaed4f786357589d469d848e49314a06c8fe++600+0/n071_penn_2_office_1757570477.jpg
Vornado Realty Trust,Penn 2,Penn 2,"Vornado has completed the redevelopment of PENN 2, the cornerstone of THE PENN DISTRICT, located directly above Penn Station, and situated on one of the unique double-wide blocks in New York City. The transformation of the 1968 office building into a world class tower was achieved by reskinning the entire building with a new curtain wall, adding distinctive corner loggias to every floor and extending the base floors toward Seventh Avenue creating a 430-foot long blockfront that comprises over 100,000 SF of double-height, column-free space. The new triple-height office lobby was relocated to 33rd Street at 7th Avenue, adjacent to the sprawling tree-lined, pedestrian-only street, known as PLAZA 33. This architectural icon continues Vornado's WorkLife amenity ethos by featuring over an acre of outdoor terraces and various flexible tenant spaces for working or socializing and private events including the 280-person Town Hall, Office Hours - a grab-and-go eatery on the 2nd floor, The Perch - a tenant exclusive rooftop lounge that opens to 17,000 SF of lush outdoor green space and 360-degree NYC views. Dynamo Room, the acclaimed steakhouse by Sunday Hospitality, adjacent to the new lobby, features signature dishes alongside steakhouse classics, raw bar, and outdoor dining overlooking PLAZA 33. Visit Property Website Share the link by email Sustainability Fact Sheet (PDF) Property Brochure (PDF) THE PENN DISTRICT Brochure",Office,PARTIAL 24TH FLOOR,19974,Upon request,Leasing,"EVP, Director of PENN DISTRICT Leasing 212.894.7413",jglick@vno.com,,https://www.vno.com/office/property/penn-2/3311675/landing,2026-07-20T21:46:28Z,,40.74982,-73.99188,https://cdn-vno.reol.com/vno/img/3c2aaaed4f786357589d469d848e49314a06c8fe++600+0/n071_penn_2_office_1757570477.jpg
Vornado Realty Trust,Penn 2,Penn 2,"Vornado has completed the redevelopment of PENN 2, the cornerstone of THE PENN DISTRICT, located directly above Penn Station, and situated on one of the unique double-wide blocks in New York City. The transformation of the 1968 office building into a world class tower was achieved by reskinning the entire building with a new curtain wall, adding distinctive corner loggias to every floor and extending the base floors toward Seventh Avenue creating a 430-foot long blockfront that comprises over 100,000 SF of double-height, column-free space. The new triple-height office lobby was relocated to 33rd Street at 7th Avenue, adjacent to the sprawling tree-lined, pedestrian-only street, known as PLAZA 33. This architectural icon continues Vornado's WorkLife amenity ethos by featuring over an acre of outdoor terraces and various flexible tenant spaces for working or socializing and private events including the 280-person Town Hall, Office Hours - a grab-and-go eatery on the 2nd floor, The Perch - a tenant exclusive rooftop lounge that opens to 17,000 SF of lush outdoor green space and 360-degree NYC views. Dynamo Room, the acclaimed steakhouse by Sunday Hospitality, adjacent to the new lobby, features signature dishes alongside steakhouse classics, raw bar, and outdoor dining overlooking PLAZA 33. Visit Property Website Share the link by email Sustainability Fact Sheet (PDF) Property Brochure (PDF) THE PENN DISTRICT Brochure",Office,PARTIAL 24TH FLOOR,12115,Upon request,Leasing,"EVP, Director of PENN DISTRICT Leasing 212.894.7413",jglick@vno.com,,https://www.vno.com/office/property/penn-2/3311675/landing,2026-07-20T21:46:28Z,,40.74982,-73.99188,https://cdn-vno.reol.com/vno/img/3c2aaaed4f786357589d469d848e49314a06c8fe++600+0/n071_penn_2_office_1757570477.jpg
Vornado Realty Trust,Penn 2,Penn 2,"Vornado has completed the redevelopment of PENN 2, the cornerstone of THE PENN DISTRICT, located directly above Penn Station, and situated on one of the unique double-wide blocks in New York City. The transformation of the 1968 office building into a world class tower was achieved by reskinning the entire building with a new curtain wall, adding distinctive corner loggias to every floor and extending the base floors toward Seventh Avenue creating a 430-foot long blockfront that comprises over 100,000 SF of double-height, column-free space. The new triple-height office lobby was relocated to 33rd Street at 7th Avenue, adjacent to the sprawling tree-lined, pedestrian-only street, known as PLAZA 33. This architectural icon continues Vornado's WorkLife amenity ethos by featuring over an acre of outdoor terraces and various flexible tenant spaces for working or socializing and private events including the 280-person Town Hall, Office Hours - a grab-and-go eatery on the 2nd floor, The Perch - a tenant exclusive rooftop lounge that opens to 17,000 SF of lush outdoor green space and 360-degree NYC views. Dynamo Room, the acclaimed steakhouse by Sunday Hospitality, adjacent to the new lobby, features signature dishes alongside steakhouse classics, raw bar, and outdoor dining overlooking PLAZA 33. Visit Property Website Share the link by email Sustainability Fact Sheet (PDF) Property Brochure (PDF) THE PENN DISTRICT Brochure",Office,PARTIAL 24TH FLOOR,7859,Upon request,Leasing,"EVP, Director of PENN DISTRICT Leasing 212.894.7413",jglick@vno.com,,https://www.vno.com/office/property/penn-2/3311675/landing,2026-07-20T21:46:28Z,,40.74982,-73.99188,https://cdn-vno.reol.com/vno/img/3c2aaaed4f786357589d469d848e49314a06c8fe++600+0/n071_penn_2_office_1757570477.jpg
Vornado Realty Trust,Penn 11,Penn 11,"PENN 11, the historic former Equitable Life Assurance Building, was designed by Starrett & Van Vleck and completed in 1923. The building spans 26 floors over 1,150,000 square feet and is home to the New York headquarters of both Macy's and AMC Networks. Renowned for its incredible vaulted lobby and ornate ceiling, the LEED Gold certified building recently underwent a lobby ceiling refurbishment to restore it to its original splendor. In addition, the building also installed a towering 560 SF, 25.6M pixel lobby screen featuring custom art and tenant designs, and added an exterior crown lighting element by the award-winning Cline Bettridge Bernstein Lighting Design. In recognition of its architectural preservation and innovation, PENN 11 was honored with the Pinnacle Award's Historical Building of the year in 2023. Share the link by email Explore the Area Sustainability Fact Sheet (PDF) Property Brochure (PDF) THE PENN DISTRICT Brochure",Office,,,,,,,,https://www.vno.com/office/property/penn-11/3311683/landing,2026-07-20T21:46:29Z,,40.74939,-73.99162,https://cdn-vno.reol.com/vno/img/b6f51c9543f97b7ce1ddfab5ae8a3dd153417385++600+0/n093_penn_11_1_1684821699.jpg
Vornado Realty Trust,7 West 34Th Street,7 West 34Th Street,"Vornado redeveloped 7 West 34th Street into a creative epicenter for Midtown South featuring Amazon's headquarters and first distribution center in Manhattan. The redevelopment included a fully renovated lobby, upgraded elevator cabs, new restrooms, dramatic exterior lighting, a unique multi-media area and a dedicated tenant welcome center. Share the link by email Explore the Area Sustainability Fact Sheet (PDF) Property Brochure (PDF) THE PENN DISTRICT Brochure",Office,,,,,,,,https://www.vno.com/office/property/7-west-34th-street/3311656/landing,2026-07-20T21:46:29Z,,40.74885,-73.9854,https://cdn-vno.reol.com/vno/img/011d568c087852e067bb4fd2705d2627c8c70258++600+0/mw34_vno_250430_7w34st_076_1746511270.jpg
Vornado Realty Trust,330 West 34Th Street,330 West 34Th Street,"330 West 34th Street is a uniquely situated property at the gateway to major development on the west side of Manhattan and Moynihan Train Hall. Vornado completed a major redevelopment which has made the building a destination for creative class tenants. Features include a modernized lobby, storefront entrance and notable ground floor amenities center. 330 West 34th Street was the recipient of the BOMA/NY 2015-16 Pinnacle Award for best renovated building. Share the link by email Sustainability Fact Sheet (PDF) Property Brochure (PDF) THE PENN DISTRICT Brochure",Office,,,,,,,,https://www.vno.com/office/property/330-west-34th-street/3311660/landing,2026-07-20T21:46:30Z,,40.7528,-73.9954,https://cdn-vno.reol.com/vno/img/394048f3cb0abd7f9cee316cb2e24757007b5480++600+0/n004_330w34_hero_05_05_25_1746511280.jpg
Vornado Realty Trust,150 East 58Th Street,150 East 58Th Street,"With over 546,000 SF across 38 floors, 150 East 58th Street offers tenants a prestigious address in the Plaza district, overlooking the courtyard of 731 Lexington Avenue. Commonly known as the A&D Building, 150 East 58th Street houses some of the finest interior design showrooms and boutique commercial tenants. Adjacent to neighborhood icon Bloomingdale's and the Bloomberg building, 150 East 58th Street is ideally situated in a thriving neighborhood. Share the link by email Explore the Area Sustainability Fact Sheet (PDF) Property Brochure (PDF)",Office,,,,,,,,https://www.vno.com/office/property/150-east-58th-street/3311669/landing,2026-07-20T21:46:31Z,,40.7612,-73.96796,https://cdn-vno.reol.com/vno/img/0e9a517bf081e7154dbd1fba586d9b274718ce42++600+0/n058_fchas_2120219_9098_large_1486362923.jpg
Vornado Realty Trust,731 Lexington Avenue,731 Lexington Avenue,"In 2005, Vornado completed 731 Lexington Avenue, designed by Cesar and Rafael Pelli 1.3-million-square-foot, 56-story, mixed-use tower adjacent to Bloomingdale's in Manhattan. Hailed as ""architectural bravura"" by The New York Times, it is best known for its signature elliptical courtyard connecting 58th and 59th Streets. The building is the world headquarters of Bloomberg L.P. and offers approximately 250,000 square feet of multitiered, grand-scale retail presence. It is also the site of One Beacon Court, an exclusive collection of 105 high-value luxury residential condominiums, boasting spectacular views of Central Park and panoramic views of all of New York City. Share the link by email Explore the Area Sustainability Fact Sheet (PDF) Property Brochure (PDF) Crown Lighting Schedule Brochure",Office,,,,,,,,https://www.vno.com/office/property/731-lexington-avenue/3311642/landing,2026-07-20T21:46:32Z,,40.761829,-73.968277,https://cdn-vno.reol.com/vno/img/8eb946072aca7999f7eb540ed97ed7563525082f++600+0/731l_731lex_1_1486362882.jpg
Vornado Realty Trust,909 Third Avenue,909 Third Avenue,"The design of 909 Third Avenue incorporates the modernist ideals of Le Corbusier and Louis I. Kahn. The building's architects, Emery Roth & Sons, achieved a kinetic sentiment in the design of the 1.3 million square foot monolithic structure through a bold waffle pattern that distinguishes the property. Vornado has completed a significant infrastructure modernization and achieved LEED Gold Certification. Share the link by email Explore the Area Sustainability Fact Sheet (PDF) Property Brochure (PDF)",Office,PARTIAL 14TH FLOOR,12221,Upon request,Leasing,"Vice President, Leasing 212.894.7472",rlevy@vno.com,,https://www.vno.com/office/property/909-third-avenue/3311685/landing,2026-07-20T21:46:32Z,,40.75869,-73.968468,https://cdn-vno.reol.com/vno/img/8d114eda26943875b9b7ffaed419088a5da16e06++600+0/n099_19kcjp_909third_bldg_103_custom_1640156499.jpg
Vornado Realty Trust,909 Third Avenue,909 Third Avenue,"The design of 909 Third Avenue incorporates the modernist ideals of Le Corbusier and Louis I. Kahn. The building's architects, Emery Roth & Sons, achieved a kinetic sentiment in the design of the 1.3 million square foot monolithic structure through a bold waffle pattern that distinguishes the property. Vornado has completed a significant infrastructure modernization and achieved LEED Gold Certification. Share the link by email Explore the Area Sustainability Fact Sheet (PDF) Property Brochure (PDF)",Office,ENTIRE 31ST FLOOR,32534,Upon request,Leasing,"Vice President, Leasing 212.894.7472",rlevy@vno.com,,https://www.vno.com/office/property/909-third-avenue/3311685/landing,2026-07-20T21:46:32Z,,40.75869,-73.968468,https://cdn-vno.reol.com/vno/img/8d114eda26943875b9b7ffaed419088a5da16e06++600+0/n099_19kcjp_909third_bldg_103_custom_1640156499.jpg
Vornado Realty Trust,909 Third Avenue,909 Third Avenue,"The design of 909 Third Avenue incorporates the modernist ideals of Le Corbusier and Louis I. Kahn. The building's architects, Emery Roth & Sons, achieved a kinetic sentiment in the design of the 1.3 million square foot monolithic structure through a bold waffle pattern that distinguishes the property. Vornado has completed a significant infrastructure modernization and achieved LEED Gold Certification. Share the link by email Explore the Area Sustainability Fact Sheet (PDF) Property Brochure (PDF)",Office,ENTIRE 32ND FLOOR,32534,Upon request,Leasing,"Vice President, Leasing 212.894.7472",rlevy@vno.com,,https://www.vno.com/office/property/909-third-avenue/3311685/landing,2026-07-20T21:46:32Z,,40.75869,-73.968468,https://cdn-vno.reol.com/vno/img/8d114eda26943875b9b7ffaed419088a5da16e06++600+0/n099_19kcjp_909third_bldg_103_custom_1640156499.jpg
Vornado Realty Trust,770 Broadway,770 Broadway,"Vornado transformed the historic Wanamaker's department store at 770 Broadway into a 21st-century office environment and creative hub, catering to some of the world's best-known technology and media leaders. The 1.2-million-square-foot landmarked building was completely restored with a new postmodern lobby by Hugh Hardy, state-of-the-art infrastructure and an exterior lighting program designed to highlight architectural details of the historic façade. This restoration achieved LEED Platinum certification. 770 Broadway is credited with helping to lead the transition of the Midtown South submarket to a 24/7 ""live-work-play"" district for tenants such as Meta and Yahoo. Share the link by email Explore the Area Sustainability Fact Sheet (PDF) Property Brochure (PDF)",Office,,,,,,,,https://www.vno.com/office/property/770-broadway/3311677/landing,2026-07-20T21:46:33Z,,40.73083,-73.99208,https://cdn-vno.reol.com/vno/img/43540663866c2d37e67fdc5c300fb7b01e9ed3cb++600+0/n077_n077770bwayexteriorbuildingfront_large_1486362936.jpg
Vornado Realty Trust,260 Eleventh Avenue,260 Eleventh Avenue,"The former, OTIS Elevator Building, sits on a one acre site which occupies an entire block from the Starrett Lehigh Building, just south of Hudson Yards, one avenue from the High Line and walking distance to the 7-train line extension. 260 Eleventh Avenue consists of two office buildings totaling 235,000 SF with an adjacent parking lot measuring approximately 10,000 SF which can be developed. Share the link by email Explore the Area Sustainability Fact Sheet (PDF) Property Brochure (PDF)",Office,,,,,,,,https://www.vno.com/office/property/260-eleventh-avenue/3312422/landing,2026-07-20T21:46:34Z,,40.75102,-74.00524,https://cdn-vno.reol.com/vno/img/d55a242fd86cc0fc466c0321ae4e19dcfe7bccce++600+0/n260_15kcjp_260eleventh_bldg_03_large_1486362948.jpg
Vornado Realty Trust,61 Ninth Avenue,61 Ninth Avenue,"61 Ninth Avenue is adjacent to Apple's Meatpacking Flagship Store on Ninth Avenue and West 15th Street and across the street from the Chelsea Market and Google's NY headquarters. The 165,000 SF office building was designed by Rafael Vinoly Architects and developed by Vornado Realty Trust in the heart of Google's Manhattan Campus, with prominent views west toward the Hudson River. The building design takes advantage of these views by providing unique floor layouts with multiple private terraces for each tenant. These pocket parks are propagated throughout the building, providing unique terrace spaces, and transforming the typical office, conference room, and breakout space into an integrated indoor-outdoor environment. The flat slab construction and exposed mechanical systems allow for flexibility while providing maximum ceiling heights. The project incorporates sustainable design strategies and is a LEED Silver certified building. Share the link by email Explore the Area Sustainability Fact Sheet (PDF) Property Brochure (PDF)",Office,,,,,,,,https://www.vno.com/office/property/61-ninth-avenue/3312727/landing,2026-07-20T21:46:35Z,,40.7417257,-74.0049801,https://cdn-vno.reol.com/vno/img/8a6c4cce1d7be5db2801d191d80b0f1627b323c6++600+0/n61d_22kcjp_61ninth_bldg_95_1656396093.jpg
Vornado Realty Trust,One Park Avenue,One Park Avenue,"One Park Avenue features outstanding architectural detail including a gothic lobby with vaulted 20' ceilings. Robust light and air on all four sides of the building and expansive ceiling heights which create a loft-like work environment. Equidistant from New York City's two main commuter hubs: Grand Central Terminal and Penn Station, providing access to the LIRR, Metro-North, and New Jersey Transit train lines. Share the link by email Explore the Area Sustainability Fact Sheet (PDF) Property Brochure (PDF)",Office,PARTIAL MEZZANINE,12838,Upon request,Leasing,"Vice President, Leasing 212.894.7407",abedell@vno.com,,https://www.vno.com/office/property/one-park-avenue/3311699/landing,2026-07-20T21:46:35Z,,40.74601,-73.981827,https://cdn-vno.reol.com/vno/img/297b42656844ef483c4d8dfea82a468d33d13294++600+0/nop1_o_one_park_2246_streetview_hr_1486362968.jpg
Vornado Realty Trust,One Park Avenue,One Park Avenue,"One Park Avenue features outstanding architectural detail including a gothic lobby with vaulted 20' ceilings. Robust light and air on all four sides of the building and expansive ceiling heights which create a loft-like work environment. Equidistant from New York City's two main commuter hubs: Grand Central Terminal and Penn Station, providing access to the LIRR, Metro-North, and New Jersey Transit train lines. Share the link by email Explore the Area Sustainability Fact Sheet (PDF) Property Brochure (PDF)",Office,ENTIRE 19TH FLOOR,31144,Upon request,Leasing,"Vice President, Leasing 212.894.7407",abedell@vno.com,,https://www.vno.com/office/property/one-park-avenue/3311699/landing,2026-07-20T21:46:35Z,,40.74601,-73.981827,https://cdn-vno.reol.com/vno/img/297b42656844ef483c4d8dfea82a468d33d13294++600+0/nop1_o_one_park_2246_streetview_hr_1486362968.jpg
Vornado Realty Trust,One Park Avenue,One Park Avenue,"One Park Avenue features outstanding architectural detail including a gothic lobby with vaulted 20' ceilings. Robust light and air on all four sides of the building and expansive ceiling heights which create a loft-like work environment. Equidistant from New York City's two main commuter hubs: Grand Central Terminal and Penn Station, providing access to the LIRR, Metro-North, and New Jersey Transit train lines. Share the link by email Explore the Area Sustainability Fact Sheet (PDF) Property Brochure (PDF)",Office,ENTIRE 20TH FLOOR,8313,Upon request,Leasing,"Vice President, Leasing 212.894.7407",abedell@vno.com,,https://www.vno.com/office/property/one-park-avenue/3311699/landing,2026-07-20T21:46:35Z,,40.74601,-73.981827,https://cdn-vno.reol.com/vno/img/297b42656844ef483c4d8dfea82a468d33d13294++600+0/nop1_o_one_park_2246_streetview_hr_1486362968.jpg
Vornado Realty Trust,85 Tenth Avenue,85 Tenth Avenue,"85 Tenth Avenue sits amidst one of New York's most luxurious cultural centers, surrounded by cultural influencers, such as the Whitney Museum, Samsung 837 and Diane von Furstenberg. An 11-story prime office and retail building, 85 Tenth Avenue is positioned in the creative heart of Manhattan, directly adjacent to Chelsea Market, between West Chelsea and the Meatpacking District. Overlooking Little Island at Pier 55, Market 57 at Pier 57 and the Hudson River, the 635,000 SF building is steps from the High Line and dozens of New York City's finest restaurants and galleries. Share the link by email Explore the Area Sustainability Fact Sheet (PDF) Property Brochure (PDF)",Office,,,,,,,,https://www.vno.com/office/property/85-tenth-avenue/3313612/landing,2026-07-20T21:46:36Z,,40.743232,-74.007644,https://cdn-vno.reol.com/vno/img/a4648e180a951c009157aa7ff819eec826c93ce9++600+0/n85t_85_tenth_02_gallery_01.jpg
Vornado Realty Trust,640 Fifth Avenue,640 Fifth Avenue,"640 Fifth Avenue is adjacent to Rockefeller Center and St. Patrick's Cathedral. Vornado successfully redeveloped three floors into a single-use, vertical retailing destination with prominent avenue signage/branding exposure. Vornado set a precedent for this type of creative occupancy, now seen in New York City's best retail corridors. In 2016, Victoria's Secret launched a multi-floor flagship store at 640 Fifth Avenue. Share the link by email Explore the Area Sustainability Fact Sheet (PDF)",Retail,1A,3421,Upon request,Leasing,"Senior Vice President, Retail Leasing 212.894.7946",jamorrison@vno.com,,https://www.vno.com/street-retail/property/640-fifth-avenue/3311674/landing,2026-07-20T21:46:38Z,,40.75938,-73.97672,https://cdn-vno.reol.com/vno/img/42bdce536eb1ea428af7e2d124382d1b892e13ff++600+0/n064_1_16kcjp_640fifth_retail_78_signageeditv3_crop_web_1516775066.jpg
Vornado Realty Trust,655 Fifth Avenue,655 Fifth Avenue,"655 Fifth Avenue, home to the U.S. Flagship for luxury brand Salvatore Ferragamo, is prominently positioned on the corner of 52nd Street and Fifth Avenue at the heart of flagship row and includes 57,000 square feet of corner retail and 50 feet of frontage on Fifth Avenue. Share the link by email Explore the Area Sustainability Fact Sheet (PDF)",Retail,LL1A,3503,Upon request,Leasing,"Senior Vice President, Retail Leasing 212.894.7946",jamorrison@vno.com,,https://www.vno.com/street-retail/property/655-fifth-avenue/3311694/landing,2026-07-20T21:46:39Z,,40.75994,-73.97604,https://cdn-vno.reol.com/vno/img/a41fc7f5409b2c4a91d20494b75d5eea612db5b4++600+0/n655_23kcjp_655fifth_retail_12_ret2_resized_1678860112.jpg
Vornado Realty Trust,655 Fifth Avenue,655 Fifth Avenue,"655 Fifth Avenue, home to the U.S. Flagship for luxury brand Salvatore Ferragamo, is prominently positioned on the corner of 52nd Street and Fifth Avenue at the heart of flagship row and includes 57,000 square feet of corner retail and 50 feet of frontage on Fifth Avenue. Share the link by email Explore the Area Sustainability Fact Sheet (PDF)",Retail,MZA,1338,Upon request,Leasing,"Senior Vice President, Retail Leasing 212.894.7946",jamorrison@vno.com,,https://www.vno.com/street-retail/property/655-fifth-avenue/3311694/landing,2026-07-20T21:46:39Z,,40.75994,-73.97604,https://cdn-vno.reol.com/vno/img/a41fc7f5409b2c4a91d20494b75d5eea612db5b4++600+0/n655_23kcjp_655fifth_retail_12_ret2_resized_1678860112.jpg
Vornado Realty Trust,655 Fifth Avenue,655 Fifth Avenue,"655 Fifth Avenue, home to the U.S. Flagship for luxury brand Salvatore Ferragamo, is prominently positioned on the corner of 52nd Street and Fifth Avenue at the heart of flagship row and includes 57,000 square feet of corner retail and 50 feet of frontage on Fifth Avenue. Share the link by email Explore the Area Sustainability Fact Sheet (PDF)",Retail,2A,4487,Upon request,Leasing,"Senior Vice President, Retail Leasing 212.894.7946",jamorrison@vno.com,,https://www.vno.com/street-retail/property/655-fifth-avenue/3311694/landing,2026-07-20T21:46:39Z,,40.75994,-73.97604,https://cdn-vno.reol.com/vno/img/a41fc7f5409b2c4a91d20494b75d5eea612db5b4++600+0/n655_23kcjp_655fifth_retail_12_ret2_resized_1678860112.jpg
Vornado Realty Trust,666 Fifth Avenue,666 Fifth Avenue,"In immediate proximity to the MoMA, the St. Regis Hotel, Rockefeller Center, and Saks Fifth Avenue, the long-standing district anchor, Vornado's coveted 666 Fifth Avenue retail is among the most valuable in Manhattan. Retailers along this stretch of Fifth Avenue achieve some of the highest volumes and sales in North America. Share the link by email Explore the Area Retail Brochure",Retail,R01,1896,Upon request,Leasing,"Senior Vice President, Retail Leasing 212.894.7946",jamorrison@vno.com,,https://www.vno.com/street-retail/property/666-fifth-avenue/3311641/landing,2026-07-20T21:46:39Z,,40.76012,-73.97623,https://cdn-vno.reol.com/vno/img/3dd4e7673a318a37aacc5c27ef9e09c2a92014cf++600+0/r666_23kcjp_660fifth_retail_41_1724133721.jpg
Vornado Realty Trust,689 Fifth Avenue,689 Fifth Avenue,"An internationally recognized shopping destination, previously home to the first U.S. flagship for Zara and now home to Canada Goose, 689 Fifth Avenue has recently completed a capital improvement program which included new retail storefront replacement featuring a limestone and granite facade with bronze storefront framing and insulated glass window displays. This unique and historic building commands attention along Manhattan's most popular shopping avenue with 150 feet of prime frontage. Share the link by email Explore the Area Sustainability Fact Sheet (PDF) Retail Brochure",Retail,GROUND-1B,6060,Upon request,Leasing,"Senior Vice President, Retail Leasing 212.894.7946",jamorrison@vno.com,,https://www.vno.com/street-retail/property/689-fifth-avenue/3311680/landing,2026-07-20T21:46:40Z,,40.76111,-73.97518,https://cdn-vno.reol.com/vno/img/ed0ad9822d36c0386fc30706467e87c1114c9f8a++600+0/n089_21kcjp_689fifth_canadagoose_127_custom_1643698898.jpg
Vornado Realty Trust,689 Fifth Avenue,689 Fifth Avenue,"An internationally recognized shopping destination, previously home to the first U.S. flagship for Zara and now home to Canada Goose, 689 Fifth Avenue has recently completed a capital improvement program which included new retail storefront replacement featuring a limestone and granite facade with bronze storefront framing and insulated glass window displays. This unique and historic building commands attention along Manhattan's most popular shopping avenue with 150 feet of prime frontage. Share the link by email Explore the Area Sustainability Fact Sheet (PDF) Retail Brochure",Retail,LL1A,4995,Upon request,Leasing,"Senior Vice President, Retail Leasing 212.894.7946",jamorrison@vno.com,,https://www.vno.com/street-retail/property/689-fifth-avenue/3311680/landing,2026-07-20T21:46:40Z,,40.76111,-73.97518,https://cdn-vno.reol.com/vno/img/ed0ad9822d36c0386fc30706467e87c1114c9f8a++600+0/n089_21kcjp_689fifth_canadagoose_127_custom_1643698898.jpg
Vornado Realty Trust,689 Fifth Avenue,689 Fifth Avenue,"An internationally recognized shopping destination, previously home to the first U.S. flagship for Zara and now home to Canada Goose, 689 Fifth Avenue has recently completed a capital improvement program which included new retail storefront replacement featuring a limestone and granite facade with bronze storefront framing and insulated glass window displays. This unique and historic building commands attention along Manhattan's most popular shopping avenue with 150 feet of prime frontage. Share the link by email Explore the Area Sustainability Fact Sheet (PDF) Retail Brochure",Retail,LL1B,1065,Upon request,Leasing,"Senior Vice President, Retail Leasing 212.894.7946",jamorrison@vno.com,,https://www.vno.com/street-retail/property/689-fifth-avenue/3311680/landing,2026-07-20T21:46:40Z,,40.76111,-73.97518,https://cdn-vno.reol.com/vno/img/ed0ad9822d36c0386fc30706467e87c1114c9f8a++600+0/n089_21kcjp_689fifth_canadagoose_127_custom_1643698898.jpg
Vornado Realty Trust,689 Fifth Avenue,689 Fifth Avenue,"An internationally recognized shopping destination, previously home to the first U.S. flagship for Zara and now home to Canada Goose, 689 Fifth Avenue has recently completed a capital improvement program which included new retail storefront replacement featuring a limestone and granite facade with bronze storefront framing and insulated glass window displays. This unique and historic building commands attention along Manhattan's most popular shopping avenue with 150 feet of prime frontage. Share the link by email Explore the Area Sustainability Fact Sheet (PDF) Retail Brochure",Retail,Ground 1A,3358,Upon request,Leasing,"Senior Vice President, Retail Leasing 212.894.7946",jamorrison@vno.com,,https://www.vno.com/street-retail/property/689-fifth-avenue/3311680/landing,2026-07-20T21:46:40Z,,40.76111,-73.97518,https://cdn-vno.reol.com/vno/img/ed0ad9822d36c0386fc30706467e87c1114c9f8a++600+0/n089_21kcjp_689fifth_canadagoose_127_custom_1643698898.jpg
Vornado Realty Trust,689 Fifth Avenue,689 Fifth Avenue,"An internationally recognized shopping destination, previously home to the first U.S. flagship for Zara and now home to Canada Goose, 689 Fifth Avenue has recently completed a capital improvement program which included new retail storefront replacement featuring a limestone and granite facade with bronze storefront framing and insulated glass window displays. This unique and historic building commands attention along Manhattan's most popular shopping avenue with 150 feet of prime frontage. Share the link by email Explore the Area Sustainability Fact Sheet (PDF) Retail Brochure",Retail,GROUND,1492,Upon request,Leasing,"Senior Vice President, Retail Leasing 212.894.7946",jamorrison@vno.com,,https://www.vno.com/street-retail/property/689-fifth-avenue/3311680/landing,2026-07-20T21:46:40Z,,40.76111,-73.97518,https://cdn-vno.reol.com/vno/img/ed0ad9822d36c0386fc30706467e87c1114c9f8a++600+0/n089_21kcjp_689fifth_canadagoose_127_custom_1643698898.jpg
Vornado Realty Trust,689 Fifth Avenue,689 Fifth Avenue,"An internationally recognized shopping destination, previously home to the first U.S. flagship for Zara and now home to Canada Goose, 689 Fifth Avenue has recently completed a capital improvement program which included new retail storefront replacement featuring a limestone and granite facade with bronze storefront framing and insulated glass window displays. This unique and historic building commands attention along Manhattan's most popular shopping avenue with 150 feet of prime frontage. Share the link by email Explore the Area Sustainability Fact Sheet (PDF) Retail Brochure",Retail,SECOND,5970,Upon request,Leasing,"Senior Vice President, Retail Leasing 212.894.7946",jamorrison@vno.com,,https://www.vno.com/street-retail/property/689-fifth-avenue/3311680/landing,2026-07-20T21:46:40Z,,40.76111,-73.97518,https://cdn-vno.reol.com/vno/img/ed0ad9822d36c0386fc30706467e87c1114c9f8a++600+0/n089_21kcjp_689fifth_canadagoose_127_custom_1643698898.jpg
Vornado Realty Trust,697 703 Fifth Avenue,697 703 Fifth Avenue,"697 Fifth Avenue is located at the base of the St. Regis Hotel with 100 feet of prime frontage. Anchored by world-renowned luxury brands including Harry Winston and Breguet, this corner represents one of the most distinguished retail addresses on the Fifth Avenue corridor. The addition of Meta Lab enhances the building's position as a premier destination, introducing an experiential platform that unites community and culture while advancing innovation. Share the link by email Explore the Area",Retail,,,,,,,,https://www.vno.com/street-retail/property/697-703-fifth-avenue/3311722/landing,2026-07-20T21:46:41Z,,40.7612704,-73.9747997,https://cdn-vno.reol.com/vno/img/4f889445bace1b0740715dc225ad9673a707b435++600+0/r697_19kcjp_697fifth_retail_30_large_1578380474.jpg
Vornado Realty Trust,595 Madison Avenue,595 Madison Avenue,"595 Madison Avenue is preeminently located along Manhattan's most luxurious retail corridor and adjacent to the Four Seasons Hotel. Current home to Fendi, Berluti and Christofle, 595 Madison holds a commanding presence in a neighborhood known for appealing to affluent of shoppers. Share the link by email Explore the Area Sustainability Fact Sheet (PDF)",Retail,,,,,,,,https://www.vno.com/street-retail/property/595-madison-avenue/3311672/landing,2026-07-20T21:46:42Z,,40.7624,-73.9721,https://cdn-vno.reol.com/vno/img/cd69a63ff33f95bbbeece1841fab99327462933d++600+0/n059_21kcjp_595mad_bldg_129_custom_1643698888.jpg
Vornado Realty Trust,650 Madison Avenue,650 Madison Avenue,"650 Madison Avenue is located on Madison Avenue's luxury corridor between 59th and 60th Streets. This high foot traffic location benefits from Manhattan's Midtown business district, the residential Upper East Side neighborhood, and affluent international shoppers who frequent the area for luxury brand names including Barneys, Bloomingdale's, Bergdorf Goodman, Tiffany & Co., Louis Vuitton and Bulgari. 650 Madison is home to retailers Celine, Moncler, Balmain, Cremieux, Bape and Tod's. Share the link by email Explore the Area Sustainability Fact Sheet (PDF)",Retail,0024,4335,Upon request,Leasing,"Senior Vice President, Retail Leasing 212.894.7946",jamorrison@vno.com,,https://www.vno.com/street-retail/property/650-madison-avenue/3311692/landing,2026-07-20T21:46:42Z,,40.76392,-73.97129,https://cdn-vno.reol.com/vno/img/eb6864890bd04c9ccfe03c54d4ca9d2ecd5ca0e4++600+0/n650_19kcjp_650mad_retail_53_custom_1577170864.jpg
Vornado Realty Trust,650 Madison Avenue,650 Madison Avenue,"650 Madison Avenue is located on Madison Avenue's luxury corridor between 59th and 60th Streets. This high foot traffic location benefits from Manhattan's Midtown business district, the residential Upper East Side neighborhood, and affluent international shoppers who frequent the area for luxury brand names including Barneys, Bloomingdale's, Bergdorf Goodman, Tiffany & Co., Louis Vuitton and Bulgari. 650 Madison is home to retailers Celine, Moncler, Balmain, Cremieux, Bape and Tod's. Share the link by email Explore the Area Sustainability Fact Sheet (PDF)",Retail,0107,4666,Upon request,Leasing,"Senior Vice President, Retail Leasing 212.894.7946",jamorrison@vno.com,,https://www.vno.com/street-retail/property/650-madison-avenue/3311692/landing,2026-07-20T21:46:42Z,,40.76392,-73.97129,https://cdn-vno.reol.com/vno/img/eb6864890bd04c9ccfe03c54d4ca9d2ecd5ca0e4++600+0/n650_19kcjp_650mad_retail_53_custom_1577170864.jpg
Vornado Realty Trust,1535 Broadway,1535 Broadway,"The Marriott Marquis is located in the heart of the Times Square bowtie and spans the entire block-front from 45th Street to 46th Street on Broadway, giving Vornado a book-ended presence in one of the world's most popular tourist destinations. In the summer of 2012, Vornado entered into an agreement with Host Hotels & Resorts, Inc. to redevelop and substantially expand the existing retail space of Times Square's popular Marriott Marquis hotel. Vornado constructed the world's largest 4K LED screen at six stories high and 330 feet wide, above the retail and has leased the property to such global brands including Levi's, Sephora, Swatch and T-Mobile. Share the link by email Explore the Area",Retail,GROUND,654,Upon request,Leasing,"Senior Vice President, Retail Leasing 212.894.7946",jamorrison@vno.com,,https://www.vno.com/street-retail/property/1535-broadway/3311741/landing,2026-07-20T21:46:43Z,,40.75838,-73.98552,https://cdn-vno.reol.com/vno/img/5b6da2a7be3f399e946bfd94cd741983b0c3d9da++600+0/tsq26_vertical_scrnsize.jpg
Vornado Realty Trust,1540 Broadway,1540 Broadway,"This 197,000-square-foot property is one of the world's most recognized retail block-fronts. Vornado worked closely with marquee tenants to create large-scale, multilevel flagship retail both above and below grade. Tenants include MAC, U.S. Polo Association, Forever 21, Sunglass Hut, and Disney. Share the link by email Explore the Area Sustainability Fact Sheet (PDF)",Retail,LOWER LEVEL 3,32994,Upon request,Leasing,"Senior Vice President, Retail Leasing 212.894.7946",jamorrison@vno.com,,https://www.vno.com/street-retail/property/1540-broadway/3311707/landing,2026-07-20T21:46:44Z,,40.758179,-73.985153,https://cdn-vno.reol.com/vno/img/2ca768b09cf8255b45ffdf99631995a9d9283742++600+0/r154_19kcjp_1540bwy_retail_143_large_1578380470.jpg
Vornado Realty Trust,1540 Broadway,1540 Broadway,"This 197,000-square-foot property is one of the world's most recognized retail block-fronts. Vornado worked closely with marquee tenants to create large-scale, multilevel flagship retail both above and below grade. Tenants include MAC, U.S. Polo Association, Forever 21, Sunglass Hut, and Disney. Share the link by email Explore the Area Sustainability Fact Sheet (PDF)",Retail,LOWER LEVEL 2,27224,Upon request,Leasing,"Senior Vice President, Retail Leasing 212.894.7946",jamorrison@vno.com,,https://www.vno.com/street-retail/property/1540-broadway/3311707/landing,2026-07-20T21:46:44Z,,40.758179,-73.985153,https://cdn-vno.reol.com/vno/img/2ca768b09cf8255b45ffdf99631995a9d9283742++600+0/r154_19kcjp_1540bwy_retail_143_large_1578380470.jpg
Vornado Realty Trust,1540 Broadway,1540 Broadway,"This 197,000-square-foot property is one of the world's most recognized retail block-fronts. Vornado worked closely with marquee tenants to create large-scale, multilevel flagship retail both above and below grade. Tenants include MAC, U.S. Polo Association, Forever 21, Sunglass Hut, and Disney. Share the link by email Explore the Area Sustainability Fact Sheet (PDF)",Retail,LOWER LEVEL 1,22482,Upon request,Leasing,"Senior Vice President, Retail Leasing 212.894.7946",jamorrison@vno.com,,https://www.vno.com/street-retail/property/1540-broadway/3311707/landing,2026-07-20T21:46:44Z,,40.758179,-73.985153,https://cdn-vno.reol.com/vno/img/2ca768b09cf8255b45ffdf99631995a9d9283742++600+0/r154_19kcjp_1540bwy_retail_143_large_1578380470.jpg
Vornado Realty Trust,1540 Broadway,1540 Broadway,"This 197,000-square-foot property is one of the world's most recognized retail block-fronts. Vornado worked closely with marquee tenants to create large-scale, multilevel flagship retail both above and below grade. Tenants include MAC, U.S. Polo Association, Forever 21, Sunglass Hut, and Disney. Share the link by email Explore the Area Sustainability Fact Sheet (PDF)",Retail,GROUND A,7456,Upon request,Leasing,"Senior Vice President, Retail Leasing 212.894.7946",jamorrison@vno.com,,https://www.vno.com/street-retail/property/1540-broadway/3311707/landing,2026-07-20T21:46:44Z,,40.758179,-73.985153,https://cdn-vno.reol.com/vno/img/2ca768b09cf8255b45ffdf99631995a9d9283742++600+0/r154_19kcjp_1540bwy_retail_143_large_1578380470.jpg
Vornado Realty Trust,1540 Broadway,1540 Broadway,"This 197,000-square-foot property is one of the world's most recognized retail block-fronts. Vornado worked closely with marquee tenants to create large-scale, multilevel flagship retail both above and below grade. Tenants include MAC, U.S. Polo Association, Forever 21, Sunglass Hut, and Disney. Share the link by email Explore the Area Sustainability Fact Sheet (PDF)",Retail,GROUND B,869,Upon request,Leasing,"Senior Vice President, Retail Leasing 212.894.7946",jamorrison@vno.com,,https://www.vno.com/street-retail/property/1540-broadway/3311707/landing,2026-07-20T21:46:44Z,,40.758179,-73.985153,https://cdn-vno.reol.com/vno/img/2ca768b09cf8255b45ffdf99631995a9d9283742++600+0/r154_19kcjp_1540bwy_retail_143_large_1578380470.jpg
Vornado Realty Trust,1540 Broadway,1540 Broadway,"This 197,000-square-foot property is one of the world's most recognized retail block-fronts. Vornado worked closely with marquee tenants to create large-scale, multilevel flagship retail both above and below grade. Tenants include MAC, U.S. Polo Association, Forever 21, Sunglass Hut, and Disney. Share the link by email Explore the Area Sustainability Fact Sheet (PDF)",Retail,SECOND,19722,Upon request,Leasing,"Senior Vice President, Retail Leasing 212.894.7946",jamorrison@vno.com,,https://www.vno.com/street-retail/property/1540-broadway/3311707/landing,2026-07-20T21:46:44Z,,40.758179,-73.985153,https://cdn-vno.reol.com/vno/img/2ca768b09cf8255b45ffdf99631995a9d9283742++600+0/r154_19kcjp_1540bwy_retail_143_large_1578380470.jpg
Vornado Realty Trust,1540 Broadway,1540 Broadway,"This 197,000-square-foot property is one of the world's most recognized retail block-fronts. Vornado worked closely with marquee tenants to create large-scale, multilevel flagship retail both above and below grade. Tenants include MAC, U.S. Polo Association, Forever 21, Sunglass Hut, and Disney. Share the link by email Explore the Area Sustainability Fact Sheet (PDF)",Retail,THIRD,11821,Upon request,Leasing,"Senior Vice President, Retail Leasing 212.894.7946",jamorrison@vno.com,,https://www.vno.com/street-retail/property/1540-broadway/3311707/landing,2026-07-20T21:46:44Z,,40.758179,-73.985153,https://cdn-vno.reol.com/vno/img/2ca768b09cf8255b45ffdf99631995a9d9283742++600+0/r154_19kcjp_1540bwy_retail_143_large_1578380470.jpg
Vornado Realty Trust,100 West 33Rd Street,100 West 33Rd Street,"Manhattan Mall occupies 243,000 square feet at the base of the 1 million square-foot office building also owned by Vornado. Centrally located in one of the highest foot traffic locations in the city, Manhattan Mall is within walking distance of Penn Station, Madison Square Garden, Moynihan Train Hall and Macy's. Its close proximity to 11 subway lines also makes it one of the most accessible locations in Manhattan. Share the link by email Sustainability Fact Sheet (PDF) Retail Brochure THE PENN DISTRICT Brochure",Retail,0176,22362,Upon request,Leasing,"Director, Retail Leasing 212.894.7411",jdavis@vno.com,,https://www.vno.com/street-retail/property/manhattan-mall/100-west-33rd-street/3311653/landing,2026-07-20T21:46:44Z,,40.74916,-73.98919,https://cdn-vno.reol.com/vno/img/6e3cbfd294d097b8298b719b6dcbcb0c41fc9952++600+0/mf1415_manhattanmall_fashion_corner_vno_1539324226.jpg
Vornado Realty Trust,100 West 33Rd Street,100 West 33Rd Street,"Manhattan Mall occupies 243,000 square feet at the base of the 1 million square-foot office building also owned by Vornado. Centrally located in one of the highest foot traffic locations in the city, Manhattan Mall is within walking distance of Penn Station, Madison Square Garden, Moynihan Train Hall and Macy's. Its close proximity to 11 subway lines also makes it one of the most accessible locations in Manhattan. Share the link by email Sustainability Fact Sheet (PDF) Retail Brochure THE PENN DISTRICT Brochure",Retail,0177,6553,Upon request,Leasing,"Director, Retail Leasing 212.894.7411",jdavis@vno.com,,https://www.vno.com/street-retail/property/manhattan-mall/100-west-33rd-street/3311653/landing,2026-07-20T21:46:44Z,,40.74916,-73.98919,https://cdn-vno.reol.com/vno/img/6e3cbfd294d097b8298b719b6dcbcb0c41fc9952++600+0/mf1415_manhattanmall_fashion_corner_vno_1539324226.jpg
Vornado Realty Trust,100 West 33Rd Street,100 West 33Rd Street,"Manhattan Mall occupies 243,000 square feet at the base of the 1 million square-foot office building also owned by Vornado. Centrally located in one of the highest foot traffic locations in the city, Manhattan Mall is within walking distance of Penn Station, Madison Square Garden, Moynihan Train Hall and Macy's. Its close proximity to 11 subway lines also makes it one of the most accessible locations in Manhattan. Share the link by email Sustainability Fact Sheet (PDF) Retail Brochure THE PENN DISTRICT Brochure",Retail,Vest1,205,Upon request,Leasing,"Director, Retail Leasing 212.894.7411",jdavis@vno.com,,https://www.vno.com/street-retail/property/manhattan-mall/100-west-33rd-street/3311653/landing,2026-07-20T21:46:44Z,,40.74916,-73.98919,https://cdn-vno.reol.com/vno/img/6e3cbfd294d097b8298b719b6dcbcb0c41fc9952++600+0/mf1415_manhattanmall_fashion_corner_vno_1539324226.jpg
Vornado Realty Trust,100 West 33Rd Street,100 West 33Rd Street,"Manhattan Mall occupies 243,000 square feet at the base of the 1 million square-foot office building also owned by Vornado. Centrally located in one of the highest foot traffic locations in the city, Manhattan Mall is within walking distance of Penn Station, Madison Square Garden, Moynihan Train Hall and Macy's. Its close proximity to 11 subway lines also makes it one of the most accessible locations in Manhattan. Share the link by email Sustainability Fact Sheet (PDF) Retail Brochure THE PENN DISTRICT Brochure",Retail,0283,31185,Upon request,Leasing,"Director, Retail Leasing 212.894.7411",jdavis@vno.com,,https://www.vno.com/street-retail/property/manhattan-mall/100-west-33rd-street/3311653/landing,2026-07-20T21:46:44Z,,40.74916,-73.98919,https://cdn-vno.reol.com/vno/img/6e3cbfd294d097b8298b719b6dcbcb0c41fc9952++600+0/mf1415_manhattanmall_fashion_corner_vno_1539324226.jpg
Vornado Realty Trust,Penn 1,Penn 1,"Situated on one of the busiest corners in Manhattan, at the intersection of 34th Street and Seventh Avenue, and sitting atop Penn Station, the transformation of PENN 1 has redefined THE PENN DISTRICT. Vornado has reimagined 150,000 SF of retail including the Long Island Railroad concourse and a curated retail and dining experience along PLAZA 33. PENN 1 features two options for grab and go food, Office Hours and Blue Bottle, as well as Blue Ribbon Sushi & Steak - an exciting dining experience combining traditional Japanese cuisine with a modern-day steakhouse, and The Landing - a full-service restaurant on the second floor with private dining rooms and multiple tenant lounges for socializing and working, all enhancing the robust WorkLife amenity program. Visit Property Website Share the link by email Explore the Area Sustainability Fact Sheet (PDF) THE PENN DISTRICT Brochure",Retail,C130,17063,Upon request,Leasing,"Senior Vice President, Retail Leasing 212.894.7946",jamorrison@vno.com,,https://www.vno.com/street-retail/property/penn-1/3311659/landing,2026-07-20T21:46:45Z,,40.75136,-73.99245,https://cdn-vno.reol.com/vno/img/177480a13fdad9473a7ad5eb5d94108d5614d757++600+0/n001_240828_penn_1_retail_images_01_1724911271.jpg
Vornado Realty Trust,Penn 1,Penn 1,"Situated on one of the busiest corners in Manhattan, at the intersection of 34th Street and Seventh Avenue, and sitting atop Penn Station, the transformation of PENN 1 has redefined THE PENN DISTRICT. Vornado has reimagined 150,000 SF of retail including the Long Island Railroad concourse and a curated retail and dining experience along PLAZA 33. PENN 1 features two options for grab and go food, Office Hours and Blue Bottle, as well as Blue Ribbon Sushi & Steak - an exciting dining experience combining traditional Japanese cuisine with a modern-day steakhouse, and The Landing - a full-service restaurant on the second floor with private dining rooms and multiple tenant lounges for socializing and working, all enhancing the robust WorkLife amenity program. Visit Property Website Share the link by email Explore the Area Sustainability Fact Sheet (PDF) THE PENN DISTRICT Brochure",Retail,R110,3568,Upon request,Leasing,"Senior Vice President, Retail Leasing 212.894.7946",jamorrison@vno.com,,https://www.vno.com/street-retail/property/penn-1/3311659/landing,2026-07-20T21:46:45Z,,40.75136,-73.99245,https://cdn-vno.reol.com/vno/img/177480a13fdad9473a7ad5eb5d94108d5614d757++600+0/n001_240828_penn_1_retail_images_01_1724911271.jpg
Vornado Realty Trust,Penn 1,Penn 1,"Situated on one of the busiest corners in Manhattan, at the intersection of 34th Street and Seventh Avenue, and sitting atop Penn Station, the transformation of PENN 1 has redefined THE PENN DISTRICT. Vornado has reimagined 150,000 SF of retail including the Long Island Railroad concourse and a curated retail and dining experience along PLAZA 33. PENN 1 features two options for grab and go food, Office Hours and Blue Bottle, as well as Blue Ribbon Sushi & Steak - an exciting dining experience combining traditional Japanese cuisine with a modern-day steakhouse, and The Landing - a full-service restaurant on the second floor with private dining rooms and multiple tenant lounges for socializing and working, all enhancing the robust WorkLife amenity program. Visit Property Website Share the link by email Explore the Area Sustainability Fact Sheet (PDF) THE PENN DISTRICT Brochure",Retail,C140,2273,Upon request,Leasing,"Senior Vice President, Retail Leasing 212.894.7946",jamorrison@vno.com,,https://www.vno.com/street-retail/property/penn-1/3311659/landing,2026-07-20T21:46:45Z,,40.75136,-73.99245,https://cdn-vno.reol.com/vno/img/177480a13fdad9473a7ad5eb5d94108d5614d757++600+0/n001_240828_penn_1_retail_images_01_1724911271.jpg
Vornado Realty Trust,Penn 1,Penn 1,"Situated on one of the busiest corners in Manhattan, at the intersection of 34th Street and Seventh Avenue, and sitting atop Penn Station, the transformation of PENN 1 has redefined THE PENN DISTRICT. Vornado has reimagined 150,000 SF of retail including the Long Island Railroad concourse and a curated retail and dining experience along PLAZA 33. PENN 1 features two options for grab and go food, Office Hours and Blue Bottle, as well as Blue Ribbon Sushi & Steak - an exciting dining experience combining traditional Japanese cuisine with a modern-day steakhouse, and The Landing - a full-service restaurant on the second floor with private dining rooms and multiple tenant lounges for socializing and working, all enhancing the robust WorkLife amenity program. Visit Property Website Share the link by email Explore the Area Sustainability Fact Sheet (PDF) THE PENN DISTRICT Brochure",Retail,C119,1993,Upon request,Leasing,"Senior Vice President, Retail Leasing 212.894.7946",jamorrison@vno.com,,https://www.vno.com/street-retail/property/penn-1/3311659/landing,2026-07-20T21:46:45Z,,40.75136,-73.99245,https://cdn-vno.reol.com/vno/img/177480a13fdad9473a7ad5eb5d94108d5614d757++600+0/n001_240828_penn_1_retail_images_01_1724911271.jpg
Vornado Realty Trust,Penn 1,Penn 1,"Situated on one of the busiest corners in Manhattan, at the intersection of 34th Street and Seventh Avenue, and sitting atop Penn Station, the transformation of PENN 1 has redefined THE PENN DISTRICT. Vornado has reimagined 150,000 SF of retail including the Long Island Railroad concourse and a curated retail and dining experience along PLAZA 33. PENN 1 features two options for grab and go food, Office Hours and Blue Bottle, as well as Blue Ribbon Sushi & Steak - an exciting dining experience combining traditional Japanese cuisine with a modern-day steakhouse, and The Landing - a full-service restaurant on the second floor with private dining rooms and multiple tenant lounges for socializing and working, all enhancing the robust WorkLife amenity program. Visit Property Website Share the link by email Explore the Area Sustainability Fact Sheet (PDF) THE PENN DISTRICT Brochure",Retail,C103,1221,Upon request,Leasing,"Senior Vice President, Retail Leasing 212.894.7946",jamorrison@vno.com,,https://www.vno.com/street-retail/property/penn-1/3311659/landing,2026-07-20T21:46:45Z,,40.75136,-73.99245,https://cdn-vno.reol.com/vno/img/177480a13fdad9473a7ad5eb5d94108d5614d757++600+0/n001_240828_penn_1_retail_images_01_1724911271.jpg
Vornado Realty Trust,Penn 1,Penn 1,"Situated on one of the busiest corners in Manhattan, at the intersection of 34th Street and Seventh Avenue, and sitting atop Penn Station, the transformation of PENN 1 has redefined THE PENN DISTRICT. Vornado has reimagined 150,000 SF of retail including the Long Island Railroad concourse and a curated retail and dining experience along PLAZA 33. PENN 1 features two options for grab and go food, Office Hours and Blue Bottle, as well as Blue Ribbon Sushi & Steak - an exciting dining experience combining traditional Japanese cuisine with a modern-day steakhouse, and The Landing - a full-service restaurant on the second floor with private dining rooms and multiple tenant lounges for socializing and working, all enhancing the robust WorkLife amenity program. Visit Property Website Share the link by email Explore the Area Sustainability Fact Sheet (PDF) THE PENN DISTRICT Brochure",Retail,NW0015,7400,Upon request,Leasing,"Senior Vice President, Retail Leasing 212.894.7946",jamorrison@vno.com,,https://www.vno.com/street-retail/property/penn-1/3311659/landing,2026-07-20T21:46:45Z,,40.75136,-73.99245,https://cdn-vno.reol.com/vno/img/177480a13fdad9473a7ad5eb5d94108d5614d757++600+0/n001_240828_penn_1_retail_images_01_1724911271.jpg
Vornado Realty Trust,Penn 1,Penn 1,"Situated on one of the busiest corners in Manhattan, at the intersection of 34th Street and Seventh Avenue, and sitting atop Penn Station, the transformation of PENN 1 has redefined THE PENN DISTRICT. Vornado has reimagined 150,000 SF of retail including the Long Island Railroad concourse and a curated retail and dining experience along PLAZA 33. PENN 1 features two options for grab and go food, Office Hours and Blue Bottle, as well as Blue Ribbon Sushi & Steak - an exciting dining experience combining traditional Japanese cuisine with a modern-day steakhouse, and The Landing - a full-service restaurant on the second floor with private dining rooms and multiple tenant lounges for socializing and working, all enhancing the robust WorkLife amenity program. Visit Property Website Share the link by email Explore the Area Sustainability Fact Sheet (PDF) THE PENN DISTRICT Brochure",Retail,LOWER LEVEL B,7188,Upon request,Leasing,"Senior Vice President, Retail Leasing 212.894.7946",jamorrison@vno.com,,https://www.vno.com/street-retail/property/penn-1/3311659/landing,2026-07-20T21:46:45Z,,40.75136,-73.99245,https://cdn-vno.reol.com/vno/img/177480a13fdad9473a7ad5eb5d94108d5614d757++600+0/n001_240828_penn_1_retail_images_01_1724911271.jpg
Vornado Realty Trust,Penn 1,Penn 1,"Situated on one of the busiest corners in Manhattan, at the intersection of 34th Street and Seventh Avenue, and sitting atop Penn Station, the transformation of PENN 1 has redefined THE PENN DISTRICT. Vornado has reimagined 150,000 SF of retail including the Long Island Railroad concourse and a curated retail and dining experience along PLAZA 33. PENN 1 features two options for grab and go food, Office Hours and Blue Bottle, as well as Blue Ribbon Sushi & Steak - an exciting dining experience combining traditional Japanese cuisine with a modern-day steakhouse, and The Landing - a full-service restaurant on the second floor with private dining rooms and multiple tenant lounges for socializing and working, all enhancing the robust WorkLife amenity program. Visit Property Website Share the link by email Explore the Area Sustainability Fact Sheet (PDF) THE PENN DISTRICT Brochure",Retail,LOWER LEVEL A,1989,Upon request,Leasing,"Senior Vice President, Retail Leasing 212.894.7946",jamorrison@vno.com,,https://www.vno.com/street-retail/property/penn-1/3311659/landing,2026-07-20T21:46:45Z,,40.75136,-73.99245,https://cdn-vno.reol.com/vno/img/177480a13fdad9473a7ad5eb5d94108d5614d757++600+0/n001_240828_penn_1_retail_images_01_1724911271.jpg
Vornado Realty Trust,Penn 1,Penn 1,"Situated on one of the busiest corners in Manhattan, at the intersection of 34th Street and Seventh Avenue, and sitting atop Penn Station, the transformation of PENN 1 has redefined THE PENN DISTRICT. Vornado has reimagined 150,000 SF of retail including the Long Island Railroad concourse and a curated retail and dining experience along PLAZA 33. PENN 1 features two options for grab and go food, Office Hours and Blue Bottle, as well as Blue Ribbon Sushi & Steak - an exciting dining experience combining traditional Japanese cuisine with a modern-day steakhouse, and The Landing - a full-service restaurant on the second floor with private dining rooms and multiple tenant lounges for socializing and working, all enhancing the robust WorkLife amenity program. Visit Property Website Share the link by email Explore the Area Sustainability Fact Sheet (PDF) THE PENN DISTRICT Brochure",Retail,NW0103,6200,Upon request,Leasing,"Senior Vice President, Retail Leasing 212.894.7946",jamorrison@vno.com,,https://www.vno.com/street-retail/property/penn-1/3311659/landing,2026-07-20T21:46:45Z,,40.75136,-73.99245,https://cdn-vno.reol.com/vno/img/177480a13fdad9473a7ad5eb5d94108d5614d757++600+0/n001_240828_penn_1_retail_images_01_1724911271.jpg
Vornado Realty Trust,Penn 1,Penn 1,"Situated on one of the busiest corners in Manhattan, at the intersection of 34th Street and Seventh Avenue, and sitting atop Penn Station, the transformation of PENN 1 has redefined THE PENN DISTRICT. Vornado has reimagined 150,000 SF of retail including the Long Island Railroad concourse and a curated retail and dining experience along PLAZA 33. PENN 1 features two options for grab and go food, Office Hours and Blue Bottle, as well as Blue Ribbon Sushi & Steak - an exciting dining experience combining traditional Japanese cuisine with a modern-day steakhouse, and The Landing - a full-service restaurant on the second floor with private dining rooms and multiple tenant lounges for socializing and working, all enhancing the robust WorkLife amenity program. Visit Property Website Share the link by email Explore the Area Sustainability Fact Sheet (PDF) THE PENN DISTRICT Brochure",Retail,GROUND B,5405,Upon request,Leasing,"Senior Vice President, Retail Leasing 212.894.7946",jamorrison@vno.com,,https://www.vno.com/street-retail/property/penn-1/3311659/landing,2026-07-20T21:46:45Z,,40.75136,-73.99245,https://cdn-vno.reol.com/vno/img/177480a13fdad9473a7ad5eb5d94108d5614d757++600+0/n001_240828_penn_1_retail_images_01_1724911271.jpg
Vornado Realty Trust,Penn 1,Penn 1,"Situated on one of the busiest corners in Manhattan, at the intersection of 34th Street and Seventh Avenue, and sitting atop Penn Station, the transformation of PENN 1 has redefined THE PENN DISTRICT. Vornado has reimagined 150,000 SF of retail including the Long Island Railroad concourse and a curated retail and dining experience along PLAZA 33. PENN 1 features two options for grab and go food, Office Hours and Blue Bottle, as well as Blue Ribbon Sushi & Steak - an exciting dining experience combining traditional Japanese cuisine with a modern-day steakhouse, and The Landing - a full-service restaurant on the second floor with private dining rooms and multiple tenant lounges for socializing and working, all enhancing the robust WorkLife amenity program. Visit Property Website Share the link by email Explore the Area Sustainability Fact Sheet (PDF) THE PENN DISTRICT Brochure",Retail,GROUND A,3725,Upon request,Leasing,"Senior Vice President, Retail Leasing 212.894.7946",jamorrison@vno.com,,https://www.vno.com/street-retail/property/penn-1/3311659/landing,2026-07-20T21:46:45Z,,40.75136,-73.99245,https://cdn-vno.reol.com/vno/img/177480a13fdad9473a7ad5eb5d94108d5614d757++600+0/n001_240828_penn_1_retail_images_01_1724911271.jpg
Vornado Realty Trust,Penn 2,Penn 2,"Vornado has completed the redevelopment of the iconic PENN 2, a cornerstone of THE PENN DISTRICT, famously located directly adjacent to Madison Square Garden and sitting atop Penn Station, the busiest transportation hub in North America. PENN 2's dramatic redevelopment has brought 430 feet of new frontage along Seventh Avenue and 70,000 SF of prime retail opportunities. The new triple-height office lobby was relocated along 33rd Street on the sprawling tree-lined, pedestrian-only, known as PLAZA 33. This architectural icon continues Vornado's WorkLife amenity ethos by featuring over an acre of outdoor terraces and various flexible tenant spaces for working or socializing and private events including the 280-person Town Hall, Office Hours - a grab-and-go eatery on the 2nd floor, The Perch - a tenant exclusive rooftop lounge that opens to 17,000 SF of lush outdoor green space and 360-degree NYC views. Dynamo Room, the acclaimed steakhouse by Sunday Hospitality, adjacent to the new lobby, features signature dishes alongside steakhouse classics, raw bar, and outdoor dining overlooking PLAZA 33. Visit Property Website Share the link by email Sustainability Fact Sheet (PDF) THE PENN DISTRICT Brochure",Retail,0131,7628,Upon request,Leasing,"Senior Vice President, Retail Leasing 212.894.7946",jamorrison@vno.com,,https://www.vno.com/street-retail/property/penn-2/3311676/landing,2026-07-20T21:46:46Z,,40.74982,-73.99188,https://cdn-vno.reol.com/vno/img/91d90a70b7394cb5a5cc97b56b2a7d9466f4eeed++600+0/n071_penn_2_retail_1775628079.jpg
Vornado Realty Trust,Penn 2,Penn 2,"Vornado has completed the redevelopment of the iconic PENN 2, a cornerstone of THE PENN DISTRICT, famously located directly adjacent to Madison Square Garden and sitting atop Penn Station, the busiest transportation hub in North America. PENN 2's dramatic redevelopment has brought 430 feet of new frontage along Seventh Avenue and 70,000 SF of prime retail opportunities. The new triple-height office lobby was relocated along 33rd Street on the sprawling tree-lined, pedestrian-only, known as PLAZA 33. This architectural icon continues Vornado's WorkLife amenity ethos by featuring over an acre of outdoor terraces and various flexible tenant spaces for working or socializing and private events including the 280-person Town Hall, Office Hours - a grab-and-go eatery on the 2nd floor, The Perch - a tenant exclusive rooftop lounge that opens to 17,000 SF of lush outdoor green space and 360-degree NYC views. Dynamo Room, the acclaimed steakhouse by Sunday Hospitality, adjacent to the new lobby, features signature dishes alongside steakhouse classics, raw bar, and outdoor dining overlooking PLAZA 33. Visit Property Website Share the link by email Sustainability Fact Sheet (PDF) THE PENN DISTRICT Brochure",Retail,0250C,16747,Upon request,Leasing,"Senior Vice President, Retail Leasing 212.894.7946",jamorrison@vno.com,,https://www.vno.com/street-retail/property/penn-2/3311676/landing,2026-07-20T21:46:46Z,,40.74982,-73.99188,https://cdn-vno.reol.com/vno/img/91d90a70b7394cb5a5cc97b56b2a7d9466f4eeed++600+0/n071_penn_2_retail_1775628079.jpg
Vornado Realty Trust,Penn 11,Penn 11,"Located steps from Penn Station with 650,000 daily commuters and Madison Square Garden with 4 million annual attendees, PENN 11 is a prime location for any retailer. The building houses the headquarters for Macy's and AMC Media Networks as well as retailers Starbucks, Le Botaniste and PNC Bank. Share the link by email Explore the Area Sustainability Fact Sheet (PDF) THE PENN DISTRICT Brochure",Retail,0067,1005,Upon request,Leasing,"Senior Vice President, Retail Leasing 212.894.7946",jamorrison@vno.com,,https://www.vno.com/street-retail/property/penn-11/3311684/landing,2026-07-20T21:46:46Z,,40.74939,-73.99162,https://cdn-vno.reol.com/vno/img/6a8ef21683735738b6b11d7a1e6a6c58b74ac5d5++600+0/n093_1_11_pennplaza_32ndst_angle_vornadony_generic_2017_10_12b_web_1516775079.jpg
Vornado Realty Trust,Penn 11,Penn 11,"Located steps from Penn Station with 650,000 daily commuters and Madison Square Garden with 4 million annual attendees, PENN 11 is a prime location for any retailer. The building houses the headquarters for Macy's and AMC Media Networks as well as retailers Starbucks, Le Botaniste and PNC Bank. Share the link by email Explore the Area Sustainability Fact Sheet (PDF) THE PENN DISTRICT Brochure",Retail,0154R,8009,Upon request,Leasing,"Senior Vice President, Retail Leasing 212.894.7946",jamorrison@vno.com,,https://www.vno.com/street-retail/property/penn-11/3311684/landing,2026-07-20T21:46:46Z,,40.74939,-73.99162,https://cdn-vno.reol.com/vno/img/6a8ef21683735738b6b11d7a1e6a6c58b74ac5d5++600+0/n093_1_11_pennplaza_32ndst_angle_vornadony_generic_2017_10_12b_web_1516775079.jpg
Vornado Realty Trust,Penn 11,Penn 11,"Located steps from Penn Station with 650,000 daily commuters and Madison Square Garden with 4 million annual attendees, PENN 11 is a prime location for any retailer. The building houses the headquarters for Macy's and AMC Media Networks as well as retailers Starbucks, Le Botaniste and PNC Bank. Share the link by email Explore the Area Sustainability Fact Sheet (PDF) THE PENN DISTRICT Brochure",Retail,0119,1761,Upon request,Leasing,"Senior Vice President, Retail Leasing 212.894.7946",jamorrison@vno.com,,https://www.vno.com/street-retail/property/penn-11/3311684/landing,2026-07-20T21:46:46Z,,40.74939,-73.99162,https://cdn-vno.reol.com/vno/img/6a8ef21683735738b6b11d7a1e6a6c58b74ac5d5++600+0/n093_1_11_pennplaza_32ndst_angle_vornadony_generic_2017_10_12b_web_1516775079.jpg
Vornado Realty Trust,Penn 11,Penn 11,"Located steps from Penn Station with 650,000 daily commuters and Madison Square Garden with 4 million annual attendees, PENN 11 is a prime location for any retailer. The building houses the headquarters for Macy's and AMC Media Networks as well as retailers Starbucks, Le Botaniste and PNC Bank. Share the link by email Explore the Area Sustainability Fact Sheet (PDF) THE PENN DISTRICT Brochure",Retail,2A,44090,Upon request,Leasing,"Senior Vice President, Retail Leasing 212.894.7946",jamorrison@vno.com,,https://www.vno.com/street-retail/property/penn-11/3311684/landing,2026-07-20T21:46:46Z,,40.74939,-73.99162,https://cdn-vno.reol.com/vno/img/6a8ef21683735738b6b11d7a1e6a6c58b74ac5d5++600+0/n093_1_11_pennplaza_32ndst_angle_vornadony_generic_2017_10_12b_web_1516775079.jpg
Vornado Realty Trust,7 West 34Th Street,7 West 34Th Street,"Vornado redeveloped 7 West 34th Street into a creative epicenter for Midtown South featuring Amazon's headquarters. With its notable facade along the corridor between Penn Station and Herald Square as well as its positioning directly across the street from the Empire State Building, 7 West 34th Street enjoys heavy foot traffic, making it an ideal location for retailers. Share the link by email Explore the Area Sustainability Fact Sheet (PDF) THE PENN DISTRICT Brochure",Retail,0110,2087,Upon request,Leasing,"Director, Retail Leasing 212.894.7984",amalitz@vno.com,,https://www.vno.com/street-retail/property/7-west-34th-street/3311657/landing,2026-07-20T21:46:47Z,,40.74885,-73.9854,https://cdn-vno.reol.com/vno/img/8c0fd0d9c1326e4f942a0b1635edf518ee1ced97++600+0/mw34_19kcjp_7w34_bldg_71_custom_1585842933.jpg
Vornado Realty Trust,330 West 34Th Street,330 West 34Th Street,"330 West 34th Street is a uniquely situated property at the gateway to major development on the west side of Manhattan, and Moynihan Train Hall. The building is home to Bar Primi and other convenient grab-and-go retailers such as Just Salad, Juice Press, Barney Brown and Pokeworks. Share the link by email Sustainability Fact Sheet (PDF) THE PENN DISTRICT Brochure",Retail,GROUND B,2762,Upon request,Leasing,"Director, Retail Leasing 212.894.7984",amalitz@vno.com,,https://www.vno.com/street-retail/property/330-west-34th-street/3311661/landing,2026-07-20T21:46:48Z,,40.7528,-73.9954,https://cdn-vno.reol.com/vno/img/2a12dc64afb360484e30a79bc68a8d461d4fc0c9++600+0/n004_vno_240703_330w34th_retail_039_1743055278.jpg
Vornado Realty Trust,484 Eighth Avenue,484 Eighth Avenue,"484 Eighth Avenue is located on a prime corner in the heart of THE PENN DISTRICT and within close proximity to Macy's, Empire State Building and Madison Square Garden. Share the link by email Explore the Area",Retail,,,,,,,,https://www.vno.com/street-retail/property/484-eighth-avenue/3311718/landing,2026-07-20T21:46:49Z,,40.752388,-73.993111,https://cdn-vno.reol.com/vno/img/0209521fd94adef057c07ee2cadd47ef8319d50b++600+0/r484_16kcjp_484eighth_06_1486362995.jpg
Vornado Realty Trust,488 Eighth Avenue,488 Eighth Avenue,"488 Eighth Avenue is located in the heart of THE PENN DISTRICT and within close proximity to Macy's, Moynihan Train Hall, Empire State Building and Madison Square Garden. Share the link by email Explore the Area",Retail,,,,,,,,https://www.vno.com/street-retail/property/488-eighth-avenue/3311719/landing,2026-07-20T21:46:49Z,,40.7524,-73.9932,https://cdn-vno.reol.com/vno/img/0209521fd94adef057c07ee2cadd47ef8319d50b++600+0/r484_16kcjp_484eighth_06_1486362995.jpg
Vornado Realty Trust,431 Seventh Avenue,431 Seventh Avenue,"Nestled between 33rd Street and 34th Street, 431 Seventh Avenue is within close proximity to Madison Square Garden, Macy's and the Empire State Building. Share the link by email Explore the Area",Retail,,,,,,,,https://www.vno.com/street-retail/property/431-seventh-avenue/3311715/landing,2026-07-20T21:46:50Z,,40.750591,-73.990723,https://cdn-vno.reol.com/vno/img/3657bdb18440da8b705a3a8a403128daad2896b3++600+0/r431_14kcjp_431seventh_02_web_1486362992.jpg
Vornado Realty Trust,435 Seventh Avenue,435 Seventh Avenue,"435 Seventh Avenue's visibility with over 200 feet of linear frontage at the corner of 34th Street and 7th Avenue makes it an unparalleled flagship location. It stands at the beginning of the 34th Street retail corridor; one of the world's top performing retail streets. Also across the street from Penn Station with 650,000 daily commuters and Madison Square Garden with 4 million annual attendees, 435 Seventh Avenue is at the heart of it all. Share the link by email Explore the Area",Retail,,,,,,,,https://www.vno.com/street-retail/property/435-seventh-avenue/3311716/landing,2026-07-20T21:46:51Z,,40.750496,-73.989815,https://cdn-vno.reol.com/vno/img/99680432a50617d6991f45eb5e4e109c06c79888++600+0/r435_r435435seventhhero_large_1486362993.jpg
Vornado Realty Trust,Moynihan Train Hall,Moynihan Train Hall,"Moynihan Train Hall is the main gathering place for THE PENN DISTRICT with 120,000 square feet of shops and restaurants along with grand public spaces. Situated between Eighth and Ninth Avenue and 31st and 33rd Streets, the iconic mixed-use structure is the physical center of THE PENN DISTRICT connecting Penn Station to the new Hudson Yards neighborhood. Moynihan Train Hall serves as the front door to hundreds of thousands passengers arriving each day by Amtrak and the Long Island Rail Road. The retail mix will feature three signature restaurants, including the newly opened Avra Estiatorio, to compliment the highly acclaimed Moynihan Food Hall, which delivers an array of New York City's best in cuisine. In addition to the high energy dining options, Moynihan Train Hall offers a curated collection of shops speaking to the latest trends in fashion, gifts, and accessories. Share the link by email Sustainability Fact Sheet (PDF) Retail Brochure THE PENN DISTRICT Brochure",Retail,,,,,,,,https://www.vno.com/street-retail/property/moynihan-train-hall/3313610/landing,2026-07-20T21:46:51Z,,40.751546,-73.995911,https://cdn-vno.reol.com/vno/img/6f87026f9cf017d26c1f27c7ef3c069babe8eb6f++600+0/vmit_210208_farley_406_hdr_3_custom.jpg
Vornado Realty Trust,150 West 34Th Street,150 West 34Th Street,"Located in the heart of the THE PENN DISTRICT, 150 West 34th Street is home to Primark. This 78,000 SF property has 77 ft of frontage on 34th Street across from Macy's Herald Square and 125 ft of frontage on 33rd Street. Located steps away from Madison Square Garden, Penn Station, Moynihan Train Hall and the Empire State Building. 150 West 34th Street is adjacent to several other Vornado assets, further enhacing Vornado's street retail portfolio in the district. Share the link by email Explore the Area Sustainability Fact Sheet (PDF)",Retail,,,,,,,,https://www.vno.com/street-retail/property/150-west-34th-street/3312729/landing,2026-07-20T21:46:52Z,,40.7503638,-73.9900041,https://cdn-vno.reol.com/vno/img/909db689fdeceea1ca3097384d83d211fb1154b0++600+0/r34w_15kcjp_150w34_oldnavy_01_large_1486362991.jpg
Vornado Realty Trust,825 Seventh Avenue,825 Seventh Avenue,"825 Seventh Avenue is uniquely situated between two of Manhattan's most popular destinations; Times Square and Central Park. Its proximity to Columbus Circle, Carnegie Hall, and Nordstrom, make it the ideal location for any retailer. Share the link by email Explore the Area",Retail,,,,,,,,https://www.vno.com/street-retail/property/825-seventh-avenue/3311724/landing,2026-07-20T21:46:53Z,,40.763081,-73.981613,https://cdn-vno.reol.com/vno/img/3a8ee78d26792140e5336a8b9a406ed49e24ec30++600+0/r825_825seventh_generic_restaurant_1529648366.jpg
Vornado Realty Trust,888 Seventh Avenue,888 Seventh Avenue,"Adjacent to Carnegie Hall and steps from Columbus Circle, Central Park and the Ritz Carlton Hotel, 888 Seventh Avenue offers magnificent views of the Park and the Manhattan skyline. Serving as Vornado Realty Trust's headquarters, the building features an expansive lobby and plaza areas to create a dynamic modern entrance. Tenants and surrounding neighbors enjoy the iconic Red Eye Grill and Brooklyn Diner. Share the link by email Explore the Area Sustainability Fact Sheet (PDF) 888 Seventh Avenue Brochure",Retail,,,,,,,,https://www.vno.com/street-retail/property/888-seventh-avenue/3311696/landing,2026-07-20T21:46:53Z,,40.76495,-73.980553,https://cdn-vno.reol.com/vno/img/3b983177dd637c8b6f3613cd65f3a84a70bbe89f++600+0/n888_14kcjp_888seventh_redeyegr_03_large_1486362963.jpg
Vornado Realty Trust,1290 Avenue Of The Americas,1290 Avenue Of The Americas,"Situated in a prime location next to the legendary Radio City Music Hall, 1290 Avenue of the Americas completed a major renovation that secured the skyscraper's legacy as one of the city's preeminent addresses. This location is at the epicenter of Midtown, anchoring the Sixth Avenue office corridor and Fifth Avenue shopping. It is within easy walking distance to Central Park, Times Square and Bryant Park. Visit Property Website Share the link by email Explore the Area Sustainability Fact Sheet (PDF)",Retail,Ground C,2552,Upon request,Leasing,"Senior Vice President, Retail Leasing 212.894.7946",jamorrison@vno.com,,https://www.vno.com/street-retail/property/1290-avenue-of-the-americas/3311698/landing,2026-07-20T21:46:54Z,,40.7608,-73.97958,https://cdn-vno.reol.com/vno/img/30b5d4078f456d96f8e43c6a5605f0bf2a460404++600+0/vno_260421_1290_aoa_192_web.jpg
Vornado Realty Trust,One Park Avenue,One Park Avenue,"One Park Avenue is ideally situated and equidistant from New York City's two main commuter hubs: Grand Central Terminal and Penn Station, providing access to the LIRR, Metro-North, and New Jersey Transit train lines. The Class A Property features a full block-front of retail from 32nd to 33rd Street on Park Avenue and outstanding architectural detail including a gothic lobby with vaulted 20' ceilings centrally positioned in one of New York's most desirable office and residential neighborhoods. Share the link by email Explore the Area Sustainability Fact Sheet (PDF) Retail Brochure",Retail,GROUND B,2966,Upon request,Leasing,"Director, Retail Leasing 212.894.7411",jdavis@vno.com,,https://www.vno.com/street-retail/property/one-park-avenue/3311700/landing,2026-07-20T21:46:55Z,,40.74601,-73.981827,https://cdn-vno.reol.com/vno/img/34ea86f5fbe75760820e5aee6823a931cc418852++600+0/nop1_14kcjp_2park_bldg_07_1486362971.jpg
Vornado Realty Trust,90 Park Avenue,90 Park Avenue,"90 Park Avenue stands at the gateway to the Midtown business district and at the north end of the popular Murray Hill residential district. 90 Park Avenue is within steps of Grand Central Terminal, Bryant Park, the New York Public Library and hospitality anchors such as Cipriani 42nd Street and the Grand Hyatt Hotel. Vornado has completed a major capital improvement program to transform this building into a state-of-the-art, Class A asset. Share the link by email Explore the Area Sustainability Fact Sheet (PDF)",Retail,,,,,,,,https://www.vno.com/street-retail/property/90-park-avenue/3311682/landing,2026-07-20T21:46:56Z,,40.750561,-73.979134,https://cdn-vno.reol.com/vno/img/6ae07f7acd5402c8a98eb31a44c5b515fa683cea++600+0/n090_90_park_fchas_2160236_6091_custom_1486362942.jpg
Vornado Realty Trust,280 Park Avenue,280 Park Avenue,"A full blockfront institutional asset in the heart of the Park Avenue corridor, 280 Park Avenue's retail is central to business activity but is also within proximity to popular hotels and tourist attractions in midtown such as The Waldorf Astoria, The Palace, St Patrick's Cathedral and Saks Fifth Avenue. Share the link by email Explore the Area Sustainability Fact Sheet (PDF)",Retail,,,,,,,,https://www.vno.com/street-retail/property/280-park-avenue/3311688/landing,2026-07-20T21:46:56Z,,40.75632,-73.97489,https://cdn-vno.reol.com/vno/img/5d24dd26e4f60beeb1c78eff0dfb34cf17979bd7++600+0/n280_25kcjp_280park_retail_felix_02_lr_1741759292.jpg
Vornado Realty Trust,350 Park Avenue,350 Park Avenue,350 Park Avenue is located in the heart of the Park Avenue corridor. The building has full block-front presence with proximity to Fifth Avenue retail and Grand Central Station. Share the link by email Explore the Area Sustainability Fact Sheet (PDF),Retail,,,,,,,,https://www.vno.com/street-retail/property/350-park-avenue/3311666/landing,2026-07-20T21:46:57Z,,40.758251,-73.973534,https://cdn-vno.reol.com/vno/img/243a21ce122ab347501e5ce14e116b6a8267dd99++600+0/n035_2449_vornado_350parkave_javadrink_01_mr_1486362920.jpg
Vornado Realty Trust,715 Lexington Avenue,715 Lexington Avenue,"715 Lexington Avenue's stand-alone, vertical retail space provides tenants with high visibility and the opportunity for multi-level branding. The Bloomingdale's District links New York's densely populated and affluent Upper East Side with the East Midtown business district. Share the link by email Explore the Area",Retail,0034,3796,Upon request,Leasing,"Senior Vice President, Retail Leasing 212.894.7946",jamorrison@vno.com,,https://www.vno.com/street-retail/property/715-lexington-avenue/3311723/landing,2026-07-20T21:46:58Z,,40.761299,-73.968658,https://cdn-vno.reol.com/vno/img/c673c03dc1b2af1e490ebdcbf43bdb7cbcf9bd87++600+0/r715_22kcjp_715lex_bldg_139_custom_1660716126.jpg
Vornado Realty Trust,715 Lexington Avenue,715 Lexington Avenue,"715 Lexington Avenue's stand-alone, vertical retail space provides tenants with high visibility and the opportunity for multi-level branding. The Bloomingdale's District links New York's densely populated and affluent Upper East Side with the East Midtown business district. Share the link by email Explore the Area",Retail,0115,956,Upon request,Leasing,"Senior Vice President, Retail Leasing 212.894.7946",jamorrison@vno.com,,https://www.vno.com/street-retail/property/715-lexington-avenue/3311723/landing,2026-07-20T21:46:58Z,,40.761299,-73.968658,https://cdn-vno.reol.com/vno/img/c673c03dc1b2af1e490ebdcbf43bdb7cbcf9bd87++600+0/r715_22kcjp_715lex_bldg_139_custom_1660716126.jpg
Vornado Realty Trust,731 Lexington Avenue,731 Lexington Avenue,"The retail component of 731 Lexington Avenue, designed by Cesar and Rafael Pelli, is home to The Home Depot, Laderach Chocolatier Suisse, Bank of America, Citibank and Hutong. Vornado created this multi-tiered space below grade to generate a big box opportunity for Home Depot. The building offers an entire block-front and corner wrap of retail across the street from Bloomingdale's. Share the link by email Explore the Area Sustainability Fact Sheet (PDF) Crown Lighting Schedule Brochure",Retail,LOWER LEVEL 1,74000,Upon request,Leasing,"Senior Vice President, Retail Leasing 212.894.7946",jamorrison@vno.com,,https://www.vno.com/street-retail/property/731-lexington-avenue/3311643/landing,2026-07-20T21:46:59Z,,40.761829,-73.968277,https://cdn-vno.reol.com/vno/img/29e8ebcc11755182cf12e6b8f9381d4ef482b7fb++600+0/731l_731lex_generic_retail_1529648125.jpg
Vornado Realty Trust,731 Lexington Avenue,731 Lexington Avenue,"The retail component of 731 Lexington Avenue, designed by Cesar and Rafael Pelli, is home to The Home Depot, Laderach Chocolatier Suisse, Bank of America, Citibank and Hutong. Vornado created this multi-tiered space below grade to generate a big box opportunity for Home Depot. The building offers an entire block-front and corner wrap of retail across the street from Bloomingdale's. Share the link by email Explore the Area Sustainability Fact Sheet (PDF) Crown Lighting Schedule Brochure",Retail,LOWER LEVEL MEZZ,15100,Upon request,Leasing,"Senior Vice President, Retail Leasing 212.894.7946",jamorrison@vno.com,,https://www.vno.com/street-retail/property/731-lexington-avenue/3311643/landing,2026-07-20T21:46:59Z,,40.761829,-73.968277,https://cdn-vno.reol.com/vno/img/29e8ebcc11755182cf12e6b8f9381d4ef482b7fb++600+0/731l_731lex_generic_retail_1529648125.jpg
Vornado Realty Trust,731 Lexington Avenue,731 Lexington Avenue,"The retail component of 731 Lexington Avenue, designed by Cesar and Rafael Pelli, is home to The Home Depot, Laderach Chocolatier Suisse, Bank of America, Citibank and Hutong. Vornado created this multi-tiered space below grade to generate a big box opportunity for Home Depot. The building offers an entire block-front and corner wrap of retail across the street from Bloomingdale's. Share the link by email Explore the Area Sustainability Fact Sheet (PDF) Crown Lighting Schedule Brochure",Retail,GROUND A,9900,Upon request,Leasing,"Senior Vice President, Retail Leasing 212.894.7946",jamorrison@vno.com,,https://www.vno.com/street-retail/property/731-lexington-avenue/3311643/landing,2026-07-20T21:46:59Z,,40.761829,-73.968277,https://cdn-vno.reol.com/vno/img/29e8ebcc11755182cf12e6b8f9381d4ef482b7fb++600+0/731l_731lex_generic_retail_1529648125.jpg
Vornado Realty Trust,731 Lexington Avenue,731 Lexington Avenue,"The retail component of 731 Lexington Avenue, designed by Cesar and Rafael Pelli, is home to The Home Depot, Laderach Chocolatier Suisse, Bank of America, Citibank and Hutong. Vornado created this multi-tiered space below grade to generate a big box opportunity for Home Depot. The building offers an entire block-front and corner wrap of retail across the street from Bloomingdale's. Share the link by email Explore the Area Sustainability Fact Sheet (PDF) Crown Lighting Schedule Brochure",Retail,0103,4340,Upon request,Leasing,"Senior Vice President, Retail Leasing 212.894.7946",jamorrison@vno.com,,https://www.vno.com/street-retail/property/731-lexington-avenue/3311643/landing,2026-07-20T21:46:59Z,,40.761829,-73.968277,https://cdn-vno.reol.com/vno/img/29e8ebcc11755182cf12e6b8f9381d4ef482b7fb++600+0/731l_731lex_generic_retail_1529648125.jpg
Vornado Realty Trust,966 Third Avenue,966 Third Avenue,"966 Third Ave is located in the heart of Midtown East in close proximity to neighborhood notables including Bloomingdale's, 731 Lexington Avenue, and the A&D and D&D buildings. Share the link by email Explore the Area",Retail,,,,,,,,https://www.vno.com/street-retail/property/966-third-avenue/3311726/landing,2026-07-20T21:46:59Z,,40.760891,-73.967455,https://cdn-vno.reol.com/vno/img/6746a0de7b03d6c189884348f97d27efe179440d++600+0/r966_966thirdavehero_1486363003.jpg
Vornado Realty Trust,968 Third Avenue,968 Third Avenue,"Situated at the corner of 58th Street and Third Avenue, this impressive property features a stunning glass exterior with floor-to-ceiling windows. 968 Third Avenue, one block from Bloomingdale's and across the street from 731 Lexington Avenue, is conveniently located on the border of New York's densely populated and affluent Upper East Side and the East Midtown business district. Share the link by email Explore the Area",Retail,LOWER LEVEL,2392,Upon request,Leasing,"Director, Retail Leasing 212.894.7411",jdavis@vno.com,,https://www.vno.com/street-retail/property/968-third-avenue/3311757/landing,2026-07-20T21:47:00Z,,40.760951,-73.967412,https://cdn-vno.reol.com/vno/img/3e8c50545be89d79cf9ef9e6ebe6067f707b06ee++600+0/ua68_968thirdaveretailhero_1486363036.jpg
Vornado Realty Trust,968 Third Avenue,968 Third Avenue,"Situated at the corner of 58th Street and Third Avenue, this impressive property features a stunning glass exterior with floor-to-ceiling windows. 968 Third Avenue, one block from Bloomingdale's and across the street from 731 Lexington Avenue, is conveniently located on the border of New York's densely populated and affluent Upper East Side and the East Midtown business district. Share the link by email Explore the Area",Retail,GROUND,2392,Upon request,Leasing,"Director, Retail Leasing 212.894.7411",jdavis@vno.com,,https://www.vno.com/street-retail/property/968-third-avenue/3311757/landing,2026-07-20T21:47:00Z,,40.760951,-73.967412,https://cdn-vno.reol.com/vno/img/3e8c50545be89d79cf9ef9e6ebe6067f707b06ee++600+0/ua68_968thirdaveretailhero_1486363036.jpg
Vornado Realty Trust,968 Third Avenue,968 Third Avenue,"Situated at the corner of 58th Street and Third Avenue, this impressive property features a stunning glass exterior with floor-to-ceiling windows. 968 Third Avenue, one block from Bloomingdale's and across the street from 731 Lexington Avenue, is conveniently located on the border of New York's densely populated and affluent Upper East Side and the East Midtown business district. Share the link by email Explore the Area",Retail,SECOND,1722,Upon request,Leasing,"Director, Retail Leasing 212.894.7411",jdavis@vno.com,,https://www.vno.com/street-retail/property/968-third-avenue/3311757/landing,2026-07-20T21:47:00Z,,40.760951,-73.967412,https://cdn-vno.reol.com/vno/img/3e8c50545be89d79cf9ef9e6ebe6067f707b06ee++600+0/ua68_968thirdaveretailhero_1486363036.jpg
Vornado Realty Trust,150 East 58Th Street,150 East 58Th Street,"Commonly known as the A&D Building, 150 East 58th Street houses some of the finest interior design showrooms and boutique commercial tenants. Adjacent to neighborhood icons Bloomingdale's and the Bloomberg building at 731 Lexington Avenue, 150 East 58th Street is ideally situated in a thriving neighborhood. Share the link by email Explore the Area Sustainability Fact Sheet (PDF)",Retail,,,,,,,,https://www.vno.com/street-retail/property/150-east-58th-street/3311670/landing,2026-07-20T21:47:01Z,,40.7612,-73.96796,https://cdn-vno.reol.com/vno/img/c17a2f53c7b1b78a2d9ba73081051181ceae4953++600+0/n058_150east58thretail2_1486362924.jpg
Vornado Realty Trust,50 West 57Th Street,50 West 57Th Street,"Together with some of the most recognized luxury retailers in the world, Manhattan's prestigious 57th Street houses a selection of the most lavish hotels, residential and office buildings in the U.S. Vornado controls multiple properties along the desirable 57th Street retail corridor, which stretches from 6th Avenue to Park Avenue. Share the link by email Explore the Area Sustainability Fact Sheet (PDF)",Retail,,,,,,,,https://www.vno.com/street-retail/property/50-west-57th-street/3311756/landing,2026-07-20T21:47:01Z,,40.76387,-73.97651,https://cdn-vno.reol.com/vno/img/afcb3ef439ddb92dd20c8087f893af8a7d4da963++600+0/ua50_50west57thretailhero_1486363035.jpg
Vornado Realty Trust,61 Ninth Avenue,61 Ninth Avenue,"61 Ninth Avenue is adjacent to Apple's Meatpacking Flagship Store on Ninth Avenue and West 15th Street and across the street from the Chelsea Market and Google's NY Headquarters. 61 Ninth Avenue is home to Starbucks Roastery & Reserve, a 20,000 SF tasting room. Share the link by email Explore the Area Sustainability Fact Sheet (PDF)",Retail,,,,,,,,https://www.vno.com/street-retail/property/61-ninth-avenue/3312728/landing,2026-07-20T21:47:02Z,,40.7417257,-74.0049801,https://cdn-vno.reol.com/vno/img/eed3964bfc64cf5edcdef9e535ef7aa0cb5c9656++600+0/n61d_19kcjp_61ninth_retail_starbucksrr_09_large_1552975343.jpg
Vornado Realty Trust,85 Tenth Avenue,85 Tenth Avenue,"85 Tenth Avenue sits amidst one of New York's most luxurious cultural centers, surrounded by cultural influencers such as the Whitney Museum, Samsung 837 and Diane von Furstenberg. Steps from the beautiful High Line, Little Island at Pier 55 and Market 57 at Pier 57, as well as dozens of New York City's finest restaurants and galleries, 85 Tenth Avenue is directly adjacent to the cornerstone of the district, the Chelsea Market, between West Chelsea and the Meatpacking District. Share the link by email Explore the Area Sustainability Fact Sheet (PDF)",Retail,,,,,,,,https://www.vno.com/street-retail/property/85-tenth-avenue/3313613/landing,2026-07-20T21:47:03Z,,40.743232,-74.007644,https://cdn-vno.reol.com/vno/img/6ac255f4402429047355b0ebd059ea44e0dc147a++600+0/n85t_23kcjp_85tenth_highline_278_resized_1692165728.jpg
Vornado Realty Trust,770 Broadway,770 Broadway,"Originally the historic Wannamaker's department store, 770 Broadway is a 1.2-million-square-foot structure, fully restored and redeveloped by Vornado as a 24-7 ""live-work-play"" destination for companies such as Meta and Oath. There is over 166,000 square feet of retail in the building offering great column spacing and dramatic ceiling heights. Share the link by email Explore the Area Sustainability Fact Sheet (PDF)",Retail,,,,,,,,https://www.vno.com/street-retail/property/770-broadway/3311678/landing,2026-07-20T21:47:03Z,,40.73083,-73.99208,https://cdn-vno.reol.com/vno/img/4a547c31c03a7f473a0a093b1899a8505420f6c0++600+0/n077_24kcjp_499lafayette_bldg_111_1707807689.jpg
Vornado Realty Trust,4 Union Square,4 Union Square,"Completed in 2005, Vornado redeveloped 4 Union Square South from a single department store into 200,000 square feet of multi-tenant vertical retail. The building is a centrally located retail destination proximate to six residential districts, New York University and a major subway hub. 4 Union Square is home to DSW, Burlington and one of the city's first Whole Foods Market. Share the link by email Explore the Area Sustainability Fact Sheet (PDF)",Retail,,,,,,,,https://www.vno.com/street-retail/property/4-union-square/3311744/landing,2026-07-20T21:47:04Z,,40.73497,-73.99149,https://cdn-vno.reol.com/vno/img/de2f06996278835f72c712add1a12bf43df1fabe++600+0/rusq_22kcjp_4unionsq_sephora_retail_170_edit_1758002569.jpg
Vornado Realty Trust,310 Greenwich Street,310 Greenwich Street,"Independence Plaza is located on 4 acres of highly coveted real estate along the Hudson River in the heart of one of New York City's most sought after neighborhoods. Tribeca is home to influencers and A-listers from the music, film and fashion industries along with leading CEOs of the tech, finance and media worlds. It boasts a density of luxury homes, upscale boutique hotels, and the finest culinary establishments that the city has to offer drawing in the most affluent people from around the world. Share the link by email Explore the Area",Retail,,,,,,,,https://www.vno.com/street-retail/property/independence-plaza/310-greenwich-street/3311762/landing,2026-07-20T21:47:05Z,,40.719038,-74.010708,https://cdn-vno.reol.com/vno/img/4ad53d84842d7a32ac057e6e8e45894673fcab18++600+0/vipj_independenceplazaretail3_1486363041.jpg
Vornado Realty Trust,1131 Third Avenue,1131 Third Avenue,"Prominently located in the heart of the Upper East Side between 66th and 67th streets, 1131 Third Avenue is currently home to global brand Nike. With an affluent and populous residential culture and nearby to the luxury shopping corridor on Madison Avenue, this property provides retailers with prominence and prestige. Share the link by email Explore the Area",Retail,GROUND001,8767,Upon request,Leasing,"Director, Retail Leasing 212.894.7411",jdavis@vno.com,,https://www.vno.com/street-retail/property/1131-third-avenue/3311710/landing,2026-07-20T21:47:06Z,,40.765942,-73.96331,https://cdn-vno.reol.com/vno/img/8f570c961b18c09e5c2fef193cf45f4fa8e77779++600+0/r201_14kcjp_1133third_nike_21_1743055371.jpg
Vornado Realty Trust,1131 Third Avenue,1131 Third Avenue,"Prominently located in the heart of the Upper East Side between 66th and 67th streets, 1131 Third Avenue is currently home to global brand Nike. With an affluent and populous residential culture and nearby to the luxury shopping corridor on Madison Avenue, this property provides retailers with prominence and prestige. Share the link by email Explore the Area",Retail,SPACE A,4255,Upon request,Leasing,"Director, Retail Leasing 212.894.7411",jdavis@vno.com,,https://www.vno.com/street-retail/property/1131-third-avenue/3311710/landing,2026-07-20T21:47:06Z,,40.765942,-73.96331,https://cdn-vno.reol.com/vno/img/8f570c961b18c09e5c2fef193cf45f4fa8e77779++600+0/r201_14kcjp_1133third_nike_21_1743055371.jpg
Vornado Realty Trust,1131 Third Avenue,1131 Third Avenue,"Prominently located in the heart of the Upper East Side between 66th and 67th streets, 1131 Third Avenue is currently home to global brand Nike. With an affluent and populous residential culture and nearby to the luxury shopping corridor on Madison Avenue, this property provides retailers with prominence and prestige. Share the link by email Explore the Area",Retail,SPACE B,2302,Upon request,Leasing,"Director, Retail Leasing 212.894.7411",jdavis@vno.com,,https://www.vno.com/street-retail/property/1131-third-avenue/3311710/landing,2026-07-20T21:47:06Z,,40.765942,-73.96331,https://cdn-vno.reol.com/vno/img/8f570c961b18c09e5c2fef193cf45f4fa8e77779++600+0/r201_14kcjp_1133third_nike_21_1743055371.jpg
Vornado Realty Trust,1131 Third Avenue,1131 Third Avenue,"Prominently located in the heart of the Upper East Side between 66th and 67th streets, 1131 Third Avenue is currently home to global brand Nike. With an affluent and populous residential culture and nearby to the luxury shopping corridor on Madison Avenue, this property provides retailers with prominence and prestige. Share the link by email Explore the Area",Retail,SPACE C,1441,Upon request,Leasing,"Director, Retail Leasing 212.894.7411",jdavis@vno.com,,https://www.vno.com/street-retail/property/1131-third-avenue/3311710/landing,2026-07-20T21:47:06Z,,40.765942,-73.96331,https://cdn-vno.reol.com/vno/img/8f570c961b18c09e5c2fef193cf45f4fa8e77779++600+0/r201_14kcjp_1133third_nike_21_1743055371.jpg
Vornado Realty Trust,1131 Third Avenue,1131 Third Avenue,"Prominently located in the heart of the Upper East Side between 66th and 67th streets, 1131 Third Avenue is currently home to global brand Nike. With an affluent and populous residential culture and nearby to the luxury shopping corridor on Madison Avenue, this property provides retailers with prominence and prestige. Share the link by email Explore the Area",Retail,SPACE D,757,Upon request,Leasing,"Director, Retail Leasing 212.894.7411",jdavis@vno.com,,https://www.vno.com/street-retail/property/1131-third-avenue/3311710/landing,2026-07-20T21:47:06Z,,40.765942,-73.96331,https://cdn-vno.reol.com/vno/img/8f570c961b18c09e5c2fef193cf45f4fa8e77779++600+0/r201_14kcjp_1133third_nike_21_1743055371.jpg
